logical_name,scala_dependent_projects,scala_dependent_packages,language,repository_url,homepage,latest_release_published_at,total_dependent_packages,status,stars,last_repo_push,archived,example_purl
org.scala-lang:scala-library,8963,69423,Scala,https://github.com/scala/scala3,https://scala-lang.org/,2026-08-27T00:17:30Z,71160,,6291,2026-08-19T10:03:31.000Z,false,pkg:maven/org.scala-lang/scala-library
org.scalatest:scalatest,5151,27847,Scala,https://github.com/scalatest/scalatest,http://www.scalatest.org,2026-03-26T14:11:49Z,8554,,1167,2026-08-21T10:07:44.000Z,false,pkg:maven/org.scalatest/scalatest_2.12
org.scala-lang:scala3-library,2251,11484,Scala,https://github.com/scala/scala3,https://scala-lang.org/,2026-08-27T00:18:07Z,5432,,6291,2026-08-19T10:03:31.000Z,false,pkg:maven/org.scala-lang/scala3-library_3
org.scala-js:scalajs-library,1498,14011,Scala,https://github.com/scala-js/scala-js,https://www.scala-js.org/,2026-06-21T00:11:01Z,6013,,4710,2026-08-15T18:05:40.000Z,false,pkg:maven/org.scala-js/scalajs-library_2.13
org.scala-lang:scala-reflect,1378,9986,Scala,https://github.com/scala/scala,https://www.scala-lang.org/,2025-11-17T08:48:55Z,11154,,14567,2026-08-11T09:49:51.000Z,false,pkg:maven/org.scala-lang/scala-reflect
ch.qos.logback:logback-classic,1340,6919,Java,https://github.com/qos-ch/logback,http://logback.qos.ch,2026-08-15T01:55:17Z,26735,,3233,2026-08-23T11:47:27.000Z,false,pkg:maven/ch.qos.logback/logback-classic
org.scalacheck:scalacheck,1192,8300,Scala,https://github.com/typelevel/scalacheck,http://www.scalacheck.org,2025-09-06T19:54:43Z,2579,,1966,2026-07-27T18:48:22.000Z,false,pkg:maven/org.scalacheck/scalacheck_2.12
org.slf4j:slf4j-api,1065,6216,Java,https://github.com/qos-ch/slf4j,http://www.slf4j.org,2026-05-12T18:34:08Z,54638,,2518,2026-08-07T13:20:43.000Z,false,pkg:maven/org.slf4j/slf4j-api
org.scala-js:scalajs-test-bridge,1029,9897,Scala,https://github.com/scala-js/scala-js,https://www.scala-js.org/,2026-06-21T00:11:10Z,5363,,4710,2026-08-15T18:05:40.000Z,false,pkg:maven/org.scala-js/scalajs-test-bridge_2.13
org.typelevel:cats-core,998,5256,Scala,https://github.com/typelevel/cats,https://typelevel.org/cats,2025-01-20T20:29:29Z,1444,,5456,2026-08-21T12:13:32.000Z,false,pkg:maven/org.typelevel/cats-core_2.12
junit:junit,894,5422,Java,https://github.com/junit-team/junit4,http://junit.org,2021-02-13T16:31:54Z,97532,,8522,2026-08-13T04:47:03.000Z,false,pkg:maven/junit/junit
com.typesafe.akka:akka-actor,758,2143,Scala,https://github.com/akka/akka,https://akka.io/,2020-10-15T14:55:32Z,1049,,12644,2023-03-21T16:09:37.000Z,false,pkg:maven/com.typesafe.akka/akka-actor_2.11
org.typelevel:cats-effect,755,3662,Scala,https://github.com/typelevel/cats-effect,https://github.com/typelevel/cats-effect,2026-08-25T02:08:12Z,1078,,2236,2026-08-28T11:28:14.000Z,false,pkg:maven/org.typelevel/cats-effect_2.13
io.circe:circe-core,719,2784,Scala,https://github.com/circe/circe,https://github.com/circe/circe,2026-06-24T16:34:49Z,792,,2541,2026-07-23T08:36:23.000Z,false,pkg:maven/io.circe/circe-core_2.12
io.circe:circe-parser,702,2455,Scala,https://github.com/circe/circe,https://github.com/circe/circe,2026-06-25T00:01:52Z,739,,2541,2026-07-23T08:36:23.000Z,false,pkg:maven/io.circe/circe-parser_2.12
com.typesafe:config,683,2393,Java,https://github.com/lightbend/config,https://github.com/lightbend/config,2026-06-04T02:20:56Z,3550,,6312,2026-07-01T15:19:54.000Z,false,pkg:maven/com.typesafe/config
org.specs2:specs2-core,669,3657,Scala,https://github.com/etorreborre/specs2,http://specs2.org/,2021-01-18T17:33:55Z,1308,,734,2026-08-13T17:25:12.000Z,false,pkg:maven/org.specs2/specs2-core_2.11
org.scala-lang:scala-compiler,666,5429,Scala,https://github.com/scala/scala,https://www.scala-lang.org/,2025-11-17T08:48:55Z,6623,,14570,2026-08-24T20:51:23.000Z,false,pkg:maven/org.scala-lang/scala-compiler
io.circe:circe-generic,618,2089,Scala,https://github.com/circe/circe,https://github.com/circe/circe,2026-06-25T00:01:42Z,699,,2541,2026-07-23T08:36:23.000Z,false,pkg:maven/io.circe/circe-generic_2.12
org.apache.spark:spark-sql,608,2233,Scala,https://github.com/apache/spark,http://spark.apache.org/,2021-05-09T20:54:32Z,1197,,43858,2026-08-22T16:18:18.000Z,false,pkg:maven/org.apache.spark/spark-sql_2.11
com.typesafe.scala-logging:scala-logging,588,1995,Scala,https://github.com/lightbend/scala-logging,https://github.com/lightbend/scala-logging,2025-09-15T15:07:51Z,911,,887,2023-01-31T19:25:37.000Z,false,pkg:maven/com.typesafe.scala-logging/scala-logging_2.12
org.apache.spark:spark-core,584,2015,Scala,https://github.com/apache/spark,http://spark.apache.org/,2021-05-09T20:26:03Z,1401,,43901,2026-08-29T17:53:00.000Z,false,pkg:maven/org.apache.spark/spark-core_2.11
org.scalameta:munit,579,3591,Scala,https://github.com/scalameta/munit,https://github.com/scalameta/munit,2026-08-10T02:09:17Z,741,,472,2026-08-18T22:48:13.000Z,false,pkg:maven/org.scalameta/munit_2.13
org.scala-lang.modules:scala-collection-compat,546,4520,Scala,https://github.com/scala/scala-collection-compat,http://www.scala-lang.org/,2025-10-07T01:22:22Z,1780,,188,2023-03-18T19:48:50.000Z,false,pkg:maven/org.scala-lang.modules/scala-collection-compat_2.12
com.typesafe.akka:akka-stream,545,1770,Scala,https://github.com/akka/akka,https://akka.io/,2024-10-28T08:37:33Z,990,,13223,2025-10-18T05:06:10.000Z,false,pkg:maven/com.typesafe.akka/akka-stream_2.12
com.chuusai:shapeless,541,2392,Scala,https://github.com/milessabin/shapeless,https://github.com/milessabin/shapeless,2025-03-02T21:51:18Z,784,,3402,2026-08-23T08:01:53.000Z,false,pkg:maven/com.chuusai/shapeless_2.12
org.scala-js:scalajs-test-interface,535,3011,Scala,https://github.com/scala-js/scala-js,https://www.scala-js.org/,2026-06-20T13:01:02Z,1939,,4710,2026-08-15T18:05:40.000Z,false,pkg:maven/org.scala-js/scalajs-test-interface_2.12
com.typesafe.akka:akka-testkit,503,1933,Scala,https://github.com/akka/akka,https://akka.io/,2020-10-15T14:56:19Z,1086,,13223,2025-10-18T05:06:10.000Z,false,pkg:maven/com.typesafe.akka/akka-testkit_2.11
org.scala-lang.modules:scala-xml,441,1753,Scala,https://github.com/scala/scala-xml,http://www.scala-lang.org/,2023-07-17T09:53:00Z,744,,278,2023-03-18T19:50:24.000Z,false,pkg:maven/org.scala-lang.modules/scala-xml_2.11
org.scala-native:test-interface,437,2467,Scala,https://github.com/scala-native/scala-native,http://www.scala-native.org,2024-01-19T13:17:55Z,440,,4673,2026-07-27T03:35:08.000Z,false,pkg:maven/org.scala-native/test-interface_native0.4_2.13
commons-io:commons-io,433,1585,,https://gitbox.apache.org/repos/asf?p=commons-parent.git,https://commons.apache.org/proper/commons-io/,2026-04-19T12:01:24Z,21919,,,,,pkg:maven/commons-io/commons-io
joda-time:joda-time,421,1585,Java,https://github.com/JodaOrg/joda-time,https://www.joda.org/joda-time/,2026-07-26T13:05:36Z,8984,,4980,2026-07-26T13:33:54.000Z,false,pkg:maven/joda-time/joda-time
org.mockito:mockito-core,413,2411,Java,https://github.com/mockito/mockito,https://github.com/mockito/mockito,2026-03-12T02:08:04Z,25205,,15447,2026-08-10T18:54:33.000Z,false,pkg:maven/org.mockito/mockito-core
org.scala-native:scala3lib,409,1117,Scala,https://github.com/scala-native/scala-native,http://www.scala-native.org,2024-01-19T13:27:27Z,473,,4673,2026-07-27T03:35:08.000Z,false,pkg:maven/org.scala-native/scala3lib_native0.4_3
com.typesafe.play:play-json,408,1158,Scala,https://github.com/playframework/play-json,https://github.com/playframework/play-json,2019-06-12T10:46:10Z,427,,375,2026-08-22T00:16:11.000Z,false,pkg:maven/com.typesafe.play/play-json_2.11
org.scala-native:javalib,393,1448,Scala,https://github.com/scala-native/scala-native,http://www.scala-native.org,2024-01-19T13:16:36Z,267,,4673,2026-07-27T03:35:08.000Z,false,pkg:maven/org.scala-native/javalib_native0.4_2.13
com.google.guava:guava,392,1462,Java,https://github.com/google/guava,https://github.com/google/guava,2014-02-03T22:45:28Z,29526,,51890,2026-08-25T23:31:41.000Z,false,pkg:maven/com.google.guava/guava
co.fs2:fs2-core,387,1576,Scala,https://github.com/typelevel/fs2,https://typelevel.org/fs2,2026-03-12T18:31:42Z,389,,2448,2026-08-07T04:51:06.000Z,false,pkg:maven/co.fs2/fs2-core_2.12
com.typesafe.akka:akka-http,378,1129,Scala,https://github.com/akka/akka-http,https://akka.io,2023-10-16T09:31:06Z,708,,1350,2026-08-12T14:57:14.000Z,false,pkg:maven/com.typesafe.akka/akka-http_2.12
org.scala-native:nativelib,376,1446,Scala,https://github.com/scala-native/scala-native,http://www.scala-native.org,2024-01-19T13:15:23Z,271,,4673,2026-07-27T03:35:08.000Z,false,pkg:maven/org.scala-native/nativelib_native0.4_2.13
dev.zio:zio,371,2985,Scala,https://github.com/zio/zio,https://zio.dev,2026-05-07T00:21:35Z,813,,4407,2026-08-22T01:12:38.000Z,false,pkg:maven/dev.zio/zio_2.13
org.scala-native:auxlib,370,1399,Scala,https://github.com/scala-native/scala-native,http://www.scala-native.org,2024-01-19T13:15:26Z,267,,4673,2026-07-27T03:35:08.000Z,false,pkg:maven/org.scala-native/auxlib_native0.4_2.13
org.scoverage:scalac-scoverage-runtime,348,1372,Scala,https://github.com/scoverage/scalac-scoverage-plugin,http://scoverage.org/,2022-01-11T11:57:30Z,1914,,439,2026-08-25T12:20:44.000Z,false,pkg:maven/org.scoverage/scalac-scoverage-runtime_2.11
org.scalactic:scalactic,343,1248,Scala,https://github.com/scalatest/scalatest,http://www.scalatest.org,2026-03-25T12:23:14Z,472,,1167,2026-08-21T10:07:44.000Z,false,pkg:maven/org.scalactic/scalactic_2.12
org.scala-js:scalajs-scalalib,334,1657,Scala,https://github.com/scala/scala3,https://scala-lang.org/,2026-08-27T00:17:15Z,0,,6291,2026-08-19T10:03:31.000Z,false,pkg:maven/org.scala-js/scalajs-scalalib_2.13
org.scoverage:scalac-scoverage-plugin,332,1281,Scala,https://github.com/scoverage/scalac-scoverage-plugin,https://github.com/scoverage/scalac-scoverage-plugin,2019-11-19T13:38:21Z,1889,,439,2026-08-25T12:20:44.000Z,false,pkg:maven/org.scoverage/scalac-scoverage-plugin_2.11
com.fasterxml.jackson.module:jackson-module-scala,331,1004,Scala,https://github.com/FasterXML/jackson-module-scala,https://github.com/FasterXML/jackson-module-scala,2026-08-17T02:23:33Z,566,,506,2026-08-23T22:39:06.000Z,false,pkg:maven/com.fasterxml.jackson.module/jackson-module-scala_2.11
org.scala-native:scalalib,331,1682,Scala,https://github.com/scala-native/scala-native,http://www.scala-native.org,2024-01-19T13:17:49Z,507,,4673,2026-07-27T03:35:08.000Z,false,pkg:maven/org.scala-native/scalalib_native0.4_2.13
com.fasterxml.jackson.core:jackson-databind,327,1296,Java,https://github.com/FasterXML/jackson-databind,https://github.com/FasterXML/jackson,2026-08-17T02:23:03Z,23566,,3746,2026-08-16T17:40:52.000Z,false,pkg:maven/com.fasterxml.jackson.core/jackson-databind
org.scalaz:scalaz-core,318,1703,Scala,https://github.com/scalaz/scalaz,http://scalaz.org,2022-11-25T07:58:43Z,482,,4673,2026-08-24T22:08:56.000Z,false,pkg:maven/org.scalaz/scalaz-core_2.11
com.novocode:junit-interface,314,2474,Java,https://github.com/sbt/junit-interface.git,http://github.com/sbt/junit-interface/,2014-08-14T08:27:45Z,3518,,131,2021-12-29T17:24:22.000Z,false,pkg:maven/com.novocode/junit-interface
com.typesafe.play:play,305,904,Scala,https://github.com/playframework/playframework,https://playframework.com,2020-12-14T10:31:03Z,413,,12617,2026-08-11T23:52:00.000Z,false,pkg:maven/com.typesafe.play/play_2.11
com.typesafe.akka:akka-slf4j,298,907,Scala,https://github.com/akka/akka,https://akka.io/,2024-10-28T08:37:32Z,569,,13223,2025-10-18T05:06:10.000Z,false,pkg:maven/com.typesafe.akka/akka-slf4j_2.12
org.scala-lang.modules:scala-parser-combinators,287,916,Scala,https://github.com/scala/scala-parser-combinators,http://www.scala-lang.org/,2024-04-18T04:38:50Z,467,,678,2026-08-08T00:45:00.000Z,false,pkg:maven/org.scala-lang.modules/scala-parser-combinators_2.12
org.scala-js:scalajs-dom,281,1084,Scala,https://github.com/scala-js/scala-js-dom,https://scala-js.org,2025-07-23T13:20:17Z,301,,282,2023-03-11T20:50:43.000Z,false,pkg:maven/org.scala-js/scalajs-dom_sjs1_2.13
org.specs2:specs2,279,908,Scala,https://github.com/etorreborre/specs2,http://specs2.org/,2015-03-31T21:48:00Z,801,,734,2026-08-30T10:26:13.000Z,false,pkg:maven/org.specs2/specs2_2.10
org.slf4j:slf4j-simple,272,950,Java,https://github.com/qos-ch/slf4j,http://www.slf4j.org,2026-05-12T18:34:08Z,12084,,2518,2026-08-07T13:20:43.000Z,false,pkg:maven/org.slf4j/slf4j-simple
org.typelevel:scalac-compat-annotation,270,3182,Scala,https://github.com/typelevel/scalac-compat,https://github.com/typelevel/scalac-compat,2023-12-23T20:31:01Z,252,,9,2026-08-09T08:21:00.000Z,false,pkg:maven/org.typelevel/scalac-compat-annotation_3
org.json4s:json4s-native,266,680,Scala,https://github.com/json4s/json4s,https://github.com/json4s/json4s,2022-09-29T06:48:04Z,365,,1485,2026-08-20T05:32:53.000Z,false,pkg:maven/org.json4s/json4s-native_2.11
com.h2database:h2,265,1282,Java,https://github.com/h2database/h2database,https://h2database.com,2025-09-24T16:31:56Z,7857,,4622,2026-08-24T01:18:51.000Z,false,pkg:maven/com.h2database/h2
dev.zio:zio-test,264,2749,Scala,https://github.com/zio/zio,https://zio.dev,2026-05-07T02:22:48Z,1014,,4412,2026-08-28T03:25:51.000Z,false,pkg:maven/dev.zio/zio-test_2.13
org.mockito:mockito-all,260,1603,Java,https://github.com/mockito/mockito,http://www.mockito.org,2014-12-31T16:43:36Z,12283,,15445,2026-08-07T18:03:00.000Z,false,pkg:maven/org.mockito/mockito-all
dev.zio:zio-test-sbt,257,1773,Scala,https://github.com/zio/zio,https://zio.dev,2026-05-07T00:24:16Z,392,,4407,2026-08-22T01:12:38.000Z,false,pkg:maven/dev.zio/zio-test-sbt_2.13
com.typesafe.play:play-test,253,678,Scala,https://github.com/playframework/playframework,https://playframework.com,2020-12-14T10:31:27Z,328,,12621,2026-08-24T21:23:35.000Z,false,pkg:maven/com.typesafe.play/play-test_2.11
com.lihaoyi:utest,246,1737,Scala,https://github.com/com-lihaoyi/utest,https://github.com/com-lihaoyi/utest,2026-01-09T05:00:31Z,369,,507,2026-01-22T23:21:51.000Z,false,pkg:maven/com.lihaoyi/utest_2.12
org.joda:joda-convert,246,948,Java,https://github.com/JodaOrg/joda-convert,https://www.joda.org/joda-convert/,2024-10-06T10:14:20Z,1335,,89,2025-08-15T21:48:35.000Z,false,pkg:maven/org.joda/joda-convert
org.scala-native:posixlib,245,868,Scala,https://github.com/scala-native/scala-native,http://www.scala-native.org,2022-11-24T10:09:16Z,1,,4673,2026-07-27T03:35:08.000Z,false,pkg:maven/org.scala-native/posixlib_native0.4_2.11
org.scala-native:clib,245,879,Scala,https://github.com/scala-native/scala-native,http://www.scala-native.org,2022-11-24T10:08:15Z,3,,4673,2026-07-27T03:35:08.000Z,false,pkg:maven/org.scala-native/clib_native0.4_2.11
org.scala-native:windowslib,244,862,Scala,https://github.com/scala-native/scala-native,http://www.scala-native.org,2022-11-24T10:09:13Z,1,,4673,2026-07-27T03:35:08.000Z,false,pkg:maven/org.scala-native/windowslib_native0.4_2.11
org.json4s:json4s-jackson,241,613,Scala,https://github.com/json4s/json4s,https://github.com/json4s/json4s,2022-09-29T06:47:11Z,344,,1485,2026-08-27T11:12:26.000Z,false,pkg:maven/org.json4s/json4s-jackson_2.11
org.http4s:http4s-dsl,240,783,Scala,https://github.com/http4s/http4s,https://http4s.org/,2026-07-08T00:11:10Z,256,,2621,2026-07-21T17:23:28.000Z,false,pkg:maven/org.http4s/http4s-dsl_2.12
commons-codec:commons-codec,238,906,Java,https://github.com/apache/commons-codec,https://commons.apache.org/proper/commons-codec/,2026-07-30T23:55:34Z,11225,,490,2026-08-22T12:27:34.000Z,false,pkg:maven/commons-codec/commons-codec
io.spray:spray-json,238,627,Scala,https://github.com/spray/spray,https://github.com/spray/spray-json,2020-11-10T13:18:58Z,232,,2493,2017-02-21T11:03:37.000Z,true,pkg:maven/io.spray/spray-json_2.11
org.scala-sbt:sbt,237,438,Scala,https://github.com/sbt/sbt,https://github.com/sbt/sbt,2026-08-29T02:07:33Z,61,,4936,2026-08-24T07:38:07.000Z,false,pkg:maven/org.scala-sbt/sbt
org.apache.commons:commons-lang3,230,847,,https://gitbox.apache.org/repos/asf/commons-lang.git,https://commons.apache.org/proper/commons-lang/,2025-11-12T20:08:07Z,22625,,,,,pkg:maven/org.apache.commons/commons-lang3
org.postgresql:postgresql,229,798,Java,https://github.com/pgjdbc/pgjdbc,https://jdbc.postgresql.org,2026-07-06T19:08:30Z,3652,,1731,2026-08-23T08:20:17.000Z,false,pkg:maven/org.postgresql/postgresql
com.github.scopt:scopt,221,663,Scala,https://github.com/scopt/scopt,https://github.com/scopt/scopt,2022-07-02T19:59:51Z,277,,1444,2026-08-12T04:06:51.000Z,false,pkg:maven/com.github.scopt/scopt_2.12
co.fs2:fs2-io,220,1001,Scala,https://github.com/typelevel/fs2,https://typelevel.org/fs2,2026-03-12T18:31:42Z,249,,2451,2026-08-24T18:08:23.000Z,false,pkg:maven/co.fs2/fs2-io_2.13
org.slf4j:slf4j-log4j12,204,1090,Java,https://github.com/qos-ch/slf4j,http://www.slf4j.org,2026-05-12T18:34:08Z,13700,,2518,2026-08-07T13:20:43.000Z,false,pkg:maven/org.slf4j/slf4j-log4j12
com.typesafe.akka:akka-stream-testkit,203,683,Scala,https://github.com/akka/akka,https://akka.io/,2024-10-28T08:37:52Z,477,,12644,2023-03-21T16:09:37.000Z,false,pkg:maven/com.typesafe.akka/akka-stream-testkit_2.12
org.specs2:specs2-scalacheck,194,1325,Scala,https://github.com/etorreborre/specs2,https://github.com/etorreborre/specs2,2025-10-20T08:34:06Z,464,,734,2026-08-30T10:26:13.000Z,false,pkg:maven/org.specs2/specs2-scalacheck_2.12
org.apache.spark:spark-mllib,193,588,Scala,https://github.com/apache/spark,http://spark.apache.org/,2021-05-09T20:42:33Z,444,,43858,2026-08-22T16:18:18.000Z,false,pkg:maven/org.apache.spark/spark-mllib_2.11
com.typesafe.akka:akka-http-testkit,192,563,Scala,https://github.com/akka/akka-http,https://akka.io,2023-10-16T09:31:08Z,401,,1350,2026-08-24T06:53:27.000Z,false,pkg:maven/com.typesafe.akka/akka-http-testkit_2.12
com.fasterxml.jackson.core:jackson-core,187,820,Java,https://github.com/FasterXML/jackson-core,https://github.com/FasterXML/jackson-core,2026-08-17T02:23:03Z,12374,,2380,2026-08-21T20:09:53.000Z,false,pkg:maven/com.fasterxml.jackson.core/jackson-core
com.typesafe.play:twirl-api,182,411,Scala,https://github.com/playframework/twirl,https://github.com/playframework/twirl,2019-06-12T07:58:10Z,213,,558,2025-10-08T09:53:03.000Z,false,pkg:maven/com.typesafe.play/twirl-api_2.11
ch.qos.logback:logback-core,181,772,Java,https://github.com/qos-ch/logback,http://logback.qos.ch,2026-08-15T01:55:17Z,5539,,3233,2026-08-23T11:47:27.000Z,false,pkg:maven/ch.qos.logback/logback-core
dev.zio:zio-streams,181,1910,Scala,https://github.com/zio/zio,https://zio.dev,2026-05-06T11:08:00Z,528,,4407,2026-08-22T01:12:38.000Z,false,pkg:maven/dev.zio/zio-streams_2.13
com.lihaoyi:upickle,181,621,Scala,https://github.com/com-lihaoyi/upickle,https://github.com/lihaoyi/upickle,2026-02-14T05:16:47Z,139,,755,2025-11-03T05:55:58.000Z,false,pkg:maven/com.lihaoyi/upickle_2.12
com.beachape:enumeratum,180,1193,Scala,https://github.com/lloydmeta/enumeratum,https://github.com/lloydmeta/enumeratum,2026-03-07T09:42:00Z,442,,1211,2025-10-01T10:02:34.000Z,false,pkg:maven/com.beachape/enumeratum_2.12
org.scala-lang.modules:scala-java8-compat,177,1420,Scala,https://github.com/scala/scala-java8-compat,http://www.scala-lang.org/,2021-10-28T01:51:45Z,524,,437,2023-02-13T20:25:25.000Z,false,pkg:maven/org.scala-lang.modules/scala-java8-compat_2.12
org.scala-lang:scala3-library_3.0.0-RC1,173,422,Scala,https://github.com/lampepfl/dotty,https://github.com/lampepfl/dotty,2021-02-03T04:19:53Z,517,,5257,2023-03-21T13:25:51.000Z,false,pkg:maven/org.scala-lang/scala3-library_3.0.0-RC1
org.apache.logging.log4j:log4j-core,171,684,Java,https://github.com/apache/logging-log4j2,https://logging.apache.org/log4j/3.x/,2026-06-29T07:44:53Z,8839,,3613,2026-08-21T16:56:41.000Z,false,pkg:maven/org.apache.logging.log4j/log4j-core
org.scala-lang:scala3-library_3.0.0-RC2,170,407,Scala,https://github.com/lampepfl/dotty,https://github.com/lampepfl/dotty,2021-03-29T04:01:20Z,458,,5257,2023-03-21T13:25:51.000Z,false,pkg:maven/org.scala-lang/scala3-library_3.0.0-RC2
org.apache.httpcomponents:httpclient,169,542,Java,https://github.com/apache/httpcomponents-client,http://hc.apache.org/httpcomponents-client-ga,2022-11-30T18:40:54Z,11971,,1534,2026-08-22T12:47:00.000Z,false,pkg:maven/org.apache.httpcomponents/httpclient
org.typelevel:cats-laws,169,1507,Scala,https://github.com/typelevel/cats,https://typelevel.org/cats,2025-01-20T20:29:19Z,302,,5456,2026-08-21T12:13:32.000Z,false,pkg:maven/org.typelevel/cats-laws_2.12
io.github.cquiroz:scala-java-time,169,848,Scala,https://github.com/cquiroz/scala-java-time,https://github.com/cquiroz/scala-java-time,2026-06-14T03:30:19Z,132,,130,2026-08-01T12:02:25.000Z,false,pkg:maven/io.github.cquiroz/scala-java-time_sjs1_2.13
com.google.protobuf:protobuf-java,168,700,C++,https://github.com/protocolbuffers/protobuf,https://developers.google.com/protocol-buffers/,2026-09-02T02:23:57Z,5130,,71831,2026-08-29T10:11:54.000Z,false,pkg:maven/com.google.protobuf/protobuf-java
org.http4s:http4s-circe,168,496,Scala,https://github.com/http4s/http4s,https://http4s.org/,2026-07-08T00:11:19Z,154,,2626,2026-08-24T01:20:09.000Z,false,pkg:maven/org.http4s/http4s-circe_2.12
org.typelevel:munit-cats-effect,162,1150,Scala,https://github.com/typelevel/munit-cats-effect,https://typelevel.org/munit-cats-effect,2026-03-09T08:34:27Z,84,,159,2026-08-02T05:31:52.000Z,false,pkg:maven/org.typelevel/munit-cats-effect_2.13
org.scalameta:munit-scalacheck,159,1343,Scala,https://github.com/scalameta/munit-scalacheck,https://github.com/scalameta/munit,2026-04-12T15:46:22Z,268,,5,2026-08-14T08:04:53.000Z,false,pkg:maven/org.scalameta/munit-scalacheck_2.13
org.scala-lang:scala3-library_3.0.0-RC3,159,414,Scala,https://github.com/lampepfl/dotty,https://github.com/lampepfl/dotty,2021-04-19T16:06:51Z,465,,5257,2023-03-21T13:25:51.000Z,false,pkg:maven/org.scala-lang/scala3-library_3.0.0-RC3
org.apache.logging.log4j:log4j-api,153,773,Java,https://github.com/apache/logging-log4j2,https://logging.apache.org/log4j/3.x/,2026-06-29T07:47:30Z,7277,,3612,2026-08-03T10:29:32.000Z,false,pkg:maven/org.apache.logging.log4j/log4j-api
org.scalamock:scalamock,150,613,Scala,https://github.com/scalamock/scalamock,http://scalamock.org/,2026-02-01T16:15:00Z,291,,548,2025-09-10T13:30:18.000Z,false,pkg:maven/org.scalamock/scalamock_2.12
org.scalamock:scalamock-scalatest-support,149,464,Scala,https://github.com/paulbutcher/ScalaMock,http://scalamock.org/,2017-05-06T20:03:19Z,301,,478,2023-03-10T17:55:50.000Z,false,pkg:maven/org.scalamock/scalamock-scalatest-support_2.11
com.google.code.findbugs:jsr305,146,1235,,https://code.google.com/p/jsr-305/,http://findbugs.sourceforge.net/,2017-03-31T04:55:48Z,11503,,,,,pkg:maven/com.google.code.findbugs/jsr305
org.apache.hadoop:hadoop-client,145,609,,"",,2026-03-24T17:16:05Z,1505,,,,,pkg:maven/org.apache.hadoop/hadoop-client
mysql:mysql-connector-java,143,466,Java,"",,2023-03-07T16:15:54Z,6378,,692,2022-10-17T21:33:20.000Z,false,pkg:maven/mysql/mysql-connector-java
org.apache.avro:avro,140,582,Java,https://github.com/apache/avro,https://avro.apache.org,2026-08-18T02:00:33Z,1964,,3299,2026-08-18T07:12:38.000Z,false,pkg:maven/org.apache.avro/avro
log4j:log4j,140,1122,,http://svn.apache.org/viewvc/logging/log4j/tags/v1_2_17_rc3,http://logging.apache.org/log4j/1.2/,2012-05-26T09:43:39Z,13845,,,,,pkg:maven/log4j/log4j
com.thesamet.scalapb:scalapb-runtime,138,567,Scala,https://github.com/scalapb/ScalaPB,https://github.com/scalapb/ScalaPB,2025-08-23T18:07:41Z,189,,1339,2026-08-28T00:28:52.000Z,false,pkg:maven/com.thesamet.scalapb/scalapb-runtime_2.12
org.specs2:specs2-mock,137,679,Scala,https://github.com/etorreborre/specs2,https://github.com/etorreborre/specs2,2025-10-20T08:34:06Z,286,,734,2026-08-13T17:25:12.000Z,false,pkg:maven/org.specs2/specs2-mock_2.12
org.pegdown:pegdown,136,544,Java,https://github.com/sirthias/pegdown,http://pegdown.org,2015-09-18T10:01:13Z,952,,1289,2016-12-14T18:43:59.000Z,false,pkg:maven/org.pegdown/pegdown
eu.timepit:refined,136,668,Scala,https://github.com/fthomas/refined,https://github.com/fthomas/refined,2026-06-30T23:54:59Z,175,,1731,2026-08-21T16:23:41.000Z,false,pkg:maven/eu.timepit/refined_2.12
com.lihaoyi:fastparse,134,466,Scala,https://github.com/com-lihaoyi/fastparse,https://github.com/lihaoyi/fastparse,2024-07-04T01:40:44Z,120,,1135,2026-01-14T11:43:59.000Z,false,pkg:maven/com.lihaoyi/fastparse_2.12
org.apache.spark:spark-hive,133,382,Scala,https://github.com/apache/spark,http://spark.apache.org/,2021-05-09T20:33:01Z,298,,43858,2026-08-22T16:18:18.000Z,false,pkg:maven/org.apache.spark/spark-hive_2.11
org.scala-lang:scala3-library_3.0.0-M3,131,303,Scala,https://github.com/lampepfl/dotty,https://github.com/lampepfl/dotty,2020-12-17T04:11:01Z,396,,5257,2023-03-21T13:25:51.000Z,false,pkg:maven/org.scala-lang/scala3-library_3.0.0-M3
org.apache.spark:spark-streaming,129,470,Scala,https://github.com/apache/spark,http://spark.apache.org/,2021-05-09T21:06:33Z,352,,43858,2026-08-22T16:18:18.000Z,false,pkg:maven/org.apache.spark/spark-streaming_2.11
io.circe:circe-generic-extras,129,333,Scala,https://github.com/circe/circe-generic-extras,https://github.com/circe/circe-generic-extras,2024-07-26T22:27:49Z,172,,72,2025-08-15T09:20:07.000Z,false,pkg:maven/io.circe/circe-generic-extras_2.12
com.typesafe.slick:slick,128,379,Scala,https://github.com/slick/slick,http://slick.typesafe.com,2020-09-08T22:06:10Z,121,,2664,2026-08-07T23:30:13.000Z,false,pkg:maven/com.typesafe.slick/slick_2.11
com.lihaoyi:os-lib,128,395,Scala,https://github.com/com-lihaoyi/os-lib,https://github.com/com-lihaoyi/os-lib,2026-02-01T00:34:56Z,117,,724,2025-08-01T08:31:36.000Z,false,pkg:maven/com.lihaoyi/os-lib_2.13
org.apache.hadoop:hadoop-common,125,538,,"",,2026-03-24T16:57:21Z,2487,,,,,pkg:maven/org.apache.hadoop/hadoop-common
com.github.pathikrit:better-files,124,320,Scala,https://github.com/pathikrit/better-files,https://github.com/pathikrit/better-files,2023-02-07T18:39:21Z,172,,1452,2023-02-24T12:07:43.000Z,false,pkg:maven/com.github.pathikrit/better-files_2.12
com.lihaoyi:sourcecode,122,586,Scala,https://github.com/com-lihaoyi/sourcecode,https://github.com/com-lihaoyi/sourcecode,2025-09-01T09:11:29Z,136,,543,2025-10-15T13:46:58.000Z,false,pkg:maven/com.lihaoyi/sourcecode_2.12
org.specs2:specs2-junit,122,953,Scala,https://github.com/etorreborre/specs2,http://specs2.org/,2021-01-18T17:34:38Z,434,,734,2026-08-13T17:25:12.000Z,false,pkg:maven/org.specs2/specs2-junit_2.11
org.http4s:http4s-core,121,565,Scala,https://github.com/http4s/http4s,https://http4s.org/,2026-07-07T00:55:34Z,126,,2621,2026-07-21T17:23:28.000Z,false,pkg:maven/org.http4s/http4s-core_2.12
org.apache.kafka:kafka-clients,120,444,,"",https://kafka.apache.org,2026-06-17T18:46:39Z,2034,,,,,pkg:maven/org.apache.kafka/kafka-clients
org.scalameta:scalameta,119,898,Scala,https://github.com/scalameta/scalameta,https://github.com/scalameta/scalameta,2026-07-24T00:33:24Z,438,,1155,2026-08-26T03:24:26.000Z,false,pkg:maven/org.scalameta/scalameta_2.13
org.slf4j:log4j-over-slf4j,118,576,Java,https://github.com/qos-ch/slf4j,http://www.slf4j.org,2026-05-12T18:34:08Z,3242,,2520,2026-08-25T14:57:33.000Z,false,pkg:maven/org.slf4j/log4j-over-slf4j
org.scalamacros:quasiquotes,117,390,Scala,https://github.com/scalamacros/paradise,https://github.com/scalamacros/paradise,2017-12-19T23:09:41Z,451,,160,2022-09-14T23:57:55.000Z,false,pkg:maven/org.scalamacros/quasiquotes_2.10
com.lihaoyi:pprint,116,507,Scala,https://github.com/com-lihaoyi/PPrint,https://github.com/com-lihaoyi/PPrint,2025-12-04T03:32:32Z,213,,248,2026-05-28T09:20:16.000Z,false,pkg:maven/com.lihaoyi/pprint_2.12
com.fasterxml.jackson.core:jackson-annotations,116,351,Java,https://github.com/FasterXML/jackson-annotations,http://github.com/FasterXML/jackson,2025-10-29T23:19:15Z,11535,,1068,2026-08-16T03:14:14.000Z,false,pkg:maven/com.fasterxml.jackson.core/jackson-annotations
org.scalatest:scalatest_2.9.2,116,231,,http://code.google.com/p/scalatest/source/browse/,http://www.scalatest.org,2013-09-10T16:37:26Z,345,,,,,pkg:maven/org.scalatest/scalatest_2.9.2
org.scalatestplus:scalacheck-1-14,115,688,Scala,https://github.com/scalatest/scalatestplus-scalacheck,https://github.com/scalatest/scalatestplus-scalacheck,2020-08-28T14:27:57Z,396,,59,2026-03-26T13:56:11.000Z,false,pkg:maven/org.scalatestplus/scalacheck-1-14_2.13
org.typelevel:cats-free,115,580,Scala,https://github.com/typelevel/cats,https://typelevel.org/cats,2025-01-20T20:29:25Z,189,,5456,2026-08-21T12:13:32.000Z,false,pkg:maven/org.typelevel/cats-free_2.12
org.http4s:http4s-client,113,453,Scala,https://github.com/http4s/http4s,https://http4s.org/,2026-07-07T00:55:34Z,109,,2621,2026-07-21T17:23:28.000Z,false,pkg:maven/org.http4s/http4s-client_2.13
com.typesafe.play:play-server,113,271,Scala,https://github.com/playframework/playframework,https://playframework.com,2020-12-14T10:30:45Z,147,,12621,2026-08-24T21:23:35.000Z,false,pkg:maven/com.typesafe.play/play-server_2.11
org.scalaj:scalaj-http,109,222,Scala,https://github.com/scalaj/scalaj-http,http://github.com/scalaj/scalaj-http,2019-06-15T17:02:54Z,128,,966,2022-04-03T21:19:24.000Z,true,pkg:maven/org.scalaj/scalaj-http_2.11
org.http4s:http4s-blaze-client,109,304,Scala,https://github.com/http4s/http4s,https://http4s.org/,2026-07-24T00:10:17Z,157,,2621,2026-07-21T17:23:28.000Z,false,pkg:maven/org.http4s/http4s-blaze-client_2.12
org.scalatest:scalatest_2.13.0-M5,109,262,Scala,https://github.com/scalatest/scalatest,http://www.scalatest.org,2019-03-19T02:45:38Z,308,,1167,2026-08-21T10:07:44.000Z,false,pkg:maven/org.scalatest/scalatest_2.13.0-M5
io.monix:monix,108,411,Scala,https://github.com/monix/monix,https://monix.io,2022-05-07T18:36:13Z,177,,1931,2026-08-23T16:47:13.000Z,false,pkg:maven/io.monix/monix_2.12
javax.servlet:javax.servlet-api,108,634,Java,https://github.com/javaee/servlet-spec,https://javaee.github.io/servlet-spec/,2018-04-20T07:19:20Z,14401,,259,2018-06-06T09:43:56.000Z,true,pkg:maven/javax.servlet/javax.servlet-api
com.typesafe.play:play-ws,108,256,Scala,https://github.com/playframework/playframework,https://playframework.com,2020-12-14T10:30:43Z,161,,12617,2026-08-11T23:52:00.000Z,false,pkg:maven/com.typesafe.play/play-ws_2.11
org.apache.commons:commons-compress,107,309,,https://gitbox.apache.org/repos/asf?p=commons-compress.git,https://commons.apache.org/proper/commons-compress/,2025-07-26T20:45:40Z,2934,,,,,pkg:maven/org.apache.commons/commons-compress
org.slf4j:slf4j-nop,107,424,Java,https://github.com/qos-ch/slf4j,http://www.slf4j.org,2026-05-12T18:34:08Z,1553,,2518,2026-08-07T13:20:43.000Z,false,pkg:maven/org.slf4j/slf4j-nop
org.apache.commons:commons-math3,104,393,,https://git-wip-us.apache.org/repos/asf?p=commons-math.git,http://commons.apache.org/proper/commons-math/,2016-03-17T17:35:11Z,2464,,,,,pkg:maven/org.apache.commons/commons-math3
com.typesafe.akka:akka-http-core,104,258,Scala,https://github.com/akka/akka-http,https://akka.io,2023-10-16T09:31:06Z,231,,1350,2026-08-12T14:57:14.000Z,false,pkg:maven/com.typesafe.akka/akka-http-core_2.12
com.typesafe.play:play-logback,102,204,Scala,https://github.com/playframework/playframework,https://playframework.com,2020-12-14T10:30:58Z,119,,12621,2026-08-24T21:23:35.000Z,false,pkg:maven/com.typesafe.play/play-logback_2.11
org.scodec:scodec-bits,101,495,Scala,https://github.com/scodec/scodec-bits,https://github.com/scodec/scodec-bits,2026-05-07T16:03:49Z,101,,120,2026-07-14T13:57:47.000Z,false,pkg:maven/org.scodec/scodec-bits_2.13
org.apache.logging.log4j:log4j-slf4j-impl,100,590,Java,https://github.com/apache/logging-log4j2,https://logging.apache.org/log4j/3.x/,2026-06-29T07:47:16Z,6382,,3613,2026-08-21T16:56:41.000Z,false,pkg:maven/org.apache.logging.log4j/log4j-slf4j-impl
org.http4s:http4s-blaze-server,100,315,Scala,https://github.com/http4s/http4s,https://http4s.org/,2026-07-23T13:48:52Z,163,,2626,2026-08-24T01:20:09.000Z,false,pkg:maven/org.http4s/http4s-blaze-server_2.12
org.apache.kafka:kafka,99,291,,"",https://kafka.apache.org,2020-03-03T01:28:22Z,618,,,,,pkg:maven/org.apache.kafka/kafka_2.11
com.lihaoyi:scalatags,99,342,Scala,https://github.com/com-lihaoyi/scalatags,https://github.com/com-lihaoyi/scalatags,2024-04-15T03:02:08Z,74,,773,2025-07-11T01:21:23.000Z,false,pkg:maven/com.lihaoyi/scalatags_2.12
org.scalatest:scalatest_2.9.1,99,185,Scala,https://github.com/scalatest/scalatest,http://www.scalatest.org,2013-09-10T16:43:14Z,377,,1167,2026-08-21T10:07:44.000Z,false,pkg:maven/org.scalatest/scalatest_2.9.1
com.zaxxer:HikariCP,98,280,Java,https://github.com/brettwooldridge/HikariCP,https://github.com/brettwooldridge/HikariCP,2026-06-14T18:53:25Z,2621,,21190,2026-06-14T21:05:22.000Z,false,pkg:maven/com.zaxxer/HikariCP
org.slf4j:jul-to-slf4j,97,408,Java,https://github.com/qos-ch/slf4j,http://www.slf4j.org,2026-05-12T18:34:08Z,3623,,2520,2026-08-25T14:57:33.000Z,false,pkg:maven/org.slf4j/jul-to-slf4j
org.eclipse.jetty:jetty-server,96,362,Java,https://github.com/jetty/jetty.project,https://jetty.org,2026-08-06T02:34:03Z,3819,,4092,2026-09-01T14:20:17.000Z,false,pkg:maven/org.eclipse.jetty/jetty-server
com.github.nscala-time:nscala-time,96,232,Scala,https://github.com/nscala-time/nscala-time,https://github.com/nscala-time/nscala-time,2025-01-11T01:36:35Z,115,,866,2026-08-10T23:36:28.000Z,false,pkg:maven/com.github.nscala-time/nscala-time_2.11
org.scala-lang.modules:scala-parallel-collections,95,189,Scala,https://github.com/scala/scala-parallel-collections,http://www.scala-lang.org/,2025-01-07T18:36:04Z,172,,219,2026-08-21T23:17:52.000Z,false,pkg:maven/org.scala-lang.modules/scala-parallel-collections_2.13
org.tpolecat:doobie-core,95,303,Scala,https://github.com/typelevel/doobie,https://github.com/typelevel/doobie,2021-05-23T19:09:54Z,104,,2225,2026-08-28T03:12:28.000Z,false,pkg:maven/org.tpolecat/doobie-core_2.12
com.typesafe.akka:akka-http-spray-json,94,230,Scala,https://github.com/akka/akka-http,https://akka.io,2023-10-16T09:31:03Z,240,,1350,2026-08-24T06:53:27.000Z,false,pkg:maven/com.typesafe.akka/akka-http-spray-json_2.12
org.scala-lang:scala3-library_3.0.0-M2,93,224,Scala,https://github.com/lampepfl/dotty,https://github.com/lampepfl/dotty,2020-11-23T03:44:51Z,287,,5257,2023-03-21T13:25:51.000Z,false,pkg:maven/org.scala-lang/scala3-library_3.0.0-M2
org.slf4j:jcl-over-slf4j,92,343,Java,https://github.com/qos-ch/slf4j,http://www.slf4j.org,2026-05-12T18:34:08Z,7757,,2520,2026-08-25T14:57:33.000Z,false,pkg:maven/org.slf4j/jcl-over-slf4j
org.scalanlp:breeze,92,240,Scala,https://github.com/scalanlp/breeze,http://scalanlp.org/,2017-08-01T04:10:16Z,115,,3455,2025-10-04T22:40:06.000Z,false,pkg:maven/org.scalanlp/breeze_2.11
io.circe:circe-literal,91,350,Scala,https://github.com/circe/circe,https://github.com/circe/circe,2026-06-25T00:01:40Z,95,,2541,2026-07-23T08:36:23.000Z,false,pkg:maven/io.circe/circe-literal_2.12
io.dropwizard.metrics:metrics-core,90,400,Java,https://github.com/dropwizard/metrics,https://metrics.dropwizard.io,2026-08-30T01:58:41Z,2657,,7841,2026-08-17T10:08:19.000Z,false,pkg:maven/io.dropwizard.metrics/metrics-core
org.scalatestplus.play:scalatestplus-play,90,200,Scala,https://github.com/playframework/scalatestplus-play,https://github.com/playframework/scalatestplus-play,2020-05-06T13:49:47Z,89,,110,2026-08-08T00:20:49.000Z,false,pkg:maven/org.scalatestplus.play/scalatestplus-play_2.12
org.typelevel:munit-cats-effect-3,90,420,Scala,https://github.com/typelevel/munit-cats-effect,https://github.com/typelevel/munit-cats-effect,2021-12-05T17:44:29Z,246,,159,2026-08-02T05:31:52.000Z,false,pkg:maven/org.typelevel/munit-cats-effect-3_2.13
org.apache.spark:spark-catalyst,90,308,Scala,https://github.com/apache/spark,http://spark.apache.org/,2021-05-09T20:22:56Z,177,,43858,2026-08-22T16:18:18.000Z,false,pkg:maven/org.apache.spark/spark-catalyst_2.11
dev.zio:zio-json,90,287,Scala,https://github.com/zio/zio-json,https://zio.dev/zio-json/,2026-07-28T00:24:38Z,53,,431,2026-08-24T14:49:13.000Z,false,pkg:maven/dev.zio/zio-json_2.13
com.softwaremill.sttp.client3:core,89,452,Scala,https://github.com/softwaremill/sttp,http://softwaremill.com/open-source,2025-04-09T16:08:00Z,144,,1503,2026-08-11T01:14:23.000Z,false,pkg:maven/com.softwaremill.sttp.client3/core_2.13
com.typesafe.akka:akka-cluster,89,253,Scala,https://github.com/akka/akka,https://akka.io/,2024-10-28T08:37:55Z,232,,12644,2023-03-21T16:09:37.000Z,false,pkg:maven/com.typesafe.akka/akka-cluster_2.12
com.github.pureconfig:pureconfig,89,196,Scala,https://github.com/pureconfig/pureconfig,https://github.com/pureconfig/pureconfig,2024-11-20T23:39:00Z,141,,1540,2026-08-30T21:35:02.000Z,false,pkg:maven/com.github.pureconfig/pureconfig_2.12
org.scala-lang:scala3-library_sjs1_3.0.0-RC3,88,209,Scala,https://github.com/lampepfl/dotty,https://github.com/lampepfl/dotty,2021-04-19T16:06:54Z,214,,5257,2023-03-21T13:25:51.000Z,false,pkg:maven/org.scala-lang/scala3-library_sjs1_3.0.0-RC3
org.scala-lang:scala3-library_sjs1_3.0.0-RC2,87,208,Scala,https://github.com/lampepfl/dotty,https://github.com/lampepfl/dotty,2021-03-29T04:01:20Z,213,,5257,2023-03-21T13:25:51.000Z,false,pkg:maven/org.scala-lang/scala3-library_sjs1_3.0.0-RC2
io.argonaut:argonaut,87,343,Scala,https://github.com/argonaut-io/argonaut,http://argonaut.io,2022-01-24T22:13:35Z,115,,544,2026-08-17T03:31:38.000Z,false,pkg:maven/io.argonaut/argonaut_2.11
com.github.julien-truffaut:monocle-core,87,383,Scala,https://github.com/optics-dev/Monocle,https://github.com/optics-dev/Monocle,2020-08-13T16:41:02Z,120,,1699,2026-08-15T23:47:17.000Z,false,pkg:maven/com.github.julien-truffaut/monocle-core_2.12
org.scalatestplus:scalacheck-1-15,86,636,Scala,https://github.com/scalatest/scalatestplus-scalacheck,https://github.com/scalatest/scalatestplus-scalacheck,2022-03-20T03:20:31Z,372,,59,2026-03-26T13:56:11.000Z,false,pkg:maven/org.scalatestplus/scalacheck-1-15_2.13
com.google.code.gson:gson,84,190,Java,https://github.com/google/gson,https://github.com/google/gson,2026-04-23T19:01:47Z,13676,,24226,2026-08-14T19:50:04.000Z,false,pkg:maven/com.google.code.gson/gson
org.yaml:snakeyaml,83,296,java,https://codeberg.org/snakeyaml/snakeyaml,https://codeberg.org/snakeyaml/snakeyaml,2026-08-31T02:05:09Z,3820,,,,,pkg:maven/org.yaml/snakeyaml
com.amazonaws:aws-java-sdk-s3,83,195,Java,https://github.com/aws/aws-sdk-java,https://aws.amazon.com/sdkforjava,2025-12-29T23:24:39Z,1176,,4174,2025-07-15T20:38:13.000Z,false,pkg:maven/com.amazonaws/aws-java-sdk-s3
org.scala-js:scalajs-library_2.13.0-M5,81,203,Scala,https://github.com/scala-js/scala-js,https://www.scala-js.org/,2019-04-05T08:19:40Z,224,,4710,2026-08-15T18:05:40.000Z,false,pkg:maven/org.scala-js/scalajs-library_2.13.0-M5
org.scodec:scodec-core,81,321,Scala,https://github.com/scodec/scodec,https://github.com/scodec/scodec,2025-05-08T12:16:34Z,73,,813,2025-10-03T18:49:53.000Z,false,pkg:maven/org.scodec/scodec-core_2.12
com.github.plokhotnyuk.jsoniter-scala:jsoniter-scala-core,81,337,Scala,https://github.com/plokhotnyuk/jsoniter-scala,https://github.com/plokhotnyuk/jsoniter-scala,2026-02-21T12:55:56Z,65,,626,2023-03-21T06:59:23.000Z,false,pkg:maven/com.github.plokhotnyuk.jsoniter-scala/jsoniter-scala-core_2.13
org.scala-lang:scala3-library_sjs1_3.0.0-RC1,81,178,Scala,https://github.com/lampepfl/dotty,https://github.com/lampepfl/dotty,2021-02-03T04:19:57Z,180,,5257,2023-03-21T13:25:51.000Z,false,pkg:maven/org.scala-lang/scala3-library_sjs1_3.0.0-RC1
commons-lang:commons-lang,81,198,,http://svn.apache.org/viewvc/commons/proper/lang/branches/LANG_2_X,http://commons.apache.org/lang/,2005-11-24T05:20:21Z,9449,,,,,pkg:maven/commons-lang/commons-lang
com.typesafe.play:play-akka-http-server,81,201,Scala,https://github.com/playframework/playframework,https://playframework.com,2024-06-03T12:59:07Z,120,,12617,2026-08-11T23:52:00.000Z,false,pkg:maven/com.typesafe.play/play-akka-http-server_2.12
org.scala-lang:scala3-library_3.0.0-M1,81,191,Scala,https://github.com/lampepfl/dotty,https://github.com/lampepfl/dotty,2020-10-30T04:05:24Z,230,,5257,2023-03-21T13:25:51.000Z,false,pkg:maven/org.scala-lang/scala3-library_3.0.0-M1
org.scala-js:scalajs-stubs,80,269,Scala,https://github.com/scala-js/scala-js-stubs,https://www.scala-js.org/,2021-08-09T15:10:51Z,59,,9,2021-12-01T10:01:58.000Z,false,pkg:maven/org.scala-js/scalajs-stubs_2.13
com.typesafe.akka:akka-persistence,79,263,Scala,https://github.com/akka/akka,https://akka.io/,2024-10-28T08:37:36Z,246,,13223,2025-09-26T10:41:19.000Z,false,pkg:maven/com.typesafe.akka/akka-persistence_2.12
com.typesafe.play:filters-helpers,78,162,Scala,https://github.com/playframework/playframework,https://playframework.com,2024-06-03T12:59:44Z,94,,12621,2026-08-24T21:23:35.000Z,false,pkg:maven/com.typesafe.play/filters-helpers_2.12
net.databinder.dispatch:dispatch-core,78,166,Scala,https://github.com/dispatch/reboot,http://dispatch.databinder.net/,2018-05-27T02:59:51Z,109,,430,2023-02-02T15:22:17.000Z,false,pkg:maven/net.databinder.dispatch/dispatch-core_2.11
com.google.inject:guice,77,374,Java,https://github.com/google/guice,https://github.com/google/guice,2023-05-12T17:41:05Z,5091,,12731,2026-08-28T16:49:58.000Z,false,pkg:maven/com.google.inject/guice
org.jsoup:jsoup,77,547,Java,https://github.com/jhy/jsoup,https://jsoup.org/,2026-08-27T00:33:25Z,2627,,11385,2026-08-26T23:23:42.000Z,false,pkg:maven/org.jsoup/jsoup
org.json4s:json4s-ext,77,184,Scala,https://github.com/json4s/json4s,https://github.com/json4s/json4s,2022-09-29T06:47:10Z,102,,1485,2026-08-27T11:12:26.000Z,false,pkg:maven/org.json4s/json4s-ext_2.11
org.apache.commons:commons-text,76,222,,https://gitbox.apache.org/repos/asf?p=commons-text.git,https://commons.apache.org/proper/commons-text,2025-12-04T15:57:25Z,3241,,,,,pkg:maven/org.apache.commons/commons-text
org.eclipse.jetty:jetty-servlet,76,246,Java,https://github.com/jetty/jetty.project,https://jetty.org,2025-08-14T18:11:25Z,2744,,4092,2026-09-01T14:20:17.000Z,false,pkg:maven/org.eclipse.jetty/jetty-servlet
ch.epfl.scala:scalafix-core,76,210,Scala,https://github.com/scalacenter/scalafix,https://github.com/scalacenter/scalafix,2026-06-12T16:57:43Z,93,,875,2026-08-22T23:39:21.000Z,false,pkg:maven/ch.epfl.scala/scalafix-core_2.12
com.typesafe.play:play-netty-server,76,148,Scala,https://github.com/playframework/playframework,https://playframework.com,2020-12-14T10:31:25Z,143,,12621,2026-08-24T21:23:35.000Z,false,pkg:maven/com.typesafe.play/play-netty-server_2.11
io.kamon:kamon-core,75,305,Scala,https://github.com/kamon-io/Kamon,http://kamon.io,2025-04-23T21:24:13Z,227,,1426,2026-01-19T13:16:26.000Z,false,pkg:maven/io.kamon/kamon-core_2.12
com.typesafe.play:play-specs2,75,252,Scala,https://github.com/playframework/playframework,https://playframework.com,2020-12-14T10:30:44Z,102,,12621,2026-08-24T21:23:35.000Z,false,pkg:maven/com.typesafe.play/play-specs2_2.11
org.specs2:specs2-matcher-extra,74,722,Scala,https://github.com/etorreborre/specs2,https://github.com/etorreborre/specs2,2025-10-20T08:34:06Z,282,,734,2026-08-13T17:25:12.000Z,false,pkg:maven/org.specs2/specs2-matcher-extra_2.12
org.apache.thrift:libthrift,74,349,C++,https://github.com/apache/thrift,http://thrift.apache.org,2026-07-11T20:59:14Z,1290,,10955,2026-08-29T12:52:46.000Z,false,pkg:maven/org.apache.thrift/libthrift
org.typelevel:log4cats-slf4j,73,188,Scala,https://github.com/typelevel/log4cats,https://typelevel.org/log4cats,2026-03-11T12:37:56Z,86,,416,2026-08-07T08:39:09.000Z,false,pkg:maven/org.typelevel/log4cats-slf4j_2.13
io.netty:netty-all,73,185,Java,https://github.com/netty/netty,http://netty.io/,2026-08-07T02:13:06Z,2721,,35042,2026-09-01T17:28:18.000Z,false,pkg:maven/io.netty/netty-all
org.apache.pekko:pekko-stream,73,228,Scala,https://github.com/apache/pekko,https://pekko.apache.org/,2026-08-20T02:32:35Z,0,,1625,2026-08-21T21:26:26.000Z,false,pkg:maven/org.apache.pekko/pekko-stream_2.12
org.json4s:json4s-core,72,251,Scala,https://github.com/json4s/json4s,https://github.com/json4s/json4s,2022-09-29T06:47:41Z,111,,1485,2026-08-20T05:32:53.000Z,false,pkg:maven/org.json4s/json4s-core_2.11
com.github.ghik:silencer-lib_2.11.12,71,340,Scala,https://github.com/ghik/silencer,https://github.com/ghik/silencer,2023-06-12T09:56:55Z,371,,253,2025-12-19T16:38:59.000Z,false,pkg:maven/com.github.ghik/silencer-lib_2.11.12
org.scala-js:scalajs-library_2.13.0-RC1,71,159,Scala,https://github.com/scala-js/scala-js,https://www.scala-js.org/,2019-05-24T08:41:55Z,173,,4710,2026-08-15T18:05:40.000Z,false,pkg:maven/org.scala-js/scalajs-library_2.13.0-RC1
org.scala-js:scalajs-test-interface_2.13.0-M5,70,172,Scala,https://github.com/scala-js/scala-js,https://www.scala-js.org/,2019-04-05T08:23:07Z,191,,4438,2023-03-19T18:47:30.000Z,false,pkg:maven/org.scala-js/scalajs-test-interface_2.13.0-M5
dev.zio:zio-interop-cats,70,280,Scala,https://github.com/zio/interop-cats,https://zio.dev/interop-cats,2022-06-24T22:37:52Z,98,,159,2025-09-12T03:59:41.000Z,false,pkg:maven/dev.zio/zio-interop-cats_2.13
com.typesafe.akka:akka-actor-typed,70,239,Scala,https://github.com/akka/akka,https://akka.io/,2024-10-28T08:37:53Z,172,,13223,2025-09-26T10:41:19.000Z,false,pkg:maven/com.typesafe.akka/akka-actor-typed_2.13
com.datastax.cassandra:cassandra-driver-core,70,179,Java,https://github.com/datastax/java-driver,https://github.com/datastax/java-driver,2019-03-21T16:16:12Z,952,,1377,2025-08-14T21:40:45.000Z,false,pkg:maven/com.datastax.cassandra/cassandra-driver-core
com.typesafe.akka:akka-remote,69,212,Scala,https://github.com/akka/akka,https://akka.io/,2024-10-28T08:37:56Z,207,,12644,2023-03-21T16:09:37.000Z,false,pkg:maven/com.typesafe.akka/akka-remote_2.12
com.propensive:magnolia,69,199,,https://github.com/propensive/magnolia,http://propensive.com/,2020-08-16T18:26:10Z,133,,,,,pkg:maven/com.propensive/magnolia_2.12
com.twitter:util-core,68,464,Scala,https://github.com/twitter/util,https://github.com/twitter/util,2021-02-10T23:35:54Z,199,,2721,2025-10-15T23:12:16.000Z,false,pkg:maven/com.twitter/util-core_2.11
com.typesafe.scala-logging:scala-logging-slf4j,68,266,Scala,https://github.com/typesafehub/scala-logging,https://github.com/typesafehub/scala-logging,2014-04-25T10:20:15Z,237,,887,2023-01-31T19:25:37.000Z,false,pkg:maven/com.typesafe.scala-logging/scala-logging-slf4j_2.11
org.typelevel:cats-effect-testkit,68,406,Scala,https://github.com/typelevel/cats-effect,https://github.com/typelevel/cats-effect,2026-08-25T02:08:27Z,100,,2236,2026-08-28T11:28:14.000Z,false,pkg:maven/org.typelevel/cats-effect-testkit_2.13
com.github.sbt:junit-interface,68,487,Java,https://github.com/sbt/junit-interface,http://github.com/sbt/junit-interface/,2021-12-29T17:29:31Z,435,,131,2021-12-29T17:24:22.000Z,false,pkg:maven/com.github.sbt/junit-interface
org.specs2:specs2_2.9.2,68,199,Scala,https://github.com/etorreborre/specs2,http://specs2.org/,2013-02-20T01:27:43Z,291,,734,2026-08-13T17:25:12.000Z,false,pkg:maven/org.specs2/specs2_2.9.2
org.typelevel:discipline-munit,67,661,Scala,https://github.com/typelevel/discipline-munit,https://github.com/typelevel/discipline-munit,2024-05-22T20:25:05Z,127,,25,2026-08-07T08:33:14.000Z,false,pkg:maven/org.typelevel/discipline-munit_2.13
org.scala-sbt:test-interface,67,635,Java,https://github.com/sbt/test-interface,http://www.scala-sbt.org,2013-06-28T22:44:35Z,665,,14,2017-09-10T12:04:16.000Z,false,pkg:maven/org.scala-sbt/test-interface
ch.epfl.lamp:dotty-library_0.27,67,163,Scala,https://github.com/lampepfl/dotty,https://github.com/lampepfl/dotty,2020-08-27T03:48:15Z,186,,5257,2023-03-17T15:55:32.000Z,false,pkg:maven/ch.epfl.lamp/dotty-library_0.27
com.fasterxml.jackson.datatype:jackson-datatype-jsr310,67,222,Java,https://github.com/FasterXML/jackson-modules-java8,https://github.com/FasterXML/jackson-modules-java8,2026-08-17T02:23:12Z,4934,,423,2026-08-16T17:23:35.000Z,false,pkg:maven/com.fasterxml.jackson.datatype/jackson-datatype-jsr310
net.liftweb:lift-json,67,162,Scala,https://github.com/lift/framework,http://www.liftweb.net,2021-10-08T15:03:39Z,94,,1284,2026-07-26T11:58:58.000Z,false,pkg:maven/net.liftweb/lift-json_2.11
com.github.japgolly.scalajs-react:core,67,255,Scala,https://github.com/japgolly/scalajs-react,https://github.com/japgolly/scalajs-react,2020-11-25T04:52:55Z,81,,1657,2026-07-13T06:23:38.000Z,false,pkg:maven/com.github.japgolly.scalajs-react/core_sjs0.6_2.12
org.http4s:http4s-server,67,296,Scala,https://github.com/http4s/http4s,https://http4s.org/,2026-07-07T00:55:34Z,74,,2621,2026-07-21T17:23:28.000Z,false,pkg:maven/org.http4s/http4s-server_2.13
com.github.julien-truffaut:monocle-macro,67,231,Scala,https://github.com/optics-dev/Monocle,https://github.com/optics-dev/Monocle,2020-08-13T16:41:03Z,76,,1699,2026-08-15T23:47:17.000Z,false,pkg:maven/com.github.julien-truffaut/monocle-macro_2.12
org.typelevel:cats,66,194,Scala,https://github.com/typelevel/cats,https://github.com/typelevel/cats,2017-01-15T23:29:18Z,191,,5450,2026-08-09T18:15:00.000Z,false,pkg:maven/org.typelevel/cats_2.11
org.typelevel:log4cats-core,66,289,Scala,https://github.com/typelevel/log4cats,https://typelevel.org/log4cats,2026-03-11T12:37:56Z,58,,416,2026-08-07T08:39:09.000Z,false,pkg:maven/org.typelevel/log4cats-core_2.13
org.xerial.snappy:snappy-java,66,176,Java,https://github.com/xerial/snappy-java,https://github.com/xerial/snappy-java,2020-10-21T04:36:03Z,1257,,1081,2026-03-23T22:12:23.000Z,false,pkg:maven/org.xerial.snappy/snappy-java
org.rogach:scallop,66,128,Scala,https://github.com/scallop/scallop,https://github.com/scallop/scallop,2025-11-30T06:56:46Z,47,,680,2024-12-07T07:59:06.000Z,false,pkg:maven/org.rogach/scallop_2.12
org.scala-lang:scala3-compiler,65,683,Scala,https://github.com/scala/scala3,https://scala-lang.org/,2026-08-27T00:17:48Z,462,,6291,2026-08-19T10:03:31.000Z,false,pkg:maven/org.scala-lang/scala3-compiler_3
org.scala-lang:scala3-library_sjs1_3.0.0-M3,65,137,Scala,https://github.com/lampepfl/dotty,https://github.com/lampepfl/dotty,2020-12-17T04:10:56Z,140,,5257,2023-03-21T13:25:51.000Z,false,pkg:maven/org.scala-lang/scala3-library_sjs1_3.0.0-M3
org.specs2:specs2_2.9.1,65,149,Scala,https://github.com/etorreborre/specs2,http://specs2.org/,2013-02-20T01:20:45Z,286,,734,2026-08-30T10:26:13.000Z,false,pkg:maven/org.specs2/specs2_2.9.1
org.typelevel:macro-compat,65,264,Scala,https://github.com/milessabin/macro-compat,https://github.com/milessabin/macro-compat,2016-02-15T10:50:37Z,140,,86,2019-06-07T18:03:25.000Z,true,pkg:maven/org.typelevel/macro-compat_2.11
com.github.mpilquist:simulacrum,64,273,,https://github.com/mpilquist/simulacrum,http://github.com/mpilquist/simulacrum,2019-06-10T14:29:57Z,157,,,,,pkg:maven/com.github.mpilquist/simulacrum_2.11
com.github.ben-manes.caffeine:caffeine,64,215,Java,https://github.com/ben-manes/caffeine,https://github.com/ben-manes/caffeine,2026-05-03T00:53:11Z,2483,,17826,2026-08-21T17:14:53.000Z,false,pkg:maven/com.github.ben-manes.caffeine/caffeine
org.scalatest:scalatest-shouldmatchers,64,604,Scala,https://github.com/scalatest/scalatest,http://www.scalatest.org,2026-03-25T13:53:45Z,133,,1167,2026-08-21T10:07:44.000Z,false,pkg:maven/org.scalatest/scalatest-shouldmatchers_2.13
org.clapper:grizzled-slf4j,63,154,Scala,https://github.com/bmc/grizzled-slf4j.git,http://software.clapper.org/grizzled-slf4j/,2019-06-11T14:12:01Z,69,,52,2022-10-10T17:36:54.000Z,false,pkg:maven/org.clapper/grizzled-slf4j_2.12
org.typelevel:cats-effect-laws,63,409,Scala,https://github.com/typelevel/cats-effect,https://github.com/typelevel/cats-effect,2026-08-25T02:09:09Z,125,,2236,2026-08-28T11:28:14.000Z,false,pkg:maven/org.typelevel/cats-effect-laws_2.12
org.reactivestreams:reactive-streams,62,244,Java,https://github.com/reactive-streams/reactive-streams,http://www.reactive-streams.org/,2022-05-22T20:41:08Z,1130,,4556,2022-07-05T19:09:12.000Z,false,pkg:maven/org.reactivestreams/reactive-streams
org.http4s:http4s-ember-client,62,173,Scala,https://github.com/http4s/http4s,https://http4s.org/,2026-07-08T00:11:08Z,33,,2626,2026-08-24T01:20:09.000Z,false,pkg:maven/org.http4s/http4s-ember-client_2.13
org.typelevel:spire,61,249,Scala,https://github.com/typelevel/spire,https://typelevel.org/spire/,2022-06-17T16:18:59Z,62,,1772,2026-07-27T16:55:37.000Z,false,pkg:maven/org.typelevel/spire_2.13
org.scalaz:scalaz-concurrent,61,241,Scala,https://github.com/scalaz/scalaz,http://scalaz.org,2022-11-25T05:32:22Z,122,,4673,2026-08-24T22:08:56.000Z,false,pkg:maven/org.scalaz/scalaz-concurrent_2.11
org.eclipse.jetty:jetty-webapp,61,192,Java,https://github.com/jetty/jetty.project,https://jetty.org,2025-03-13T00:17:19Z,1982,,4092,2026-08-21T08:00:58.000Z,false,pkg:maven/org.eclipse.jetty/jetty-webapp
com.fasterxml.jackson.dataformat:jackson-dataformat-yaml,60,182,Java,https://github.com/FasterXML/jackson-dataformats-text,https://github.com/FasterXML/jackson-dataformats-text,2026-08-17T02:23:12Z,3528,,454,2026-08-16T17:40:57.000Z,false,pkg:maven/com.fasterxml.jackson.dataformat/jackson-dataformat-yaml
io.netty:netty-handler,60,219,Java,https://github.com/netty/netty,http://netty.io/,2026-08-07T02:08:59Z,1984,,35042,2026-09-01T17:28:18.000Z,false,pkg:maven/io.netty/netty-handler
org.bouncycastle:bcprov-jdk15on,60,217,Java,https://github.com/bcgit/bc-java,https://www.bouncycastle.org/java.html,2021-12-01T03:36:38Z,3304,,2683,2026-08-26T13:04:51.000Z,false,pkg:maven/org.bouncycastle/bcprov-jdk15on
io.circe:circe-yaml,60,135,Scala,https://github.com/circe/circe-yaml,https://github.com/circe/circe-yaml,2023-11-01T16:39:50Z,56,,144,2025-08-29T07:44:40.000Z,false,pkg:maven/io.circe/circe-yaml_2.12
org.playframework:play-json,60,157,Scala,https://github.com/playframework/play-json,https://github.com/playframework/play-json,2025-10-10T10:24:38Z,0,,374,2026-07-13T07:19:35.000Z,false,pkg:maven/org.playframework/play-json_2.12
com.github.plokhotnyuk.jsoniter-scala:jsoniter-scala-macros,60,243,Scala,https://github.com/plokhotnyuk/jsoniter-scala,https://github.com/plokhotnyuk/jsoniter-scala,2026-02-21T12:55:56Z,58,,616,2023-02-27T17:13:03.000Z,false,pkg:maven/com.github.plokhotnyuk.jsoniter-scala/jsoniter-scala-macros_2.13
org.flywaydb:flyway-core,59,179,Java,https://github.com/flyway/flyway,https://flywaydb.org,2026-08-27T00:35:25Z,959,,10018,2026-08-13T10:11:04.000Z,false,pkg:maven/org.flywaydb/flyway-core
org.scala-js:scalajs-test-interface_2.13.0-RC1,59,130,Scala,https://github.com/scala-js/scala-js,https://www.scala-js.org/,2019-05-24T08:42:35Z,143,,4710,2026-08-15T18:05:40.000Z,false,pkg:maven/org.scala-js/scalajs-test-interface_2.13.0-RC1
org.typelevel:discipline-scalatest,59,422,Scala,https://github.com/typelevel/discipline-scalatest,https://typelevel.org/discipline-scalatest,2024-05-24T07:51:59Z,149,,20,2026-08-07T08:34:01.000Z,false,pkg:maven/org.typelevel/discipline-scalatest_2.12
com.typesafe.akka:akka-http-experimental,59,86,Scala,https://github.com/akka/akka,http://akka.io/,2016-09-30T17:29:48Z,148,,13223,2025-10-18T05:06:10.000Z,false,pkg:maven/com.typesafe.akka/akka-http-experimental_2.11
org.typelevel:cats-kernel,58,303,Scala,https://github.com/typelevel/cats,https://typelevel.org/cats,2025-01-20T20:29:29Z,113,,5456,2026-08-21T12:13:32.000Z,false,pkg:maven/org.typelevel/cats-kernel_2.12
software.amazon.awssdk:s3,58,129,Java,"",https://aws.amazon.com/sdkforjava,2026-08-19T02:13:40Z,383,,2609,2026-08-13T22:34:48.000Z,false,pkg:maven/software.amazon.awssdk/s3
org.scalameta:mdoc,57,115,Scala,https://github.com/scalameta/mdoc,https://github.com/scalameta/mdoc,2026-04-12T22:33:55Z,54,,403,2025-10-17T16:59:26.000Z,false,pkg:maven/org.scalameta/mdoc_2.13
com.holdenkarau:spark-testing-base,57,105,Scala,https://github.com/holdenk/spark-testing-base,https://github.com/holdenk/spark-testing-base,2018-12-22T19:40:33Z,74,,1540,2025-09-01T23:02:25.000Z,false,pkg:maven/com.holdenkarau/spark-testing-base_2.11
io.get-coursier:coursier,57,193,Scala,https://github.com/coursier/coursier,https://github.com/coursier/coursier,2025-01-09T21:19:26Z,77,,2135,2026-08-31T17:05:09.000Z,false,pkg:maven/io.get-coursier/coursier_2.12
org.scalatest:scalatest_2.13.0-RC1,57,115,Scala,https://github.com/scalatest/scalatest,http://www.scalatest.org,2019-04-08T03:02:57Z,166,,1167,2026-08-21T10:07:44.000Z,false,pkg:maven/org.scalatest/scalatest_2.13.0-RC1
com.storm-enroute:scalameter,57,158,Scala,https://github.com/scalameter/scalameter,http://scalameter.github.io/,2016-11-10T17:04:46Z,96,,502,2022-08-22T09:03:55.000Z,false,pkg:maven/com.storm-enroute/scalameter_2.11
org.reflections:reflections,57,130,Java,https://github.com/ronmamo/reflections,http://github.com/ronmamo/reflections,2021-10-25T14:23:23Z,3783,,4763,2024-06-17T21:43:09.000Z,false,pkg:maven/org.reflections/reflections
javax.xml.bind:jaxb-api,57,175,Java,https://github.com/javaee/jaxb-spec,https://github.com/javaee/jaxb-spec,2018-09-12T13:28:52Z,4987,,10,2018-09-13T14:35:23.000Z,true,pkg:maven/javax.xml.bind/jaxb-api
org.typelevel:cats-effect-kernel,57,306,Scala,https://github.com/typelevel/cats-effect,https://github.com/typelevel/cats-effect,2026-08-25T02:09:17Z,70,,2236,2026-08-28T11:28:14.000Z,false,pkg:maven/org.typelevel/cats-effect-kernel_2.13
org.scalatestplus:scalatestplus-scalacheck,56,348,Scala,https://github.com/scalatest/scalatestplus-scalacheck,https://github.com/scalatest/scalatestplus-scalacheck,2019-09-09T08:02:25Z,308,,59,2026-03-26T13:56:11.000Z,false,pkg:maven/org.scalatestplus/scalatestplus-scalacheck_2.12
io.spray:spray-client,56,101,Scala,https://github.com/spray/spray,http://spray.io,2016-09-30T13:10:48Z,74,,2493,2017-02-21T11:03:37.000Z,true,pkg:maven/io.spray/spray-client_2.11
org.apache.hadoop:hadoop-hdfs,56,244,,"",,2026-03-24T16:59:22Z,1119,,,,,pkg:maven/org.apache.hadoop/hadoop-hdfs
com.esotericsoftware.kryo:kryo,56,119,HTML,https://github.com/EsotericSoftware/kryo,https://github.com/EsotericSoftware/kryo,2014-05-04T13:04:38Z,440,,6546,2026-08-24T12:00:32.000Z,false,pkg:maven/com.esotericsoftware.kryo/kryo
org.mockito:mockito-scala,55,193,Scala,https://github.com/mockito/mockito-scala,https://github.com/mockito/mockito-scala,2026-07-18T00:11:48Z,92,,367,2026-08-19T19:09:54.000Z,false,pkg:maven/org.mockito/mockito-scala_2.12
com.outr:scribe,55,266,Scala,https://github.com/outr/scribe,https://github.com/outr/scribe,2024-10-25T11:45:41Z,59,,550,2026-07-22T00:34:35.000Z,false,pkg:maven/com.outr/scribe_2.12
org.apache.zookeeper:zookeeper,55,198,,https://gitbox.apache.org/repos/asf/zookeeper.git,http://zookeeper.apache.org,2026-02-11T20:18:46Z,1830,,,,,pkg:maven/org.apache.zookeeper/zookeeper
com.jsuereth:scala-arm,55,194,Scala,https://github.com/jsuereth/scala-arm,http://jsuereth.com/scala-arm,2016-11-15T23:04:15Z,108,,543,2020-10-26T13:48:39.000Z,false,pkg:maven/com.jsuereth/scala-arm_2.11
org.typelevel:cats-testkit,55,257,Scala,https://github.com/typelevel/cats,https://typelevel.org/cats,2025-01-20T20:29:19Z,118,,5456,2026-08-21T12:13:32.000Z,false,pkg:maven/org.typelevel/cats-testkit_2.12
org.scalatestplus:scalacheck-1-17,55,331,Scala,https://github.com/scalatest/scalatestplus-scalacheck,https://github.com/scalatest/scalatestplus-scalacheck,2024-02-01T06:50:10Z,100,,59,2026-03-26T13:56:11.000Z,false,pkg:maven/org.scalatestplus/scalacheck-1-17_2.13
org.scala-js:scalajs-library_2.13.0-M4,54,156,Scala,https://github.com/scala-js/scala-js,https://www.scala-js.org/,2018-11-27T23:12:59Z,165,,4710,2026-08-15T18:05:40.000Z,false,pkg:maven/org.scala-js/scalajs-library_2.13.0-M4
com.twitter:finagle-http,54,329,Scala,https://github.com/twitter/finagle,https://github.com/twitter/finagle,2021-02-11T00:09:24Z,137,,8864,2026-08-13T18:10:51.000Z,false,pkg:maven/com.twitter/finagle-http_2.11
org.scalatestplus:scalacheck-1-18,54,265,Scala,https://github.com/scalatest/scalatestplus-scalacheck,https://github.com/scalatest/scalatestplus-scalacheck,2025-10-16T15:11:41Z,0,,59,2026-03-26T13:56:11.000Z,false,pkg:maven/org.scalatestplus/scalacheck-1-18_2.13
org.scalacheck:scalacheck_2.13.0-M5,54,143,Scala,https://github.com/rickynils/scalacheck,http://www.scalacheck.org,2018-10-05T13:43:20Z,148,,1858,2023-03-17T01:15:47.000Z,false,pkg:maven/org.scalacheck/scalacheck_2.13.0-M5
org.apache.curator:curator-test,53,169,Java,https://github.com/apache/curator,https://curator.apache.org,2025-07-04T05:51:56Z,989,,3172,2026-07-24T14:18:59.000Z,false,pkg:maven/org.apache.curator/curator-test
io.circe:circe-jawn,53,438,Scala,https://github.com/circe/circe,https://github.com/circe/circe,2026-06-25T00:01:41Z,69,,2541,2026-07-23T08:36:23.000Z,false,pkg:maven/io.circe/circe-jawn_2.12
com.fasterxml.jackson.datatype:jackson-datatype-jdk8,53,169,Java,https://github.com/FasterXML/jackson-modules-java8,https://github.com/FasterXML/jackson-modules-java8,2026-08-17T02:23:16Z,2582,,423,2026-08-16T17:23:35.000Z,false,pkg:maven/com.fasterxml.jackson.datatype/jackson-datatype-jdk8
com.lihaoyi:requests,53,158,Scala,https://github.com/com-lihaoyi/requests-scala,https://github.com/com-lihaoyi/requests-scala,2026-02-01T07:03:07Z,61,,748,2026-04-01T02:19:13.000Z,false,pkg:maven/com.lihaoyi/requests_2.13
org.asynchttpclient:async-http-client,53,175,Java,https://github.com/AsyncHttpClient/async-http-client,https://github.com/AsyncHttpClient/async-http-client,2026-08-11T00:17:41Z,611,,6393,2025-10-04T23:39:31.000Z,false,pkg:maven/org.asynchttpclient/async-http-client
com.typesafe.play:play-guice,53,131,Scala,https://github.com/playframework/playframework,https://playframework.com,2024-06-03T12:59:46Z,73,,12621,2026-08-24T21:23:35.000Z,false,pkg:maven/com.typesafe.play/play-guice_2.12
org.xerial:sqlite-jdbc,52,304,Java,https://github.com/xerial/sqlite-jdbc,https://github.com/xerial/sqlite-jdbc,2021-06-27T05:32:18Z,1273,,3281,2026-08-24T23:02:24.000Z,false,pkg:maven/org.xerial/sqlite-jdbc
com.iheart:ficus,52,137,Scala,https://github.com/iheartradio/ficus,http://iheartradio.github.io/ficus,2022-03-06T01:19:34Z,69,,327,2023-03-10T16:03:02.000Z,false,pkg:maven/com.iheart/ficus_2.12
org.apache.pekko:pekko-http,52,159,Scala,https://github.com/apache/pekko-http,,2026-07-25T00:43:59Z,0,,148,2024-07-19T17:47:15.000Z,false,pkg:maven/org.apache.pekko/pekko-http_2.13
com.lihaoyi:mill-scalalib,52,206,Scala,https://github.com/com-lihaoyi/mill,https://github.com/com-lihaoyi/mill,2025-12-17T10:15:35Z,146,,2781,2026-08-22T17:37:30.000Z,false,pkg:maven/com.lihaoyi/mill-scalalib_2.13
io.spray:spray-can,52,103,Scala,https://github.com/spray/spray,http://spray.io,2016-09-30T13:10:40Z,79,,2493,2017-02-21T11:03:37.000Z,true,pkg:maven/io.spray/spray-can_2.11
io.grpc:grpc-stub,52,183,Java,https://github.com/grpc/grpc-java,https://github.com/grpc/grpc-java,2026-09-02T02:08:55Z,1909,,11823,2025-08-13T21:23:14.000Z,false,pkg:maven/io.grpc/grpc-stub
com.amazonaws:aws-java-sdk,52,121,Java,https://github.com/aws/aws-sdk-java,https://aws.amazon.com/sdkforjava,2025-12-29T23:25:57Z,675,,4174,2025-07-15T20:38:13.000Z,false,pkg:maven/com.amazonaws/aws-java-sdk
org.scalatest:scalatest-flatspec,51,458,Scala,https://github.com/scalatest/scalatest,http://www.scalatest.org,2026-03-25T13:53:44Z,102,,1167,2026-08-21T10:07:44.000Z,false,pkg:maven/org.scalatest/scalatest-flatspec_2.13
net.liftweb:lift-webkit,51,473,Scala,https://github.com/lift/framework,http://www.liftweb.net,2021-10-08T15:04:02Z,200,,1284,2026-07-26T11:58:58.000Z,false,pkg:maven/net.liftweb/lift-webkit_2.11
org.eclipse.jgit:org.eclipse.jgit,51,145,,https://eclipse.gerrithub.io/admin/repos/eclipse-jgit/jgit,https://www.eclipse.org/jgit/,2026-07-24T23:57:30Z,1304,,,,,pkg:maven/org.eclipse.jgit/org.eclipse.jgit
com.github.tototoshi:scala-csv,51,148,Scala,https://github.com/tototoshi/scala-csv,https://github.com/tototoshi/scala-csv,2024-07-01T04:48:34Z,64,,703,2025-10-05T22:02:26.000Z,false,pkg:maven/com.github.tototoshi/scala-csv_2.11
com.lihaoyi:fansi,51,200,Scala,https://github.com/com-lihaoyi/fansi,https://github.com/com-lihaoyi/Fansi,2025-07-26T03:28:52Z,48,,237,2025-10-15T13:46:29.000Z,false,pkg:maven/com.lihaoyi/fansi_2.12
org.scalatest:scalatest-funsuite,50,505,Scala,https://github.com/scalatest/scalatest,http://www.scalatest.org,2026-03-25T13:53:44Z,93,,1167,2026-08-21T10:07:44.000Z,false,pkg:maven/org.scalatest/scalatest-funsuite_2.13
com.github.alexarchambault:case-app,50,215,Scala,https://github.com/alexarchambault/case-app,https://github.com/alexarchambault/case-app,2025-08-11T18:53:24Z,64,,311,2026-06-22T01:52:03.000Z,false,pkg:maven/com.github.alexarchambault/case-app_2.12
org.scalaz:scalaz-scalacheck-binding,50,226,Scala,https://github.com/scalaz/scalaz,http://scalaz.org,2022-11-25T07:56:53Z,117,,4671,2026-07-27T22:05:45.000Z,false,pkg:maven/org.scalaz/scalaz-scalacheck-binding_2.11
com.squareup.okhttp3:okhttp,50,264,Kotlin,https://github.com/lysine-dev/okhttp,https://lysine.dev/okhttp/,2026-08-17T02:32:02Z,5719,,47056,2026-08-29T15:24:36.000Z,false,pkg:maven/com.squareup.okhttp3/okhttp
com.softwaremill.sttp.tapir:tapir-core,50,307,Scala,https://github.com/softwaremill/tapir,http://softwaremill.com/open-source,2026-08-08T02:32:04Z,67,,1469,2026-08-23T00:48:32.000Z,false,pkg:maven/com.softwaremill.sttp.tapir/tapir-core_2.12
io.monix:monix-eval,50,205,Scala,https://github.com/monix/monix,https://monix.io,2022-05-07T18:36:08Z,74,,1931,2026-08-23T16:47:13.000Z,false,pkg:maven/io.monix/monix-eval_2.12
com.typesafe.play:play-ahc-ws,50,137,Scala,https://github.com/playframework/playframework,https://playframework.com,2024-06-03T12:59:39Z,67,,12621,2026-08-24T21:23:35.000Z,false,pkg:maven/com.typesafe.play/play-ahc-ws_2.12
com.typesafe.akka:akka-actor-testkit-typed,50,168,Scala,https://github.com/akka/akka,https://akka.io/,2024-10-28T08:37:34Z,135,,12644,2023-03-21T16:09:37.000Z,false,pkg:maven/com.typesafe.akka/akka-actor-testkit-typed_2.13
com.typesafe.slick:slick-hikaricp,50,116,Scala,https://github.com/slick/slick,https://scala-slick.org,2025-05-16T03:09:26Z,47,,2664,2026-08-07T23:30:13.000Z,false,pkg:maven/com.typesafe.slick/slick-hikaricp_2.12
org.scala-lang:scalap,49,172,Scala,https://github.com/scala/scala,https://www.scala-lang.org/,2025-11-17T08:48:55Z,363,,14570,2026-08-24T20:51:23.000Z,false,pkg:maven/org.scala-lang/scalap
org.tpolecat:doobie-postgres,49,125,Scala,https://github.com/typelevel/doobie,https://github.com/typelevel/doobie,2021-05-23T19:09:56Z,49,,2226,2026-08-13T08:36:08.000Z,false,pkg:maven/org.tpolecat/doobie-postgres_2.12
com.beachape:enumeratum-circe,49,105,Scala,https://github.com/lloydmeta/enumeratum,https://github.com/lloydmeta/enumeratum,2026-06-13T09:20:25Z,43,,1211,2025-10-01T10:02:34.000Z,false,pkg:maven/com.beachape/enumeratum-circe_2.12
io.grpc:grpc-netty,48,145,Java,https://github.com/grpc/grpc-java,https://github.com/grpc/grpc-java,2026-09-02T02:09:03Z,922,,10430,2023-03-22T01:35:47.000Z,false,pkg:maven/io.grpc/grpc-netty
com.github.biopet:tool-test-utils,48,51,Scala,https://github.com/biopet/tool-test-utils,https://github.com/biopet/tool-test-utils,2018-03-05T14:42:09Z,50,,0,2018-09-18T11:46:22.000Z,false,pkg:maven/com.github.biopet/tool-test-utils_2.11
org.log4s:log4s,48,215,Scala,https://github.com/Log4s/log4s,http://log4s.org/,2021-05-17T16:17:36Z,94,,170,2022-07-08T02:08:50.000Z,false,pkg:maven/org.log4s/log4s_2.12
com.github.biopet:tool-utils,48,52,Scala,https://github.com/biopet/tool-utils,https://github.com/biopet/tool-utils,2018-03-05T14:36:10Z,50,,0,2018-10-25T07:59:03.000Z,false,pkg:maven/com.github.biopet/tool-utils_2.11
io.netty:netty,48,148,Java,https://github.com/netty/netty,http://netty.io/,2016-06-29T12:45:28Z,1133,,35033,2026-08-25T17:14:11.000Z,false,pkg:maven/io.netty/netty
com.monovore:decline,48,141,Scala,https://github.com/bkirwi/decline,http://monovore.com/decline,2026-04-04T22:59:49Z,31,,678,2026-04-08T03:57:53.000Z,false,pkg:maven/com.monovore/decline_2.13
net.sf.jopt-simple:jopt-simple,48,860,Java,https://github.com/jopt-simple/jopt-simple,http://jopt-simple.github.io/jopt-simple,2017-07-13T15:12:39Z,1257,,365,2025-04-26T14:12:08.000Z,false,pkg:maven/net.sf.jopt-simple/jopt-simple
com.ning:async-http-client,48,146,Java,https://github.com/AsyncHttpClient/async-http-client,http://github.com/AsyncHttpClient/async-http-client,2016-10-13T09:58:00Z,610,,6395,2026-09-01T06:38:30.000Z,false,pkg:maven/com.ning/async-http-client
org.testcontainers:testcontainers,48,120,Java,https://github.com/testcontainers/testcontainers-java,https://java.testcontainers.org,2026-04-20T18:00:10Z,1632,,8723,2026-08-27T22:26:01.000Z,false,pkg:maven/org.testcontainers/testcontainers
io.github.cquiroz:scala-java-time-tzdb,48,250,Scala,https://github.com/cquiroz/scala-java-time,https://github.com/cquiroz/scala-java-time,2026-06-14T03:30:19Z,42,,115,2023-03-08T18:50:43.000Z,false,pkg:maven/io.github.cquiroz/scala-java-time-tzdb_sjs1_2.13
com.softwaremill.sttp:core,48,162,,https://github.com/softwaremill/core,http://softwaremill.com/open-source,2019-10-14T08:27:00Z,90,,,,,pkg:maven/com.softwaremill.sttp/core_2.12
org.scala-native:javalib_native0.4.0-M2,47,119,Scala,https://github.com/scala-native/scala-native,http://www.scala-native.org,2019-05-24T15:10:22Z,122,,4673,2026-07-27T03:35:08.000Z,false,pkg:maven/org.scala-native/javalib_native0.4.0-M2_2.11
org.scala-native:nativelib_native0.4.0-M2,47,122,Scala,https://github.com/scala-native/scala-native,http://www.scala-native.org,2019-05-24T15:09:12Z,125,,4673,2026-07-27T03:35:08.000Z,false,pkg:maven/org.scala-native/nativelib_native0.4.0-M2_2.11
org.scala-native:scalalib_native0.4.0-M2,47,118,Scala,https://github.com/scala-native/scala-native,http://www.scala-native.org,2019-05-24T15:10:42Z,121,,4673,2026-07-27T03:35:08.000Z,false,pkg:maven/org.scala-native/scalalib_native0.4.0-M2_2.11
org.scala-native:auxlib_native0.4.0-M2,47,119,Scala,https://github.com/scala-native/scala-native,http://www.scala-native.org,2019-05-24T15:09:34Z,122,,4673,2026-07-27T03:35:08.000Z,false,pkg:maven/org.scala-native/auxlib_native0.4.0-M2_2.11
org.scalatest:scalatest_2.13.0-M4,47,118,Scala,https://github.com/scalatest/scalatest,http://www.scalatest.org,2018-08-13T08:29:01Z,128,,1167,2026-08-21T10:07:44.000Z,false,pkg:maven/org.scalatest/scalatest_2.13.0-M4
org.mongodb:mongo-java-driver,47,184,Java,https://github.com/mongodb/mongo-java-driver,http://www.mongodb.org,2023-06-07T08:28:29Z,1495,,2659,2026-08-18T22:25:13.000Z,false,pkg:maven/org.mongodb/mongo-java-driver
com.typesafe.akka:akka-persistence-query,47,147,Scala,https://github.com/akka/akka,https://akka.io/,2024-10-28T08:37:50Z,192,,12643,2023-03-21T16:09:37.000Z,false,pkg:maven/com.typesafe.akka/akka-persistence-query_2.12
javax.servlet:servlet-api,47,368,,"",http://jcp.org/en/jsr/detail?id=315,2008-04-17T00:23:05Z,8267,,,,,pkg:maven/javax.servlet/servlet-api
jline:jline,47,143,Java,https://github.com/jline/jline3,http://nexus.sonatype.org/oss-repository-hosting.html,2018-03-26T09:18:40Z,1102,,1795,2026-08-17T20:24:18.000Z,false,pkg:maven/jline/jline
org.http4s:http4s-ember-server,47,117,Scala,https://github.com/http4s/http4s,https://http4s.org/,2026-07-08T00:11:10Z,26,,2626,2026-08-24T01:20:09.000Z,false,pkg:maven/org.http4s/http4s-ember-server_2.13
org.typelevel:discipline,47,289,Scala,https://github.com/typelevel/discipline,https://github.com/typelevel/discipline,2019-04-07T12:08:49Z,172,,336,2026-07-27T16:49:06.000Z,false,pkg:maven/org.typelevel/discipline_2.11
org.scala-js:scalajs-library_2.13.0-RC2,47,130,Scala,https://github.com/scala-js/scala-js,https://www.scala-js.org/,2019-05-23T16:06:37Z,138,,4438,2023-03-19T18:47:30.000Z,false,pkg:maven/org.scala-js/scalajs-library_2.13.0-RC2
org.apache.pekko:pekko-actor,47,154,Scala,https://github.com/apache/pekko,https://pekko.apache.org/,2026-08-20T02:32:33Z,0,,1625,2026-08-21T21:26:26.000Z,false,pkg:maven/org.apache.pekko/pekko-actor_2.13
io.circe:circe-testing,47,210,Scala,https://github.com/circe/circe,https://github.com/circe/circe,2026-06-25T00:02:02Z,50,,2541,2026-07-23T08:36:23.000Z,false,pkg:maven/io.circe/circe-testing_2.12
org.scala-js:scalajs-test-interface_2.13.0-M4,46,133,Scala,https://github.com/scala-js/scala-js,https://www.scala-js.org/,2018-11-27T23:16:36Z,142,,4710,2026-08-15T18:05:40.000Z,false,pkg:maven/org.scala-js/scalajs-test-interface_2.13.0-M4
org.scalatest:scalatest_2.9.0,46,57,,http://code.google.com/p/scalatest/source/browse/,http://www.scalatest.org,2013-09-10T15:42:27Z,124,,,,,pkg:maven/org.scalatest/scalatest_2.9.0
com.typesafe.play:play-cache,46,110,Scala,https://github.com/playframework/playframework,https://playframework.com,2020-12-14T10:30:57Z,69,,12621,2026-08-24T21:23:35.000Z,false,pkg:maven/com.typesafe.play/play-cache_2.11
dev.zio:zio-http,46,120,Scala,https://github.com/zio/zio-http,https://zio.dev/zio-http,2026-08-19T02:18:02Z,14,,870,2026-08-22T00:49:33.000Z,false,pkg:maven/dev.zio/zio-http_3
net.java.dev.jna:jna,46,108,Java,https://github.com/java-native-access/jna,https://github.com/java-native-access/jna,2026-06-12T16:48:57Z,1558,,8749,2025-06-06T20:34:26.000Z,false,pkg:maven/net.java.dev.jna/jna
com.amazonaws:aws-java-sdk-dynamodb,46,143,Java,https://github.com/aws/aws-sdk-java,https://aws.amazon.com/sdkforjava,2025-12-30T04:00:37Z,458,,4087,2024-06-19T21:46:57.000Z,false,pkg:maven/com.amazonaws/aws-java-sdk-dynamodb
org.scala-lang:scala-actors,46,113,Scala,https://github.com/scala/scala,http://www.scala-lang.org/,2017-11-03T01:37:50Z,261,,14570,2026-08-24T20:51:23.000Z,false,pkg:maven/org.scala-lang/scala-actors
com.github.ghik:silencer-lib_2.12.9,46,52,Scala,https://github.com/ghik/silencer,https://github.com/ghik/silencer,2020-02-21T11:32:26Z,94,,253,2025-12-19T16:38:59.000Z,false,pkg:maven/com.github.ghik/silencer-lib_2.12.9
org.apache.pekko:pekko-testkit,46,163,Scala,https://github.com/apache/pekko,https://pekko.apache.org/,2026-08-20T02:32:34Z,0,,1620,2026-08-08T10:47:56.000Z,false,pkg:maven/org.apache.pekko/pekko-testkit_2.13
org.mockito:mockito-scala-scalatest,45,169,Scala,https://github.com/mockito/mockito-scala,https://github.com/mockito/mockito-scala,2026-07-18T00:11:48Z,84,,367,2026-08-19T19:09:54.000Z,false,pkg:maven/org.mockito/mockito-scala-scalatest_2.12
com.github.tomakehurst:wiremock,45,177,Java,https://github.com/wiremock/wiremock,https://wiremock.org,2023-09-01T16:18:09Z,1260,,7332,2026-08-11T13:49:52.000Z,false,pkg:maven/com.github.tomakehurst/wiremock
org.scalatest:scalatest_2.9.3,45,63,,http://code.google.com/p/scalatest/source/browse/,http://www.scalatest.org,2013-09-10T16:33:36Z,109,,,,,pkg:maven/org.scalatest/scalatest_2.9.3
com.thesamet.scalapb:scalapb-runtime-grpc,45,134,Scala,https://github.com/scalapb/ScalaPB,https://github.com/scalapb/ScalaPB,2025-08-23T18:07:41Z,54,,1338,2026-08-07T23:19:44.000Z,false,pkg:maven/com.thesamet.scalapb/scalapb-runtime-grpc_2.13
dev.zio:zio-prelude,45,193,Scala,https://github.com/zio/zio-prelude,https://zio.dev/zio-prelude/,2021-12-18T18:06:37Z,45,,473,2026-08-26T04:10:45.000Z,false,pkg:maven/dev.zio/zio-prelude_2.13
org.scala-native:test-interface_native0.4.0-M2,45,109,Scala,https://github.com/scala-native/scala-native,http://www.scala-native.org,2019-05-24T15:10:59Z,113,,4673,2026-07-27T03:35:08.000Z,false,pkg:maven/org.scala-native/test-interface_native0.4.0-M2_2.11
com.rabbitmq:amqp-client,45,146,Java,https://github.com/rabbitmq/rabbitmq-java-client,https://www.rabbitmq.com,2026-08-22T02:15:40Z,892,,1311,2026-08-24T15:12:49.000Z,false,pkg:maven/com.rabbitmq/amqp-client
com.github.alexarchambault:scalacheck-shapeless_1.13,44,112,Scala,https://github.com/alexarchambault/scalacheck-shapeless,https://github.com/alexarchambault/scalacheck-shapeless,2018-01-05T15:40:36Z,79,,237,2024-08-12T11:18:34.000Z,false,pkg:maven/com.github.alexarchambault/scalacheck-shapeless_1.13_2.12
org.antlr:antlr4-runtime,44,124,Java,https://github.com/antlr/antlr4,https://www.antlr.org/,2024-08-03T18:44:36Z,1420,,18984,2026-02-16T21:29:09.000Z,false,pkg:maven/org.antlr/antlr4-runtime
org.mongodb.scala:mongo-scala-driver,44,102,Java,https://github.com/mongodb/mongo-java-driver,https://www.mongodb.com/,2026-08-29T02:12:17Z,158,,2659,2026-08-18T22:25:13.000Z,false,pkg:maven/org.mongodb.scala/mongo-scala-driver_2.12
io.spray:spray-testkit,44,93,Scala,https://github.com/spray/spray,http://spray.io,2016-09-30T13:11:01Z,75,,2493,2017-02-21T11:03:37.000Z,true,pkg:maven/io.spray/spray-testkit_2.11
org.spire-math:spire,44,125,Scala,https://github.com/non/spire,http://spire-math.org,2016-11-29T04:31:05Z,93,,1720,2023-03-17T01:16:19.000Z,false,pkg:maven/org.spire-math/spire_2.11
com.sksamuel.avro4s:avro4s-core,44,119,Scala,https://github.com/sksamuel/avro4s,https://github.com/sksamuel/avro4s,2018-10-15T07:06:08Z,44,,730,2026-05-22T20:20:15.000Z,false,pkg:maven/com.sksamuel.avro4s/avro4s-core_2.11
org.scalatest:scalatest_2.13.0-RC3,44,96,Scala,https://github.com/scalatest/scalatest,http://www.scalatest.org,2019-05-31T07:59:43Z,137,,1167,2026-08-21T10:07:44.000Z,false,pkg:maven/org.scalatest/scalatest_2.13.0-RC3
com.lihaoyi:ujson,44,159,Scala,https://github.com/com-lihaoyi/upickle,https://github.com/lihaoyi/upickle,2026-02-14T05:16:35Z,44,,754,2025-10-16T02:46:02.000Z,false,pkg:maven/com.lihaoyi/ujson_2.12
redis.clients:jedis,44,100,Java,https://github.com/redis/jedis,https://github.com/redis/jedis,2026-08-29T01:51:45Z,2041,,12356,2026-08-22T01:50:02.000Z,false,pkg:maven/redis.clients/jedis
com.github.alexarchambault:scalacheck-shapeless_1.14,44,109,Scala,https://github.com/alexarchambault/scalacheck-shapeless,https://github.com/alexarchambault/scalacheck-shapeless,2020-03-02T10:20:31Z,95,,237,2024-08-12T11:18:34.000Z,false,pkg:maven/com.github.alexarchambault/scalacheck-shapeless_1.14_2.13
com.github.ghik:silencer-lib_2.13.0,44,53,Scala,https://github.com/ghik/silencer,https://github.com/ghik/silencer,2020-02-21T11:32:26Z,116,,253,2025-12-19T16:38:59.000Z,false,pkg:maven/com.github.ghik/silencer-lib_2.13.0
org.openjdk.jmh:jmh-core,43,115,Java,https://github.com/openjdk/jmh,http://openjdk.java.net/projects/code-tools/jmh/,2020-09-02T15:31:06Z,1610,,2667,2026-07-14T14:46:24.000Z,false,pkg:maven/org.openjdk.jmh/jmh-core
org.apache.spark:spark-sql-kafka-0-10,43,119,Scala,https://github.com/apache/spark,http://spark.apache.org/,2021-05-09T20:51:37Z,92,,43858,2026-08-22T16:18:18.000Z,false,pkg:maven/org.apache.spark/spark-sql-kafka-0-10_2.11
com.github.ghik:silencer-lib,43,354,Scala,https://github.com/ghik/silencer,https://github.com/ghik/silencer,2019-07-31T10:05:32Z,388,,253,2025-12-19T16:38:59.000Z,false,pkg:maven/com.github.ghik/silencer-lib_2.12
org.scala-lang:scala3-library_sjs1_3.0.0-M2,43,85,Scala,https://github.com/lampepfl/dotty,https://github.com/lampepfl/dotty,2020-11-23T03:44:49Z,87,,5257,2023-03-21T13:25:51.000Z,false,pkg:maven/org.scala-lang/scala3-library_sjs1_3.0.0-M2
org.typelevel:cats-parse,43,156,Scala,https://github.com/typelevel/cats-parse,https://typelevel.org/cats-parse,2024-12-11T17:40:43Z,33,,243,2025-09-11T20:09:45.000Z,false,pkg:maven/org.typelevel/cats-parse_2.13
org.scalatestplus:scalacheck-1-16,43,273,Scala,https://github.com/scalatest/scalatestplus-scalacheck,https://github.com/scalatest/scalatestplus-scalacheck,2022-09-25T01:34:35Z,134,,59,2026-03-26T13:56:11.000Z,false,pkg:maven/org.scalatestplus/scalacheck-1-16_2.13
commons-logging:commons-logging,43,122,,https://gitbox.apache.org/repos/asf/commons-logging,https://commons.apache.org/proper/commons-logging/,2026-06-11T20:49:26Z,8711,,,,,pkg:maven/commons-logging/commons-logging
io.spray:spray-routing,43,84,Scala,https://github.com/spray/spray,http://spray.io,2016-09-30T13:10:55Z,57,,2493,2017-02-21T11:03:37.000Z,true,pkg:maven/io.spray/spray-routing_2.11
de.heikoseeberger:akka-http-circe,43,107,Scala,https://github.com/hseeberger/akka-http-json,https://github.com/hseeberger/akka-http-json,2021-12-23T10:37:38Z,70,,586,2024-07-30T07:52:35.000Z,true,pkg:maven/de.heikoseeberger/akka-http-circe_2.12
io.prometheus:simpleclient,43,109,Java,https://github.com/prometheus/client_java,http://github.com/prometheus/client_java,2022-06-15T21:18:22Z,820,,2285,2026-08-20T03:56:23.000Z,false,pkg:maven/io.prometheus/simpleclient
dev.zio:zio-test-magnolia,42,148,Scala,https://github.com/zio/zio,https://zio.dev,2026-05-06T11:08:00Z,36,,4407,2026-08-22T01:12:38.000Z,false,pkg:maven/dev.zio/zio-test-magnolia_2.13
com.dimafeng:testcontainers-scala-scalatest,42,187,,https://gitlab.com/testcontainers/testcontainers-scala,https://gitlab.com/testcontainers/testcontainers-scala,2025-12-23T02:42:37Z,87,,,,,pkg:maven/com.dimafeng/testcontainers-scala-scalatest_2.13
org.scalatest:scalatest_2.13.0-RC2,42,103,Scala,https://github.com/scalatest/scalatest,http://www.scalatest.org,2019-05-19T06:09:49Z,125,,1167,2026-08-21T10:07:44.000Z,false,pkg:maven/org.scalatest/scalatest_2.13.0-RC2
org.apache.maven:maven-plugin-api,42,65,Java,https://github.com/apache/maven,https://maven.apache.org/ref/4.0.0-rc-6/,2026-05-18T00:13:33Z,6755,,5315,2026-08-11T01:06:13.000Z,false,pkg:maven/org.apache.maven/maven-plugin-api
com.typesafe.akka:akka-cluster-tools,42,109,Scala,https://github.com/akka/akka,https://akka.io/,2024-10-28T08:37:39Z,178,,13223,2025-10-18T05:06:10.000Z,false,pkg:maven/com.typesafe.akka/akka-cluster-tools_2.12
org.springframework:spring-context,42,118,Java,https://github.com/spring-projects/spring-framework,https://github.com/spring-projects/spring-framework,2026-08-21T02:18:57Z,10396,,60216,2026-09-01T09:20:43.000Z,false,pkg:maven/org.springframework/spring-context
org.typelevel:simulacrum,42,402,Scala,https://github.com/mpilquist/simulacrum,http://github.com/mpilquist/simulacrum,2020-10-21T20:42:24Z,241,,938,2023-01-21T08:35:21.000Z,false,pkg:maven/org.typelevel/simulacrum_2.13
org.apache.pekko:pekko-slf4j,42,106,Scala,https://github.com/apache/pekko,https://pekko.apache.org/,2026-08-20T02:32:35Z,0,,1625,2026-08-21T21:26:26.000Z,false,pkg:maven/org.apache.pekko/pekko-slf4j_2.13
org.hsqldb:hsqldb,42,260,,http://sourceforge.net/p/hsqldb/svn/HEAD/tree/base/tags/2.7.4,http://hsqldb.org,2026-09-02T05:23:49Z,3015,,,,,pkg:maven/org.hsqldb/hsqldb
org.tpolecat:doobie-hikari,42,109,Scala,https://github.com/typelevel/doobie,https://github.com/typelevel/doobie,2021-05-23T19:09:54Z,44,,2226,2026-08-13T08:36:08.000Z,false,pkg:maven/org.tpolecat/doobie-hikari_2.12
com.softwaremill.magnolia1_2:magnolia,41,129,Scala,https://github.com/softwaremill/magnolia,http://softwaremill.com/open-source,2026-06-17T02:12:50Z,45,,801,2026-07-31T00:31:49.000Z,false,pkg:maven/com.softwaremill.magnolia1_2/magnolia_2.13
org.apache.hadoop:hadoop-aws,41,76,,"",,2026-03-24T17:19:54Z,216,,,,,pkg:maven/org.apache.hadoop/hadoop-aws
org.seleniumhq.selenium:selenium-java,41,218,Java,https://github.com/SeleniumHQ/selenium,https://selenium.dev/,2026-08-29T02:15:25Z,1796,,34411,2026-08-28T15:42:33.000Z,false,pkg:maven/org.seleniumhq.selenium/selenium-java
org.typelevel:cats-effect-std,41,189,Scala,https://github.com/typelevel/cats-effect,https://github.com/typelevel/cats-effect,2026-08-25T02:08:49Z,46,,2236,2026-08-28T11:28:14.000Z,false,pkg:maven/org.typelevel/cats-effect-std_2.13
org.scalatra:scalatra,41,158,Scala,https://github.com/scalatra/scalatra,http://www.scalatra.org/,2016-05-13T12:43:34Z,56,,2650,2026-08-29T09:06:40.000Z,false,pkg:maven/org.scalatra/scalatra_2.10
org.bouncycastle:bcpkix-jdk15on,41,126,Java,https://github.com/bcgit/bc-java,https://www.bouncycastle.org/java.html,2021-12-01T03:38:39Z,2314,,2683,2026-08-26T13:04:51.000Z,false,pkg:maven/org.bouncycastle/bcpkix-jdk15on
org.apache.flink:flink-clients,41,169,Java,https://github.com/apache/flink,https://flink.apache.org,2022-09-10T08:03:36Z,265,,26262,2026-08-14T21:08:44.000Z,false,pkg:maven/org.apache.flink/flink-clients_2.11
com.twitter:chill,40,155,Scala,https://github.com/twitter/chill,https://github.com/twitter/chill,2021-06-04T22:07:14Z,83,,616,2024-08-19T21:32:21.000Z,false,pkg:maven/com.twitter/chill_2.11
org.apache.derby:derby,40,318,,http://svn.apache.org/viewcvs.cgi/db/derby/code/trunk/?root=Apache-SVN,http://db.apache.org/derby/,2023-11-10T17:47:39Z,2009,,,,,pkg:maven/org.apache.derby/derby
io.monix:minitest,40,246,Scala,https://github.com/monix/minitest,https://github.com/monix/minitest,2021-05-13T19:27:48Z,72,,177,2023-03-10T17:04:40.000Z,false,pkg:maven/io.monix/minitest_2.12
net.logstash.logback:logstash-logback-encoder,40,131,Java,https://github.com/logfellow/logstash-logback-encoder,https://github.com/logfellow/logstash-logback-encoder,2022-04-13T12:22:48Z,810,,2529,2026-07-15T22:35:54.000Z,false,pkg:maven/net.logstash.logback/logstash-logback-encoder
io.estatico:newtype,40,153,Scala,https://github.com/estatico/scala-newtype,https://github.com/estatico/scala-newtype,2020-05-07T06:20:19Z,73,,542,2022-02-10T08:49:09.000Z,false,pkg:maven/io.estatico/newtype_2.13
org.apache.hadoop:hadoop-mapreduce-client-core,39,171,,"",,2026-03-24T17:04:59Z,996,,,,,pkg:maven/org.apache.hadoop/hadoop-mapreduce-client-core
org.typelevel:cats-mtl,39,209,Scala,https://github.com/typelevel/cats-mtl,https://typelevel.org/cats-mtl,2025-08-18T16:09:07Z,48,,307,2026-08-04T00:45:11.000Z,false,pkg:maven/org.typelevel/cats-mtl_2.13
com.typesafe.akka:akka-persistence-tck,39,139,Scala,https://github.com/akka/akka,https://akka.io/,2024-10-28T08:37:31Z,59,,13208,2025-09-05T07:12:28.000Z,false,pkg:maven/com.typesafe.akka/akka-persistence-tck_2.12
io.kamon:kamon-testkit,39,189,Scala,https://github.com/kamon-io/Kamon,http://kamon.io,2025-04-23T21:24:13Z,63,,1426,2026-01-19T13:16:26.000Z,false,pkg:maven/io.kamon/kamon-testkit_2.12
org.typelevel:scalacheck-effect-munit,39,329,Scala,https://github.com/typelevel/scalacheck-effect,https://github.com/typelevel/scalacheck-effect,2026-03-09T08:28:16Z,57,,82,2026-07-27T20:53:50.000Z,false,pkg:maven/org.typelevel/scalacheck-effect-munit_2.13
com.twitter:finagle-core,39,306,Scala,https://github.com/twitter/finagle,https://github.com/twitter/finagle,2021-02-11T00:08:34Z,146,,8861,2026-07-28T12:10:56.000Z,false,pkg:maven/com.twitter/finagle-core_2.11
commons-cli:commons-cli,39,101,,https://gitbox.apache.org/repos/asf?p=commons-cli.git,https://commons.apache.org/proper/commons-cli/,2025-11-08T22:40:25Z,4149,,,,,pkg:maven/commons-cli/commons-cli
org.playframework:play,39,82,Scala,https://github.com/playframework/playframework,https://github.com/playframework/playframework,2026-05-21T04:58:34Z,0,,12617,2026-08-11T23:52:00.000Z,false,pkg:maven/org.playframework/play_2.13
org.apache.parquet:parquet-avro,39,143,Java,https://github.com/apache/parquet-java,https://parquet.apache.org,2026-08-12T02:26:03Z,319,,3078,2026-09-01T03:04:18.000Z,false,pkg:maven/org.apache.parquet/parquet-avro
com.typesafe.akka:akka-multi-node-testkit,39,104,Scala,https://github.com/akka/akka,https://akka.io/,2020-10-15T15:01:30Z,48,,13223,2025-09-26T10:41:19.000Z,false,pkg:maven/com.typesafe.akka/akka-multi-node-testkit_2.11
org.easymock:easymock,39,116,HTML,https://github.com/easymock/easymock,https://easymock.org/easymock,2026-08-23T02:07:09Z,3986,,831,2026-08-10T07:41:30.000Z,false,pkg:maven/org.easymock/easymock
org.scala-js:scalajs-test-interface_2.13.0-RC2,39,99,Scala,https://github.com/scala-js/scala-js,https://www.scala-js.org/,2019-05-23T16:07:14Z,106,,4710,2026-08-15T18:05:40.000Z,false,pkg:maven/org.scala-js/scalajs-test-interface_2.13.0-RC2
ch.epfl.lamp:dotty-library_0.26,38,118,Scala,https://github.com/lampepfl/dotty,https://github.com/lampepfl/dotty,2020-08-27T12:39:57Z,120,,5257,2023-03-17T15:55:32.000Z,false,pkg:maven/ch.epfl.lamp/dotty-library_0.26
org.scalatest:scalatest_2.12.0-RC1,38,73,Scala,https://github.com/scalatest/scalatest,http://www.scalatest.org,2016-09-08T07:24:27Z,84,,1167,2026-08-21T10:07:44.000Z,false,pkg:maven/org.scalatest/scalatest_2.12.0-RC1
org.openjdk.jmh:jmh-generator-bytecode,38,109,Java,https://github.com/openjdk/jmh,http://openjdk.java.net/projects/code-tools/jmh/,2020-09-02T15:34:25Z,174,,2667,2026-07-14T14:46:24.000Z,false,pkg:maven/org.openjdk.jmh/jmh-generator-bytecode
eu.timepit:refined-scalacheck,38,148,Scala,https://github.com/fthomas/refined,https://github.com/fthomas/refined,2026-06-30T23:54:47Z,40,,1731,2026-08-21T16:23:41.000Z,false,pkg:maven/eu.timepit/refined-scalacheck_2.12
com.sksamuel.scapegoat:scalac-scapegoat-plugin,38,138,Scala,https://github.com/sksamuel/scapegoat,https://github.com/sksamuel/scapegoat,2019-10-14T11:42:56Z,140,,478,2023-02-24T15:43:38.000Z,false,pkg:maven/com.sksamuel.scapegoat/scalac-scapegoat-plugin_2.11
org.reactivemongo:reactivemongo,38,107,Scala,https://github.com/ReactiveMongo/ReactiveMongo,http://reactivemongo.org,2021-12-18T22:40:21Z,35,,857,2026-08-12T18:50:22.000Z,false,pkg:maven/org.reactivemongo/reactivemongo_2.11
org.openjdk.jmh:jmh-generator-reflection,38,109,Java,https://github.com/openjdk/jmh,http://openjdk.java.net/projects/code-tools/jmh/,2020-09-02T15:32:42Z,170,,2667,2026-07-14T14:46:24.000Z,false,pkg:maven/org.openjdk.jmh/jmh-generator-reflection
io.gatling.highcharts:gatling-charts-highcharts,38,55,Scala,https://github.com/gatling/gatling-highcharts,https://gatling.io,2026-05-25T19:57:38Z,100,,42,2026-08-25T16:09:55.000Z,false,pkg:maven/io.gatling.highcharts/gatling-charts-highcharts
org.elasticsearch:elasticsearch,38,109,Java,https://github.com/elastic/elasticsearch,https://github.com/elastic/elasticsearch,2026-08-21T02:19:11Z,1411,,77850,2026-08-22T10:05:29.000Z,false,pkg:maven/org.elasticsearch/elasticsearch
org.javassist:javassist,38,196,Java,https://github.com/jboss-javassist/javassist,https://www.javassist.org/,2026-08-24T02:01:34Z,3572,,4230,2026-06-21T09:20:21.000Z,false,pkg:maven/org.javassist/javassist
com.github.pureconfig:pureconfig-core,38,204,Scala,https://github.com/pureconfig/pureconfig,https://github.com/pureconfig/pureconfig,2026-01-26T16:52:31Z,66,,1540,2026-08-30T21:35:02.000Z,false,pkg:maven/com.github.pureconfig/pureconfig-core_2.13
org.playframework:play-test,37,65,,,,,,,,,,
org.json4s:json4s-ast,37,135,Scala,https://github.com/json4s/json4s,https://github.com/json4s/json4s,2022-09-29T06:47:47Z,44,,1485,2026-08-20T05:32:53.000Z,false,pkg:maven/org.json4s/json4s-ast_2.11
org.scalaz.stream:scalaz-stream,37,106,Scala,https://github.com/scalaz/scalaz-stream,https://github.com/scalaz/scalaz-stream,2016-11-02T14:24:49Z,67,,52,2018-08-01T02:57:57.000Z,false,pkg:maven/org.scalaz.stream/scalaz-stream_2.11
com.twitter:algebird-core,37,160,Scala,https://github.com/twitter/algebird,https://github.com/twitter/algebird,2023-07-10T19:54:35Z,67,,2182,2023-03-05T19:57:11.000Z,false,pkg:maven/com.twitter/algebird-core_2.11
org.scala-js:scalajs-library_2.13.0-M2,37,101,Scala,https://github.com/scala-js/scala-js,http://scala-js.org/,2018-01-23T21:52:20Z,109,,4669,2025-10-05T22:14:12.000Z,false,pkg:maven/org.scala-js/scalajs-library_2.13.0-M2
org.apache.flink:flink-scala,37,130,Java,https://github.com/apache/flink,https://flink.apache.org,2022-09-10T07:54:58Z,121,,26288,2026-08-24T15:52:44.000Z,false,pkg:maven/org.apache.flink/flink-scala_2.11
org.testng:testng,37,172,Java,https://github.com/testng-team/testng,https://testng.org,2026-01-22T05:19:41Z,10062,,2059,2026-08-26T09:27:33.000Z,false,pkg:maven/org.testng/testng
org.apache.curator:curator-framework,37,84,Java,https://github.com/apache/curator,https://curator.apache.org,2025-07-04T05:52:21Z,1049,,3172,2026-07-24T14:18:59.000Z,false,pkg:maven/org.apache.curator/curator-framework
org.scala-stm:scala-stm,37,95,Scala,https://github.com/nbronson/scala-stm,http://nbronson.github.com/scala-stm/,2012-12-22T03:38:26Z,40,,247,2018-04-01T14:47:22.000Z,false,pkg:maven/org.scala-stm/scala-stm_2.10
com.olvind:scalablytyped-runtime,37,57,Scala,https://github.com/ScalablyTyped/Runtime,http://github.com/ScalablyTyped/Runtime,2021-05-24T23:27:08Z,36,,0,2021-05-24T23:36:25.000Z,false,pkg:maven/com.olvind/scalablytyped-runtime_sjs1_2.13
com.fasterxml.jackson.datatype:jackson-datatype-joda,37,114,Java,https://github.com/FasterXML/jackson-datatype-joda,https://github.com/FasterXML/jackson-datatype-joda,2026-08-17T02:23:13Z,1609,,148,2026-08-02T17:04:01.000Z,false,pkg:maven/com.fasterxml.jackson.datatype/jackson-datatype-joda
org.apache.httpcomponents:httpcore,37,101,Java,https://github.com/apache/httpcomponents-core,http://hc.apache.org/httpcomponents-core-ga,2022-11-26T09:45:01Z,4296,,364,2026-08-21T12:50:23.000Z,false,pkg:maven/org.apache.httpcomponents/httpcore
com.github.biopet:ngs-utils,37,37,Scala,https://github.com/biopet/ngs-utils,https://github.com/biopet/ngs-utils,2018-03-05T14:18:31Z,37,,0,2018-10-25T08:21:48.000Z,false,pkg:maven/com.github.biopet/ngs-utils_2.11
org.scala-js:scalajs-junit-test-runtime,36,351,Scala,https://github.com/scala-js/scala-js,https://www.scala-js.org/,2026-06-21T00:11:02Z,171,,4710,2026-08-15T18:05:40.000Z,false,pkg:maven/org.scala-js/scalajs-junit-test-runtime_2.13
org.codehaus.jackson:jackson-mapper-asl,36,130,,http://xircles.codehaus.org/projects/jackson/repos/primary/repo,http://jackson.codehaus.org,2013-07-15T03:07:50Z,2940,,,,,pkg:maven/org.codehaus.jackson/jackson-mapper-asl
org.typelevel:discipline-core,36,366,Scala,https://github.com/typelevel/discipline,https://github.com/typelevel/discipline,2024-04-22T15:28:40Z,90,,336,2026-07-27T16:49:06.000Z,false,pkg:maven/org.typelevel/discipline-core_2.13
co.fs2:fs2-reactive-streams,36,117,Scala,https://github.com/typelevel/fs2,https://typelevel.org/fs2,2026-03-12T18:31:42Z,51,,2451,2026-08-24T18:08:23.000Z,false,pkg:maven/co.fs2/fs2-reactive-streams_2.13
org.scala-js:scalajs-library_2.13.0-M3,36,106,Scala,https://github.com/scala-js/scala-js,https://www.scala-js.org/,2018-11-27T22:55:20Z,115,,4669,2025-10-05T22:14:12.000Z,false,pkg:maven/org.scala-js/scalajs-library_2.13.0-M3
com.twitter:scrooge-core,36,146,Scala,https://github.com/twitter/scrooge,https://github.com/twitter/scrooge,2021-02-10T23:48:23Z,74,,771,2023-02-22T17:21:49.000Z,false,pkg:maven/com.twitter/scrooge-core_2.11
org.scala-sbt:launcher-interface,36,122,Scala,https://github.com/sbt/launcher,https://scala-sbt.org,2026-03-19T03:09:20Z,118,,41,2025-09-13T19:18:30.000Z,false,pkg:maven/org.scala-sbt/launcher-interface
org.scalatest:scalatest-wordspec,36,443,Scala,https://github.com/scalatest/scalatest,http://www.scalatest.org,2026-03-25T13:53:44Z,94,,1167,2026-08-21T10:07:44.000Z,false,pkg:maven/org.scalatest/scalatest-wordspec_2.13
org.typelevel:cats-core_3.0.0-RC2,36,47,Scala,https://github.com/typelevel/cats,https://github.com/typelevel/cats,2021-04-19T22:33:10Z,49,,5456,2026-08-21T12:13:32.000Z,false,pkg:maven/org.typelevel/cats-core_3.0.0-RC2
com.typesafe.akka:akka-contrib,36,73,Scala,https://github.com/akka/akka,https://akka.io/,2020-10-15T15:02:53Z,60,,13223,2025-10-18T05:06:10.000Z,false,pkg:maven/com.typesafe.akka/akka-contrib_2.11
com.lihaoyi:acyclic,36,803,,https://github.com/lihaoyi/Fansi,https://github.com/lihaoyi/Fansi,2021-03-24T14:23:15Z,499,,,,,pkg:maven/com.lihaoyi/acyclic_2.12
commons-net:commons-net,36,96,Java,https://gitbox.apache.org/repos/asf/commons-net,https://commons.apache.org/proper/commons-net/,2026-03-15T16:25:13Z,1384,,296,2026-08-22T13:46:32.000Z,false,pkg:maven/commons-net/commons-net
com.thoughtworks.paranamer:paranamer,36,134,Java,https://github.com/paul-hammant/paranamer,https://github.com/paul-hammant/paranamer,2025-03-11T14:55:18Z,583,,233,2025-03-11T14:53:35.000Z,false,pkg:maven/com.thoughtworks.paranamer/paranamer
org.scalaz:scalaz-effect,36,173,Scala,https://github.com/scalaz/scalaz,http://scalaz.org,2022-11-25T07:57:35Z,59,,4673,2026-08-24T22:08:56.000Z,false,pkg:maven/org.scalaz/scalaz-effect_2.11
com.typesafe.akka:akka-stream-kafka,36,68,Scala,https://github.com/akka/alpakka-kafka,https://doc.akka.io/docs/alpakka-kafka/current,2023-04-17T10:27:29Z,149,,1422,2026-07-20T20:05:11.000Z,false,pkg:maven/com.typesafe.akka/akka-stream-kafka_2.12
javax.mail:mail,36,103,,http://kenai.com/hg/javamail~mercurial,http://kenai.com/projects/javamail,2013-03-09T01:38:18Z,2085,,,,,pkg:maven/javax.mail/mail
com.softwaremill.sttp.client:core,36,148,Scala,https://github.com/softwaremill/sttp,http://softwaremill.com/open-source,2022-01-13T12:05:14Z,77,,1503,2026-08-24T00:53:26.000Z,false,pkg:maven/com.softwaremill.sttp.client/core_2.13
dev.optics:monocle-core,36,124,Scala,https://github.com/optics-dev/Monocle,https://github.com/optics-dev/Monocle,2024-08-09T08:11:07Z,30,,1699,2026-08-15T23:47:17.000Z,false,pkg:maven/dev.optics/monocle-core_3
com.amazonaws:aws-java-sdk-core,36,137,Java,https://github.com/aws/aws-sdk-java,https://aws.amazon.com/sdkforjava,2025-12-29T23:26:33Z,1052,,4174,2025-07-15T20:38:13.000Z,false,pkg:maven/com.amazonaws/aws-java-sdk-core
org.scalacheck:scalacheck_2.13.0-RC1,36,61,Scala,https://github.com/rickynils/scalacheck,http://www.scalacheck.org,2019-04-04T19:16:32Z,68,,1858,2023-03-17T01:15:47.000Z,false,pkg:maven/org.scalacheck/scalacheck_2.13.0-RC1
de.sciss:swingplus,35,74,,git@git.iem.at:sciss/SwingPlus.git,https://git.iem.at/sciss/SwingPlus,2020-11-11T17:24:14Z,22,,,,,pkg:maven/de.sciss/swingplus_2.12
org.playframework.twirl:twirl-api,35,59,Scala,https://github.com/playframework/twirl,https://github.com/playframework/twirl,2025-06-30T13:00:09Z,0,,561,2026-08-22T00:20:29.000Z,false,pkg:maven/org.playframework.twirl/twirl-api_2.12
org.scalatestplus:junit-4-13,35,241,Scala,https://github.com/scalatest/scalatestplus-junit,https://github.com/scalatest/scalatestplus-junit,2026-03-26T05:14:42Z,74,,7,2025-08-16T07:34:47.000Z,false,pkg:maven/org.scalatestplus/junit-4-13_2.13
com.github.japgolly.scalajs-react:extra,35,147,Scala,https://github.com/japgolly/scalajs-react,https://github.com/japgolly/scalajs-react,2020-11-25T04:53:01Z,41,,1657,2026-07-13T06:23:38.000Z,false,pkg:maven/com.github.japgolly.scalajs-react/extra_sjs0.6_2.12
it.unimi.dsi:fastutil,35,88,Java,https://github.com/vigna/fastutil,http://fastutil.di.unimi.it/,2026-07-22T14:56:10Z,773,,2220,2026-07-22T22:00:40.000Z,false,pkg:maven/it.unimi.dsi/fastutil
org.scala-lang.modules:scala-swing,35,64,Scala,https://github.com/scala/scala-swing,http://www.scala-lang.org/,2020-11-11T15:43:02Z,42,,140,2026-08-21T23:17:46.000Z,false,pkg:maven/org.scala-lang.modules/scala-swing_2.11
javax.inject:javax.inject,35,130,,http://code.google.com/p/atinject/source/checkout,http://code.google.com/p/atinject/,2009-10-13T23:35:00Z,5954,,,,,pkg:maven/javax.inject/javax.inject
org.scalikejdbc:scalikejdbc,35,153,Scala,https://github.com/scalikejdbc/scalikejdbc,http://scalikejdbc.org/,2020-05-10T01:10:10Z,51,,1281,2026-08-23T06:45:06.000Z,false,pkg:maven/org.scalikejdbc/scalikejdbc_2.11
org.apache.poi:poi-ooxml,35,107,,"",https://poi.apache.org/,2025-11-26T20:53:32Z,2297,,,,,pkg:maven/org.apache.poi/poi-ooxml
com.vladsch.flexmark:flexmark-all,35,146,Java,https://github.com/vsch/flexmark-java,https://github.com/vsch/flexmark-java,2023-05-23T18:28:21Z,266,,2416,2025-04-16T19:07:12.000Z,false,pkg:maven/com.vladsch.flexmark/flexmark-all
org.apache.parquet:parquet-hadoop,35,106,Java,https://github.com/apache/parquet-mr,https://parquet.apache.org,2026-05-08T01:52:25Z,250,,2876,2025-07-13T02:04:51.000Z,false,pkg:maven/org.apache.parquet/parquet-hadoop
io.reactivex:rxscala,35,68,Scala,https://github.com/ReactiveX/RxScala,https://github.com/ReactiveX/RxScala,2019-12-29T15:44:59Z,80,,886,2020-01-08T16:00:38.000Z,false,pkg:maven/io.reactivex/rxscala_2.11
com.disneystreaming:weaver-cats,35,215,Scala,https://github.com/disneystreaming/weaver-test,https://github.com/disneystreaming,2024-01-25T10:30:19Z,98,,349,2023-02-23T21:57:13.000Z,false,pkg:maven/com.disneystreaming/weaver-cats_2.13
com.github.japgolly.scalajs-react:test,34,133,Scala,https://github.com/japgolly/scalajs-react,https://github.com/japgolly/scalajs-react,2020-11-25T04:52:51Z,39,,1656,2026-06-19T05:54:17.000Z,false,pkg:maven/com.github.japgolly.scalajs-react/test_sjs0.6_2.12
org.scalatestplus:mockito-3-4,34,288,Scala,https://github.com/scalatest/scalatestplus-mockito,https://github.com/scalatest/scalatestplus-mockito,2021-09-17T01:49:24Z,181,,17,2025-08-16T07:39:42.000Z,false,pkg:maven/org.scalatestplus/mockito-3-4_2.13
org.typelevel:cats-core_2.13.0-M5,34,55,Scala,https://github.com/typelevel/cats,https://github.com/typelevel/cats,2019-06-03T13:07:05Z,61,,5456,2026-08-21T12:13:32.000Z,false,pkg:maven/org.typelevel/cats-core_2.13.0-M5
org.scala-js:scalajs-library_2.12.0-RC2,34,73,Scala,https://github.com/scala-js/scala-js,http://scala-js.org/,2016-10-15T06:56:50Z,102,,4710,2026-08-15T18:05:40.000Z,false,pkg:maven/org.scala-js/scalajs-library_2.12.0-RC2
io.monix:monix-reactive,34,138,Scala,https://github.com/monix/monix,https://monix.io,2022-05-07T18:36:08Z,40,,1938,2024-08-12T23:48:38.000Z,false,pkg:maven/io.monix/monix-reactive_2.12
software.amazon.awssdk:dynamodb,34,112,Java,https://github.com/aws/aws-sdk-java-v2,https://aws.amazon.com/sdkforjava,2026-08-29T02:07:30Z,209,,2610,2026-08-27T22:24:23.000Z,false,pkg:maven/software.amazon.awssdk/dynamodb
org.scala-lang:scala3-library_sjs1_3.0.0-M1,34,62,Scala,https://github.com/lampepfl/dotty,https://github.com/lampepfl/dotty,2020-10-30T04:05:24Z,62,,5257,2023-03-21T13:25:51.000Z,false,pkg:maven/org.scala-lang/scala3-library_sjs1_3.0.0-M1
org.apache.hbase:hbase-client,34,117,,https://gitbox.apache.org/repos/asf?p=hbase.git/hbase-build-configuration/hbase-client,https://hbase.apache.org/hbase-build-configuration/hbase-client,2026-08-06T02:29:41Z,672,,,,,pkg:maven/org.apache.hbase/hbase-client
org.mindrot:jbcrypt,34,101,Java,https://github.com/djmdjm/jBCrypt,https://github.com/djmdjm/jBCrypt,2017-02-13T18:23:31Z,361,,57,2017-02-07T17:57:25.000Z,false,pkg:maven/org.mindrot/jbcrypt
org.hamcrest:hamcrest-all,34,524,Java,https://github.com/hamcrest/JavaHamcrest,https://github.com/hamcrest/JavaHamcrest,2012-07-09T21:11:44Z,6476,,2190,2025-02-24T12:15:06.000Z,false,pkg:maven/org.hamcrest/hamcrest-all
org.scalatest:scalatest_2.13.0-M3,34,67,Scala,https://github.com/scalatest/scalatest,http://www.scalatest.org,2018-02-13T03:14:35Z,78,,1167,2026-08-21T10:07:44.000Z,false,pkg:maven/org.scalatest/scalatest_2.13.0-M3
org.apache.pekko:pekko-stream-testkit,33,86,,,,,,,,,,
org.tpolecat:natchez-core,33,199,Scala,https://github.com/typelevel/natchez,https://github.com/typelevel/natchez,2026-04-17T16:07:12Z,49,,340,2026-08-04T14:22:22.000Z,false,pkg:maven/org.tpolecat/natchez-core_2.13
org.apache.spark:spark-avro,33,113,Scala,https://github.com/apache/spark,http://spark.apache.org/,2021-05-09T20:20:54Z,75,,43901,2026-08-29T17:53:00.000Z,false,pkg:maven/org.apache.spark/spark-avro_2.11
io.gatling:gatling-test-framework,33,48,Scala,https://github.com/gatling/gatling,https://gatling.io,2026-05-25T19:50:50Z,49,,6953,2026-08-25T11:51:30.000Z,false,pkg:maven/io.gatling/gatling-test-framework
de.sciss:submin,33,77,Java,https://codeberg.org/sciss/Submin,https://codeberg.org/sciss/Submin,2026-01-23T20:56:02Z,184,,4,2021-10-10T18:15:19.000Z,false,pkg:maven/de.sciss/submin
net.codingwell:scala-guice,33,182,Scala,https://github.com/codingwell/scala-guice,https://github.com/codingwell/scala-guice,2023-05-13T18:34:17Z,81,,339,2023-03-04T21:33:18.000Z,false,pkg:maven/net.codingwell/scala-guice_2.11
org.junit.jupiter:junit-jupiter-api,33,129,Java,https://github.com/junit-team/junit-framework,https://junit.org/,2026-08-08T02:31:39Z,12039,,7041,2026-08-26T21:49:43.000Z,false,pkg:maven/org.junit.jupiter/junit-jupiter-api
org.typelevel:cats-core_3.0.0-RC1,33,45,Scala,https://github.com/typelevel/cats,https://github.com/typelevel/cats,2021-03-29T18:07:59Z,46,,5456,2026-08-21T12:13:32.000Z,false,pkg:maven/org.typelevel/cats-core_3.0.0-RC1
org.typelevel:cats-effect-testing-scalatest,33,115,Scala,https://github.com/typelevel/cats-effect-testing,https://github.com/typelevel/cats-effect-testing,2026-03-09T14:47:51Z,58,,194,2026-08-04T16:40:35.000Z,false,pkg:maven/org.typelevel/cats-effect-testing-scalatest_2.13
org.scalatest:scalatest_2.9.0-1,33,49,,http://code.google.com/p/scalatest/source/browse/,http://www.scalatest.org,2013-09-10T16:56:00Z,67,,,,,pkg:maven/org.scalatest/scalatest_2.9.0-1
com.whisk:docker-testkit-scalatest,33,81,Scala,https://github.com/whisklabs/docker-it-scala,https://github.com/whisklabs/docker-it-scala,2024-02-14T11:44:15Z,33,,431,2022-10-17T08:47:14.000Z,false,pkg:maven/com.whisk/docker-testkit-scalatest_2.12
org.typelevel:kittens,33,121,Scala,https://github.com/typelevel/kittens,https://github.com/typelevel/kittens,2025-03-04T15:32:14Z,35,,545,2026-08-04T00:49:04.000Z,false,pkg:maven/org.typelevel/kittens_2.13
io.circe:circe-optics,33,91,Scala,https://github.com/circe/circe-optics,https://github.com/circe/circe-optics,2021-05-27T14:18:01Z,46,,50,2025-08-15T09:09:12.000Z,false,pkg:maven/io.circe/circe-optics_2.12
org.scala-js:scalajs-test-interface_2.13.0-M2,33,82,Scala,https://github.com/scala-js/scala-js,http://scala-js.org/,2018-01-23T21:54:47Z,90,,4710,2026-08-15T18:05:40.000Z,false,pkg:maven/org.scala-js/scalajs-test-interface_2.13.0-M2
org.scala-js:scalajs-java-securerandom,33,171,Scala,https://github.com/scala-js/scala-js-java-securerandom,https://github.com/scala-js/scala-js-java-securerandom,2022-04-04T20:30:28Z,106,,2,2022-07-12T21:03:38.000Z,false,pkg:maven/org.scala-js/scalajs-java-securerandom_sjs1_2.13
com.datastax.oss:java-driver-core,33,96,Java,https://github.com/datastax/java-driver,https://github.com/datastax/java-driver,2023-07-12T22:37:45Z,303,,1377,2025-08-14T21:40:45.000Z,false,pkg:maven/com.datastax.oss/java-driver-core
org.apache.hbase:hbase-common,33,92,,https://gitbox.apache.org/repos/asf?p=hbase.git/hbase-build-configuration/hbase-common,https://hbase.apache.org/hbase-build-configuration/hbase-common,2026-08-06T02:29:52Z,475,,,,,pkg:maven/org.apache.hbase/hbase-common
com.typesafe.akka:akka-cluster-sharding,33,91,Scala,https://github.com/akka/akka,https://akka.io/,2024-10-28T08:37:38Z,167,,12644,2023-03-21T16:09:37.000Z,false,pkg:maven/com.typesafe.akka/akka-cluster-sharding_2.12
io.netty:netty-transport-native-epoll,33,117,Java,https://github.com/netty/netty,http://netty.io/,2026-08-07T02:08:08Z,1206,,35033,2026-08-25T17:14:11.000Z,false,pkg:maven/io.netty/netty-transport-native-epoll
com.typesafe.play:play-java,33,120,Scala,https://github.com/playframework/playframework,https://playframework.com,2020-12-14T10:30:51Z,81,,12621,2026-08-24T21:23:35.000Z,false,pkg:maven/com.typesafe.play/play-java_2.11
org.typelevel:jawn-parser,32,253,Scala,https://github.com/typelevel/jawn,https://github.com/typelevel/jawn,2026-06-24T13:45:24Z,85,,436,2026-08-07T08:36:48.000Z,false,pkg:maven/org.typelevel/jawn-parser_2.13
org.typelevel:alleycats-core,32,148,Scala,https://github.com/typelevel/cats,https://typelevel.org/cats,2025-01-20T20:29:21Z,41,,5456,2026-08-21T12:13:32.000Z,false,pkg:maven/org.typelevel/alleycats-core_2.12
com.microsoft.sqlserver:mssql-jdbc,32,80,Java,https://github.com/Microsoft/mssql-jdbc,https://github.com/Microsoft/mssql-jdbc,2026-08-01T02:15:02Z,721,,1129,2026-08-15T09:04:14.000Z,false,pkg:maven/com.microsoft.sqlserver/mssql-jdbc
org.aspectj:aspectjweaver,32,89,Java,https://github.com/eclipse/org.aspectj,https://www.eclipse.org/aspectj/,2025-11-04T03:17:38Z,3023,,347,2025-04-15T22:30:08.000Z,false,pkg:maven/org.aspectj/aspectjweaver
org.apache.maven.plugin-tools:maven-plugin-annotations,32,46,Java,https://github.com/apache/maven-plugin-tools,https://maven.apache.org/plugin-tools/maven-plugin-annotations,2025-10-20T19:22:04Z,4884,,64,2026-08-26T15:10:49.000Z,false,pkg:maven/org.apache.maven.plugin-tools/maven-plugin-annotations
io.circe:circe-java8,32,59,Scala,https://github.com/circe/circe,https://github.com/circe/circe,2019-01-12T15:24:39Z,57,,2541,2026-07-23T08:36:23.000Z,false,pkg:maven/io.circe/circe-java8_2.12
com.softwaremill.magnolia1_3:magnolia,32,53,Scala,https://github.com/softwaremill/magnolia,http://softwaremill.com/open-source,2026-07-15T02:19:30Z,19,,801,2026-07-31T00:31:49.000Z,false,pkg:maven/com.softwaremill.magnolia1_3/magnolia_3
org.scalanlp:breeze-natives,32,54,Scala,https://github.com/scalanlp/breeze,http://scalanlp.org/,2017-08-01T04:07:39Z,34,,3455,2025-10-04T22:40:06.000Z,false,pkg:maven/org.scalanlp/breeze-natives_2.11
org.scalatra.scalate:scalate-core,32,125,Scala,https://github.com/scalate/scalate,https://scalate.github.io/scalate,2024-05-12T05:13:17Z,54,,609,2026-07-27T22:03:21.000Z,false,pkg:maven/org.scalatra.scalate/scalate-core_2.11
org.rocksdb:rocksdbjni,32,79,C++,https://github.com/facebook/rocksdb,https://rocksdb.org,2026-03-30T10:34:51Z,376,,31995,2026-08-21T18:42:02.000Z,false,pkg:maven/org.rocksdb/rocksdbjni
org.apache.lucene:lucene-core,32,73,,https://gitbox.apache.org/repos/asf?p=lucene.git,https://lucene.apache.org/,2026-08-13T02:26:44Z,1307,,,,,pkg:maven/org.apache.lucene/lucene-core
org.apache.spark:spark-graphx,31,106,Scala,https://github.com/apache/spark,http://spark.apache.org/,2021-05-09T20:29:17Z,77,,43858,2026-08-22T16:18:18.000Z,false,pkg:maven/org.apache.spark/spark-graphx_2.11
com.trueaccord.scalapb:scalapb-runtime,31,74,Scala,https://github.com/scalapb/ScalaPB,https://github.com/scalapb/ScalaPB,2017-11-24T06:18:36Z,86,,1338,2026-08-07T23:19:44.000Z,false,pkg:maven/com.trueaccord.scalapb/scalapb-runtime_2.11
org.scala-js:scalajs-library_2.13.0-RC3,31,83,Scala,https://github.com/scala-js/scala-js,https://www.scala-js.org/,2019-05-29T19:13:50Z,83,,4710,2026-08-15T18:05:40.000Z,false,pkg:maven/org.scala-js/scalajs-library_2.13.0-RC3
dev.zio:zio-logging,31,109,Scala,https://github.com/zio/zio-logging,https://zio.dev/zio-logging,2026-01-14T08:30:01Z,33,,188,2026-08-26T02:31:09.000Z,false,pkg:maven/dev.zio/zio-logging_2.13
org.apache.flink:flink-test-utils,31,256,Java,https://github.com/apache/flink,https://flink.apache.org,2022-09-10T08:04:48Z,245,,26288,2026-08-24T15:52:44.000Z,false,pkg:maven/org.apache.flink/flink-test-utils_2.11
de.flapdoodle.embed:de.flapdoodle.embed.mongo,31,99,Java,https://github.com/flapdoodle-oss/de.flapdoodle.embed.mongo,http://github.com/flapdoodle-oss/de.flapdoodle.embed.mongo,2026-08-07T01:58:33Z,667,,924,2025-07-30T11:59:24.000Z,false,pkg:maven/de.flapdoodle.embed/de.flapdoodle.embed.mongo
org.scalatest:scalatest_3.0.0-RC3,31,70,Scala,https://github.com/scalatest/scalatest,http://www.scalatest.org,2021-04-20T15:05:17Z,93,,1167,2026-08-21T10:07:44.000Z,false,pkg:maven/org.scalatest/scalatest_3.0.0-RC3
org.apache.curator:curator-recipes,31,95,Java,https://github.com/apache/curator,https://curator.apache.org,2025-07-04T05:52:33Z,1205,,3172,2026-07-24T14:18:59.000Z,false,pkg:maven/org.apache.curator/curator-recipes
org.parboiled:parboiled,31,84,Scala,https://github.com/sirthias/parboiled2,http://parboiled.org,2023-10-09T13:02:08Z,141,,715,2026-08-07T03:41:04.000Z,false,pkg:maven/org.parboiled/parboiled_2.12
org.apache.pekko:pekko-actor-typed,30,78,Scala,https://github.com/apache/pekko,https://pekko.apache.org/,2026-08-20T02:32:36Z,0,,1625,2026-08-21T21:26:26.000Z,false,pkg:maven/org.apache.pekko/pekko-actor-typed_2.13
io.suzaku:boopickle,30,137,Scala,https://github.com/suzaku-io/boopickle,https://github.com/suzaku-io/boopickle,2024-07-17T20:02:39Z,33,,369,2025-08-11T02:42:30.000Z,false,pkg:maven/io.suzaku/boopickle_2.13
org.scala-lang.modules:scala-async,30,57,Scala,https://github.com/scala/async,http://github.com/scala/async,2017-08-08T04:45:55Z,31,,1134,2023-02-16T05:38:23.000Z,false,pkg:maven/org.scala-lang.modules/scala-async_2.11
dev.zio:zio-schema,30,186,Scala,https://zio.dev/zio-schema,https://zio.dev/zio-schema,2026-04-29T11:35:22Z,24,,82,2022-08-20T15:50:43.000Z,false,pkg:maven/dev.zio/zio-schema_2.13
org.testcontainers:postgresql,30,54,Java,https://github.com/testcontainers/testcontainers-java,https://java.testcontainers.org,2025-12-16T00:21:12Z,454,,8723,2026-08-27T22:26:01.000Z,false,pkg:maven/org.testcontainers/postgresql
org.fusesource.leveldbjni:leveldbjni-all,30,133,Shell,https://github.com/fusesource/leveldbjni,http://leveldbjni.fusesource.org,2013-04-16T18:04:46Z,312,,543,2023-12-20T09:19:20.000Z,false,pkg:maven/org.fusesource.leveldbjni/leveldbjni-all
org.scalatest:scalatest-funspec,30,222,Scala,https://github.com/scalatest/scalatest,http://www.scalatest.org,2026-03-25T13:53:45Z,44,,1167,2026-08-21T10:07:44.000Z,false,pkg:maven/org.scalatest/scalatest-funspec_2.13
com.google.protobuf:protobuf-java-util,30,127,C++,https://github.com/protocolbuffers/protobuf,https://developers.google.com/protocol-buffers/,2026-09-02T02:23:54Z,1079,,71831,2026-08-29T10:11:54.000Z,false,pkg:maven/com.google.protobuf/protobuf-java-util
org.scalacheck:scalacheck_2.9.2,30,89,Scala,https://github.com/rickynils/scalacheck,http://www.scalacheck.org,2013-04-07T13:16:27Z,180,,1858,2023-03-17T01:15:47.000Z,false,pkg:maven/org.scalacheck/scalacheck_2.9.2
com.softwaremill.sttp.client4:core,30,128,Scala,https://github.com/softwaremill/sttp,http://softwaremill.com/open-source,2026-07-08T10:52:00Z,0,,1503,2026-08-24T00:53:26.000Z,false,pkg:maven/com.softwaremill.sttp.client4/core_2.12
org.specs2:specs2-core_2.13.0-M5,30,103,Scala,https://github.com/etorreborre/specs2,http://specs2.org/,2019-03-11T11:12:30Z,109,,734,2026-08-30T10:26:13.000Z,false,pkg:maven/org.specs2/specs2-core_2.13.0-M5
com.github.ghik:silencer-lib_2.13.1,30,122,Scala,https://github.com/ghik/silencer,https://github.com/ghik/silencer,2020-02-21T11:32:25Z,444,,253,2025-12-19T16:38:59.000Z,false,pkg:maven/com.github.ghik/silencer-lib_2.13.1
com.softwaremill.sttp.client3:circe,30,69,Scala,https://github.com/softwaremill/sttp,http://softwaremill.com/open-source,2025-04-09T16:08:01Z,34,,1503,2026-08-24T00:53:26.000Z,false,pkg:maven/com.softwaremill.sttp.client3/circe_2.13
org.typelevel:scala-library,30,250,Scala,https://github.com/scala/scala,http://www.scala-lang.org/,2017-01-31T14:49:33Z,364,,14566,2026-08-18T12:13:20.000Z,false,pkg:maven/org.typelevel/scala-library
org.typelevel:cats-mtl-core,30,135,Scala,https://github.com/typelevel/cats-mtl,https://github.com/typelevel/cats-mtl,2020-03-09T19:51:00Z,72,,307,2026-08-04T00:45:11.000Z,false,pkg:maven/org.typelevel/cats-mtl-core_2.12
org.scala-js:scalajs-test-interface_2.13.0-M3,30,77,Scala,https://github.com/scala-js/scala-js,https://www.scala-js.org/,2018-11-27T22:58:43Z,85,,4438,2023-03-19T18:47:30.000Z,false,pkg:maven/org.scala-js/scalajs-test-interface_2.13.0-M3
commons-httpclient:commons-httpclient,30,96,,http://svn.apache.org/repos/asf/jakarta/httpcomponents/oac.hc3x/trunk,http://jakarta.apache.org/httpcomponents/httpclient-3.x/,2006-05-07T20:31:59Z,2196,,,,,pkg:maven/commons-httpclient/commons-httpclient
org.scala-js:scalajs-library_2.13.0-M1,30,58,Scala,https://github.com/scala-js/scala-js,http://scala-js.org/,2017-07-28T22:29:38Z,68,,4710,2026-08-15T18:05:40.000Z,false,pkg:maven/org.scala-js/scalajs-library_2.13.0-M1
org.mariadb.jdbc:mariadb-java-client,29,63,Java,https://github.com/mariadb-corporation/mariadb-connector-j,https://mariadb.com/kb/en/mariadb/about-mariadb-connector-j/,2026-07-30T00:14:18Z,658,,359,2026-07-24T17:44:34.000Z,false,pkg:maven/org.mariadb.jdbc/mariadb-java-client
org.sangria-graphql:sangria,29,58,Scala,https://github.com/sangria-graphql/sangria,https://sangria-graphql.github.io/,2026-07-08T00:04:33Z,32,,1962,2026-08-20T08:14:39.000Z,false,pkg:maven/org.sangria-graphql/sangria_2.13
org.apache.hbase:hbase-server,29,92,,https://gitbox.apache.org/repos/asf?p=hbase.git/hbase-build-configuration/hbase-server,https://hbase.apache.org/hbase-build-configuration/hbase-server,2026-08-06T02:29:31Z,457,,,,,pkg:maven/org.apache.hbase/hbase-server
org.scalacheck:scalacheck_2.13.0-RC2,29,51,Scala,https://github.com/rickynils/scalacheck,http://www.scalacheck.org,2019-05-20T20:41:02Z,57,,1858,2023-03-17T01:15:47.000Z,false,pkg:maven/org.scalacheck/scalacheck_2.13.0-RC2
org.scalatest:scalatest_3.0.0-RC2,29,54,Scala,https://github.com/scalatest/scalatest,http://www.scalatest.org,2021-04-01T03:28:03Z,77,,1167,2026-08-21T10:07:44.000Z,false,pkg:maven/org.scalatest/scalatest_3.0.0-RC2
com.mysql:mysql-connector-j,29,92,Java,https://github.com/mysql/mysql-connector-j,http://dev.mysql.com/doc/connector-j/en/,2026-07-30T02:19:35Z,324,,1014,2026-07-29T06:12:25.000Z,false,pkg:maven/com.mysql/mysql-connector-j
org.apache.poi:poi,29,85,,"",https://poi.apache.org/,2025-11-26T20:52:51Z,2109,,,,,pkg:maven/org.apache.poi/poi
org.apache.httpcomponents:httpmime,29,89,Java,https://github.com/apache/httpcomponents-client,http://hc.apache.org/httpcomponents-client-ga,2022-11-30T18:41:04Z,2301,,1534,2026-08-22T12:47:00.000Z,false,pkg:maven/org.apache.httpcomponents/httpmime
org.apache.flink:flink-streaming-java,29,319,Java,https://github.com/apache/flink,https://flink.apache.org,2022-09-10T08:03:14Z,442,,26288,2026-08-24T15:52:44.000Z,false,pkg:maven/org.apache.flink/flink-streaming-java_2.11
org.scalatest:scalatest_3.0.0-RC1,29,46,Scala,https://github.com/scalatest/scalatest,http://www.scalatest.org,2021-03-06T15:40:49Z,82,,1167,2026-08-21T10:07:44.000Z,false,pkg:maven/org.scalatest/scalatest_3.0.0-RC1
org.apache.flink:flink-streaming-scala,29,171,Java,https://github.com/apache/flink,https://flink.apache.org,2022-09-10T08:10:58Z,213,,26262,2026-08-14T21:08:44.000Z,false,pkg:maven/org.apache.flink/flink-streaming-scala_2.11
com.dimafeng:testcontainers-scala,29,65,Scala,https://github.com/testcontainers/testcontainers-scala,https://github.com/testcontainers/testcontainers-scala,2025-12-23T02:42:38Z,31,,661,2025-11-27T15:31:06.000Z,false,pkg:maven/com.dimafeng/testcontainers-scala_2.12
org.webjars:swagger-ui,29,72,JavaScript,https://github.com/swagger-api/swagger-ui,https://www.webjars.org,2026-08-20T02:15:49Z,228,,28995,2026-08-31T09:03:32.000Z,false,pkg:maven/org.webjars/swagger-ui
org.openjdk.jcstress:jcstress-core,29,805,Java,https://github.com/openjdk/jcstress,http://maven.apache.org,2017-02-14T19:30:32Z,705,,526,2025-06-19T09:58:41.000Z,false,pkg:maven/org.openjdk.jcstress/jcstress-core
com.github.luben:zstd-jni,29,68,C,https://github.com/luben/zstd-jni,https://github.com/luben/zstd-jni,2017-05-11T01:53:27Z,385,,1064,2026-08-29T15:27:51.000Z,false,pkg:maven/com.github.luben/zstd-jni
com.softwaremill.sttp.tapir:tapir-json-circe,29,92,Scala,https://github.com/softwaremill/tapir,http://softwaremill.com/open-source,2026-08-08T02:32:46Z,28,,1469,2026-08-23T00:48:32.000Z,false,pkg:maven/com.softwaremill.sttp.tapir/tapir-json-circe_2.12
org.apache.lucene:lucene-analyzers-common,28,66,,https://gitbox.apache.org/repos/asf?p=lucene-solr.git;f=lucene/analysis/common,https://lucene.apache.org,2024-09-24T21:07:29Z,836,,,,,pkg:maven/org.apache.lucene/lucene-analyzers-common
dev.zio:zio-config-typesafe,28,110,Scala,https://github.com/zio/zio-config,https://zio.dev/zio-config/,2026-03-18T01:00:08Z,41,,244,2026-08-06T01:30:18.000Z,false,pkg:maven/dev.zio/zio-config-typesafe_2.12
org.scala-lang.modules.scalajs:scalajs-library,28,131,,,,,,,,,,
de.sciss:fileutil,28,57,Scala,https://github.com/Sciss/FileUtil,https://github.com/Sciss/FileUtil,2017-08-05T16:48:27Z,24,,14,2021-05-15T05:39:46.000Z,false,pkg:maven/de.sciss/fileutil_2.11
com.github.ghik:silencer-lib_2.12.10,28,161,Scala,https://github.com/ghik/silencer,https://github.com/ghik/silencer,2020-02-21T11:32:25Z,520,,253,2025-12-19T16:38:59.000Z,false,pkg:maven/com.github.ghik/silencer-lib_2.12.10
com.googlecode.java-diff-utils:diffutils,28,193,,http://code.google.com/p/java-diff-utils/source/browse/,http://code.google.com/p/java-diff-utils/,2013-03-04T15:07:16Z,403,,,,,pkg:maven/com.googlecode.java-diff-utils/diffutils
io.netty:netty-buffer,28,68,Java,https://github.com/netty/netty,http://netty.io/,2026-08-07T02:12:33Z,1612,,35033,2026-08-25T17:14:11.000Z,false,pkg:maven/io.netty/netty-buffer
commons-beanutils:commons-beanutils,28,68,,https://gitbox.apache.org/repos/asf?p=commons-beanutils.git,https://commons.apache.org/proper/commons-beanutils,2025-05-25T13:18:55Z,4718,,,,,pkg:maven/commons-beanutils/commons-beanutils
dev.zio:zio-config,28,116,Scala,https://github.com/zio/zio-config,https://zio.dev/zio-config/,2026-03-18T01:00:08Z,42,,244,2026-08-06T01:30:18.000Z,false,pkg:maven/dev.zio/zio-config_2.12
org.scalatest:scalatest_2.8.1,28,54,,http://code.google.com/p/scalatest/source/browse/,http://www.scalatest.org,2012-04-11T06:26:10Z,77,,,,,pkg:maven/org.scalatest/scalatest_2.8.1
org.typelevel:cats-effect_3.0.0-RC2,28,32,Scala,https://github.com/typelevel/cats-effect,https://github.com/typelevel/cats-effect,2021-04-20T16:56:17Z,37,,2236,2026-08-28T11:28:14.000Z,false,pkg:maven/org.typelevel/cats-effect_3.0.0-RC2
xerces:xercesImpl,28,79,,https://svn.apache.org/repos/asf/xerces/java/,https://xerces.apache.org/xerces2-j/,2022-01-27T10:18:24Z,1930,,,,,pkg:maven/xerces/xercesImpl
org.iq80.leveldb:leveldb,28,115,Java,https://github.com/dain/leveldb,http://github.com/dain/leveldb,2019-06-26T20:53:13Z,207,,1556,2022-11-19T02:04:32.000Z,false,pkg:maven/org.iq80.leveldb/leveldb
org.apache.pekko:pekko-http-testkit,28,64,Scala,https://github.com/apache/pekko-http,,2026-07-25T00:44:02Z,0,,148,2024-07-19T17:47:15.000Z,false,pkg:maven/org.apache.pekko/pekko-http-testkit_2.13
io.chrisdavenport:log4cats-slf4j,27,60,Scala,https://github.com/ChristopherDavenport/log4cats,https://github.com/ChristopherDavenport/log4cats,2020-05-12T18:16:21Z,84,,356,2023-03-17T01:15:06.000Z,false,pkg:maven/io.chrisdavenport/log4cats-slf4j_2.12
com.lihaoyi:mill-main,27,123,Scala,https://github.com/com-lihaoyi/mill,https://github.com/com-lihaoyi/mill,2025-12-17T10:15:12Z,91,,2781,2026-08-22T17:37:30.000Z,false,pkg:maven/com.lihaoyi/mill-main_2.13
org.hamcrest:hamcrest-core,27,109,Java,https://github.com/hamcrest/JavaHamcrest,http://hamcrest.org/JavaHamcrest/,2010-12-22T08:09:16Z,4744,,2189,2025-02-24T12:15:06.000Z,false,pkg:maven/org.hamcrest/hamcrest-core
org.json:json,27,48,Java,https://github.com/douglascrockford/JSON-java,https://github.com/douglascrockford/JSON-java,2026-08-15T02:21:20Z,3861,,4651,2025-08-01T01:54:08.000Z,false,pkg:maven/org.json/json
org.scala-graph:graph-core,27,95,Scala,https://github.com/scala-graph/scala-graph,http://scala-graph.org,2019-12-20T16:49:38Z,32,,575,2025-08-06T10:24:01.000Z,false,pkg:maven/org.scala-graph/graph-core_2.12
dev.zio:zio-interop-reactivestreams,27,114,Scala,https://github.com/zio/interop-reactive-streams,https://zio.dev/zio-interop-reactivestreams,2023-05-03T09:04:55Z,39,,44,2023-02-20T13:03:44.000Z,false,pkg:maven/dev.zio/zio-interop-reactivestreams_2.13
org.jline:jline,27,68,Java,https://github.com/jline/jline3,https://github.com/jline/jline3,2026-08-27T00:41:00Z,257,,1797,2026-08-27T20:25:36.000Z,false,pkg:maven/org.jline/jline
org.bytedeco:javacpp,27,34,Java,https://github.com/bytedeco/javacpp,http://bytedeco.org/javacpp/,2026-08-11T02:12:01Z,270,,4705,2026-08-10T23:19:17.000Z,false,pkg:maven/org.bytedeco/javacpp
io.confluent:kafka-avro-serializer,27,86,,,,,,,,,,
com.raquo:laminar,27,113,Scala,https://github.com/raquo/Laminar,https://laminar.dev,2025-03-26T08:16:03Z,58,,833,2026-06-19T17:07:29.000Z,false,pkg:maven/com.raquo/laminar_sjs1_2.13
org.antlr:antlr4,27,57,Java,https://github.com/antlr/antlr4,http://www.antlr.org,2024-08-03T18:44:46Z,503,,18984,2026-02-16T21:29:09.000Z,false,pkg:maven/org.antlr/antlr4
ch.epfl.lamp:dotty-library_0.24,27,69,Scala,https://github.com/lampepfl/dotty,https://github.com/lampepfl/dotty,2020-06-11T11:05:20Z,75,,5257,2023-03-21T13:25:51.000Z,false,pkg:maven/ch.epfl.lamp/dotty-library_0.24
org.scalatra:scalatra-scalatest,27,65,Scala,https://github.com/scalatra/scalatra,http://www.scalatra.org/,2016-05-13T12:42:40Z,37,,2650,2026-08-29T09:06:40.000Z,false,pkg:maven/org.scalatra/scalatra-scalatest_2.10
com.whisk:docker-testkit-impl-spotify,27,51,Scala,https://github.com/whisklabs/docker-it-scala,https://github.com/whisklabs/docker-it-scala,2019-06-23T16:26:43Z,24,,431,2022-10-17T08:47:14.000Z,false,pkg:maven/com.whisk/docker-testkit-impl-spotify_2.12
com.github.cb372:cats-retry,27,79,Scala,https://github.com/cb372/cats-retry,https://cb372.github.io/cats-retry/,2024-03-14T20:18:40Z,26,,305,2025-10-06T16:23:54.000Z,false,pkg:maven/com.github.cb372/cats-retry_2.13
org.bouncycastle:bcprov-jdk18on,27,105,Java,https://github.com/bcgit/bc-java,https://www.bouncycastle.org/download/bouncy-castle-java/,2026-08-08T02:12:41Z,500,,2680,2026-08-11T01:24:50.000Z,false,pkg:maven/org.bouncycastle/bcprov-jdk18on
org.scala-js:scalajs-test-interface_2.13.0-RC3,27,63,Scala,https://github.com/scala-js/scala-js,https://www.scala-js.org/,2019-05-29T19:15:33Z,63,,4710,2026-08-15T18:05:40.000Z,false,pkg:maven/org.scala-js/scalajs-test-interface_2.13.0-RC3
org.scala-js:scalajs-test-interface_2.12.0-RC2,27,59,Scala,https://github.com/scala-js/scala-js,http://scala-js.org/,2016-10-15T06:59:36Z,87,,4710,2026-08-15T18:05:40.000Z,false,pkg:maven/org.scala-js/scalajs-test-interface_2.12.0-RC2
org.typelevel:squants,27,145,Scala,https://github.com/typelevel/squants,http://www.squants.com/,2021-08-26T20:10:36Z,65,,930,2026-08-12T16:26:44.000Z,false,pkg:maven/org.typelevel/squants_2.12
org.junit.jupiter:junit-jupiter-engine,27,80,Java,https://github.com/junit-team/junit-framework,https://junit.org/,2026-08-08T02:31:43Z,11720,,7044,2026-08-11T18:55:32.000Z,false,pkg:maven/org.junit.jupiter/junit-jupiter-engine
org.apache.kafka:kafka-streams,27,90,,"",https://kafka.apache.org,2026-06-24T02:12:35Z,446,,,,,pkg:maven/org.apache.kafka/kafka-streams
org.scalatest:scalatest_2.12.0-RC2,27,70,Scala,https://github.com/scalatest/scalatest,http://www.scalatest.org,2016-10-18T13:37:32Z,75,,1167,2026-08-21T10:07:44.000Z,false,pkg:maven/org.scalatest/scalatest_2.12.0-RC2
org.scalatest:scalatest_2.8.2,27,46,,http://code.google.com/p/scalatest/source/browse/,http://www.scalatest.org,2012-04-11T20:33:08Z,54,,,,,pkg:maven/org.scalatest/scalatest_2.8.2
de.sciss:scalacollider,27,62,,git@git.iem.at:sciss/ScalaCollider.git,https://git.iem.at/sciss/ScalaCollider,2019-05-28T18:32:51Z,20,,,,,pkg:maven/de.sciss/scalacollider_2.11
org.typelevel:cats-core_3.0.0-RC3,27,35,Scala,https://github.com/typelevel/cats,https://github.com/typelevel/cats,2021-04-19T23:27:36Z,36,,5450,2026-08-09T18:15:00.000Z,false,pkg:maven/org.typelevel/cats-core_3.0.0-RC3
org.codehaus.jackson:jackson-core-asl,27,103,,"",http://jackson.codehaus.org,2012-11-06T16:27:13Z,1980,,,,,pkg:maven/org.codehaus.jackson/jackson-core-asl
org.ow2.asm:asm,27,95,,https://gitlab.ow2.org/asm/asm/,http://asm.ow2.io/,2026-05-23T13:17:21Z,2457,,48,,,pkg:maven/org.ow2.asm/asm
io.netty:netty-codec-http,27,103,Java,https://github.com/netty/netty,http://netty.io/,2026-08-07T02:11:50Z,1324,,35042,2026-09-01T17:28:18.000Z,false,pkg:maven/io.netty/netty-codec-http
org.scala-lang:scala-swing,26,56,Scala,https://github.com/scala/scala,http://www.scala-lang.org/,2017-11-03T20:07:20Z,92,,14570,2026-08-24T20:51:23.000Z,false,pkg:maven/org.scala-lang/scala-swing
org.typelevel:cats-effect_3.0.0-RC1,26,36,Scala,https://github.com/typelevel/cats-effect,https://github.com/typelevel/cats-effect,2021-04-10T17:58:47Z,41,,2236,2026-08-28T11:28:14.000Z,false,pkg:maven/org.typelevel/cats-effect_3.0.0-RC1
com.google.cloud:google-cloud-storage,26,67,Java,https://github.com/googleapis/google-cloud-java,https://github.com/googleapis/google-cloud-java,2026-07-31T02:26:34Z,293,,2090,2026-08-25T04:29:30.000Z,false,pkg:maven/com.google.cloud/google-cloud-storage
com.lihaoyi:geny,26,511,Scala,https://github.com/com-lihaoyi/geny,https://github.com/com-lihaoyi/geny,2024-06-14T17:25:35Z,334,,84,2023-01-27T15:37:15.000Z,false,pkg:maven/com.lihaoyi/geny_3
org.junit.jupiter:junit-jupiter,26,221,Java,https://github.com/junit-team/junit-framework,https://junit.org/,2026-08-08T02:31:42Z,5839,,7041,2026-08-26T21:49:43.000Z,false,pkg:maven/org.junit.jupiter/junit-jupiter
org.typelevel:cats-testkit-scalatest,26,179,Scala,https://github.com/typelevel/cats-testkit-scalatest,https://github.com/typelevel/cats-testkit-scalatest,2021-05-25T15:42:47Z,83,,19,2026-06-20T16:39:39.000Z,false,pkg:maven/org.typelevel/cats-testkit-scalatest_2.13
org.scala-js:scala-js-macrotask-executor,26,176,Scala,https://github.com/scala-js/scala-js-macrotask-executor,https://github.com/scala-js/scala-js-macrotask-executor,2022-12-29T06:07:42Z,50,,27,2023-03-04T22:53:56.000Z,false,pkg:maven/org.scala-js/scala-js-macrotask-executor_sjs1_2.13
com.jayway.jsonpath:json-path,26,60,Java,https://github.com/jayway/JsonPath,https://github.com/jayway/JsonPath,2026-02-22T18:32:09Z,1517,,9261,2024-07-30T13:29:30.000Z,false,pkg:maven/com.jayway.jsonpath/json-path
org.assertj:assertj-core,26,157,Java,https://github.com/assertj/assertj,https://assertj.github.io/doc/#assertj-core,2026-01-24T19:07:20Z,14394,,2843,2026-09-01T09:35:50.000Z,false,pkg:maven/org.assertj/assertj-core
org.typelevel:shapeless3-deriving,26,52,Scala,https://github.com/typelevel/shapeless-3,https://typelevel.org/shapeless-3,2026-05-17T06:50:11Z,31,,203,2026-07-27T18:43:56.000Z,false,pkg:maven/org.typelevel/shapeless3-deriving_3
org.freemarker:freemarker,26,48,,https://git-wip-us.apache.org/repos/asf?p=freemarker.git,https://freemarker.apache.org/,2024-12-08T14:30:56Z,2539,,,,,pkg:maven/org.freemarker/freemarker
com.softwaremill.sttp.tapir:tapir-openapi-docs,26,41,Scala,https://github.com/softwaremill/tapir,http://softwaremill.com/open-source,2026-08-08T02:33:51Z,14,,1469,2026-08-23T00:48:32.000Z,false,pkg:maven/com.softwaremill.sttp.tapir/tapir-openapi-docs_2.12
io.grpc:grpc-protobuf,26,95,Java,https://github.com/grpc/grpc-java,https://github.com/grpc/grpc-java,2026-07-31T00:06:08Z,1736,,11823,2025-08-13T21:23:14.000Z,false,pkg:maven/io.grpc/grpc-protobuf
com.typesafe.akka:akka-stream-typed,26,77,Scala,https://github.com/akka/akka,https://akka.io/,2024-10-28T08:37:57Z,53,,12643,2023-03-21T16:09:37.000Z,false,pkg:maven/com.typesafe.akka/akka-stream-typed_2.13
com.github.samtools:htsjdk,26,57,Java,https://github.com/samtools/htsjdk,https://samtools.github.io/htsjdk/,2026-05-01T20:09:47Z,133,,302,2026-07-26T11:38:04.000Z,false,pkg:maven/com.github.samtools/htsjdk
org.apache.cassandra:cassandra-all,26,47,,https://gitbox.apache.org/repos/asf?p=cassandra.git,https://cassandra.apache.org,2026-08-08T02:17:56Z,397,,,,,pkg:maven/org.apache.cassandra/cassandra-all
org.locationtech.jts:jts-core,26,75,Java,https://github.com/locationtech/jts,https://www.locationtech.org/projects/technology.jts,2024-08-30T06:48:40Z,392,,2228,2026-08-13T21:48:56.000Z,false,pkg:maven/org.locationtech.jts/jts-core
org.projectlombok:lombok,26,58,Java,https://github.com/projectlombok/lombok,https://projectlombok.org,2026-09-02T02:11:15Z,16498,,13469,2026-08-21T11:21:52.000Z,false,pkg:maven/org.projectlombok/lombok
net.liftweb:lift-webkit_2.9.2,26,64,Scala,https://github.com/lift/framework,http://www.liftweb.net,2016-01-31T05:07:42Z,111,,1284,2026-07-26T11:58:58.000Z,false,pkg:maven/net.liftweb/lift-webkit_2.9.2
org.typelevel:cats-tagless-macros,26,93,Scala,https://github.com/typelevel/cats-tagless,https://typelevel.org/cats-tagless,2026-03-03T16:26:18Z,55,,319,2026-08-04T00:45:33.000Z,false,pkg:maven/org.typelevel/cats-tagless-macros_2.12
org.scalacheck:scalacheck_2.13.0-M4,26,52,Scala,https://github.com/rickynils/scalacheck,http://www.scalacheck.org,2018-06-10T21:57:50Z,54,,1858,2023-03-17T01:15:47.000Z,false,pkg:maven/org.scalacheck/scalacheck_2.13.0-M4
io.delta:delta-core,26,79,Scala,https://github.com/delta-io/delta,https://delta.io/,2023-05-24T17:53:10Z,60,,5787,2023-03-21T20:35:35.000Z,false,pkg:maven/io.delta/delta-core_2.12
net.sf.saxon:Saxon-HE,25,53,,https://saxonica.plan.io/projects/saxonmirrorhe/repository,http://www.saxonica.com/,2022-02-04T17:31:54Z,527,,,,,pkg:maven/net.sf.saxon/Saxon-HE
org.scala-js:scalajs-java-time,25,115,Scala,https://github.com/scala-js/scala-js-java-time,http://scala-js.org/,2020-02-07T12:38:01Z,43,,86,2021-12-01T10:36:27.000Z,false,pkg:maven/org.scala-js/scalajs-java-time_sjs1_2.13
com.typesafe.play:play-ahc-ws-standalone,25,68,Scala,https://github.com/playframework/play-ws,https://github.com/playframework/play-ws,2023-07-17T21:49:52Z,33,,224,2026-08-16T05:51:22.000Z,false,pkg:maven/com.typesafe.play/play-ahc-ws-standalone_2.12
com.jcraft:jsch,25,75,,http://git.jcraft.com/jsch.git,http://www.jcraft.com/jsch/,2018-11-26T01:15:42Z,1279,,,,,pkg:maven/com.jcraft/jsch
org.scalafx:scalafx,25,83,Scala,https://github.com/scalafx/scalafx,http://www.scalafx.org/,2021-01-08T23:05:22Z,29,,701,2026-08-05T19:27:56.000Z,false,pkg:maven/org.scalafx/scalafx_2.11
org.tpolecat:atto-core,25,114,Scala,https://github.com/tpolecat/atto,https://github.com/tpolecat/atto,2021-05-14T18:20:59Z,34,,356,2024-08-19T21:17:45.000Z,false,pkg:maven/org.tpolecat/atto-core_2.12
de.sciss:serial,25,67,,https://git.iem.at/sciss/Serial,https://git.iem.at/sciss/Serial,2021-01-20T17:51:27Z,17,,,,,pkg:maven/de.sciss/serial_2.12
com.github.tminglei:slick-pg,25,41,Scala,https://github.com/tminglei/slick-pg,https://github.com/tminglei/slick-pg,2022-08-23T13:23:03Z,17,,843,2026-08-14T00:53:56.000Z,false,pkg:maven/com.github.tminglei/slick-pg_2.11
dev.zio:zio-schema-derivation,25,152,,https://zio.dev/zio-schema,https://zio.dev/zio-schema,2026-03-08T10:42:48Z,26,,,,,pkg:maven/dev.zio/zio-schema-derivation_2.13
org.scalameta:munit_3.0.0-RC1,25,56,Scala,https://github.com/scalameta/munit,https://github.com/scalameta/munit,2021-03-29T16:16:53Z,64,,472,2026-08-18T22:48:13.000Z,false,pkg:maven/org.scalameta/munit_3.0.0-RC1
org.typelevel:case-insensitive,25,96,Scala,https://github.com/typelevel/case-insensitive,https://typelevel.org/case-insensitive,2025-04-04T19:40:58Z,19,,38,2026-08-07T16:21:27.000Z,false,pkg:maven/org.typelevel/case-insensitive_2.13
org.scalacheck:scalacheck_sjs0.6_2.13.0-M5,25,42,Scala,https://github.com/rickynils/scalacheck,http://www.scalacheck.org,2018-10-17T07:46:37Z,44,,1858,2023-03-17T01:15:47.000Z,false,pkg:maven/org.scalacheck/scalacheck_sjs0.6_2.13.0-M5
org.lz4:lz4-java,25,455,Java,"",,2025-11-26T08:55:02Z,812,,1162,2024-09-19T17:00:16.000Z,false,pkg:maven/org.lz4/lz4-java
org.reactivestreams:reactive-streams-tck,25,92,Java,https://github.com/reactive-streams/reactive-streams,http://www.reactive-streams.org/,2022-05-22T20:41:28Z,213,,4593,2023-03-07T18:44:41.000Z,false,pkg:maven/org.reactivestreams/reactive-streams-tck
com.monovore:decline-effect,25,51,Scala,https://github.com/bkirwi/decline,http://monovore.com/decline,2026-04-24T00:49:54Z,15,,679,2026-04-08T03:57:53.000Z,false,pkg:maven/com.monovore/decline-effect_2.13
com.dimafeng:testcontainers-scala-postgresql,25,55,,https://gitlab.com/testcontainers/testcontainers-scala,https://gitlab.com/testcontainers/testcontainers-scala,2025-12-23T02:42:38Z,26,,,,,pkg:maven/com.dimafeng/testcontainers-scala-postgresql_2.13
net.liftweb:lift-webkit_2.9.1,25,61,Scala,https://github.com/lift/framework,http://www.liftweb.net,2016-01-31T04:48:23Z,114,,1284,2026-07-26T11:58:58.000Z,false,pkg:maven/net.liftweb/lift-webkit_2.9.1
io.chrisdavenport:cats-scalacheck,25,74,Scala,https://github.com/davenverse/cats-scalacheck,https://github.com/davenverse/cats-scalacheck,2022-09-13T21:05:37Z,25,,43,2023-01-31T15:13:56.000Z,false,pkg:maven/io.chrisdavenport/cats-scalacheck_2.12
commons-validator:commons-validator,25,65,Java,https://gitbox.apache.org/repos/asf?p=commons-validator.git,https://commons.apache.org/proper/commons-validator/,2026-07-31T23:55:01Z,1420,,230,2026-08-25T18:15:06.000Z,false,pkg:maven/commons-validator/commons-validator
org.specs2:specs2_2.9.3,24,68,Scala,https://github.com/etorreborre/specs2,http://specs2.org/,2013-03-13T13:19:14Z,89,,734,2026-08-13T17:25:12.000Z,false,pkg:maven/org.specs2/specs2_2.9.3
com.amazonaws:aws-java-sdk-sts,24,53,,https://github.com/aws/aws-sdk-java,https://aws.amazon.com/sdkforjava,2025-12-30T02:11:41Z,303,,3917,2023-03-21T20:44:00.000Z,false,pkg:maven/com.amazonaws/aws-java-sdk-sts
io.github.classgraph:classgraph,24,87,Java,https://github.com/classgraph/classgraph,https://github.com/classgraph/classgraph,2026-08-26T02:06:46Z,667,,3005,2026-08-21T05:00:21.000Z,false,pkg:maven/io.github.classgraph/classgraph
org.typelevel:algebra,24,220,Scala,https://github.com/typelevel/cats,https://typelevel.org/cats,2025-01-20T20:29:19Z,36,,5456,2026-08-21T12:13:32.000Z,false,pkg:maven/org.typelevel/algebra_2.12
com.nimbusds:nimbus-jose-jwt,24,54,java,https://bitbucket.org/connect2id/nimbus-jose-jwt,https://bitbucket.org/connect2id/nimbus-jose-jwt,2026-06-01T00:06:18Z,806,,,,,pkg:maven/com.nimbusds/nimbus-jose-jwt
io.gatling:gatling-core,24,45,Scala,https://github.com/gatling/gatling,https://gatling.io,2026-05-25T19:50:50Z,51,,6945,2026-07-27T20:37:22.000Z,false,pkg:maven/io.gatling/gatling-core
io.netty:netty-codec,24,53,Java,https://github.com/netty/netty,http://netty.io/,2026-08-07T02:09:02Z,1302,,35042,2026-09-01T17:28:18.000Z,false,pkg:maven/io.netty/netty-codec
com.typesafe.akka:akka-serialization-jackson,24,92,Scala,https://github.com/akka/akka,https://akka.io/,2024-10-28T08:37:38Z,60,,12644,2023-03-21T16:09:37.000Z,false,pkg:maven/com.typesafe.akka/akka-serialization-jackson_2.13
io.get-coursier:interface,24,261,Java,https://github.com/coursier/interface,https://github.com/coursier/interface,2025-02-07T12:16:11Z,219,,11,2025-10-20T09:36:26.000Z,false,pkg:maven/io.get-coursier/interface
io.swagger:swagger-core,24,55,Java,https://github.com/swagger-api/swagger-core,https://github.com/swagger-api/swagger-core,2025-05-15T10:18:19Z,406,,7532,2026-08-13T12:37:48.000Z,false,pkg:maven/io.swagger/swagger-core
args4j:args4j,24,82,,http://args4j.kohsuke.org/,http://args4j.kohsuke.org/,2015-03-20T01:15:14Z,648,,,,,pkg:maven/args4j/args4j
org.aspectj:aspectjrt,24,49,Java,https://github.com/eclipse/org.aspectj,https://www.eclipse.org/aspectj/,2025-11-04T03:16:58Z,2573,,347,2025-04-15T22:30:08.000Z,false,pkg:maven/org.aspectj/aspectjrt
net.jpountz.lz4:lz4,24,46,Java,https://github.com/jpountz/lz4-java,https://github.com/jpountz/lz4-java,2013-08-08T15:34:34Z,509,,974,2023-01-31T01:33:55.000Z,false,pkg:maven/net.jpountz.lz4/lz4
io.circe:circe-refined,24,63,Scala,https://github.com/circe/circe-refined,https://github.com/circe/circe-refined,2024-09-10T11:38:02Z,22,,1,2024-09-10T11:34:08.000Z,false,pkg:maven/io.circe/circe-refined_2.13
org.scala-js:scalajs-library_2.12.0-RC1,24,47,Scala,https://github.com/scala-js/scala-js,http://scala-js.org/,2016-10-13T22:09:00Z,57,,4710,2026-08-15T18:05:40.000Z,false,pkg:maven/org.scala-js/scalajs-library_2.12.0-RC1
org.apache.maven:maven-core,24,31,Java,https://github.com/apache/maven,https://maven.apache.org/ref/4.0.0-rc-6/,2026-05-13T21:38:30Z,4101,,5319,2026-08-22T11:06:43.000Z,false,pkg:maven/org.apache.maven/maven-core
org.scalatest:scalatest-core,24,410,Scala,https://github.com/scalatest/scalatest,http://www.scalatest.org,2026-03-25T13:53:45Z,61,,1167,2026-08-21T10:07:44.000Z,false,pkg:maven/org.scalatest/scalatest-core_2.13
org.tpolecat:tut-core,24,65,,,,,,,,,,
org.typelevel:weaver-cats,24,290,Scala,https://github.com/typelevel/weaver-test,https://typelevel.org/weaver-test,2026-06-02T10:00:13Z,0,,85,2026-08-07T05:04:51.000Z,false,pkg:maven/org.typelevel/weaver-cats_2.12
dev.optics:monocle-macro,24,65,Scala,https://github.com/optics-dev/Monocle,https://github.com/optics-dev/Monocle,2024-08-09T08:11:19Z,15,,1699,2026-08-15T23:47:17.000Z,false,pkg:maven/dev.optics/monocle-macro_2.13
io.get-coursier:coursier-cache,24,75,Scala,https://github.com/coursier/coursier,https://github.com/coursier/coursier,2025-01-09T21:19:06Z,32,,2135,2026-08-31T17:05:09.000Z,false,pkg:maven/io.get-coursier/coursier-cache_2.12
com.github.blemale:scaffeine,23,44,Scala,https://github.com/blemale/scaffeine,https://github.com/blemale/scaffeine,2024-07-10T22:58:01Z,23,,244,2023-03-14T11:45:11.000Z,false,pkg:maven/com.github.blemale/scaffeine_2.12
io.chrisdavenport:log4cats-core,23,100,,https://github.com/ChristopherDavenport/log4cats,https://github.com/ChristopherDavenport/log4cats,2020-05-12T18:16:22Z,56,,,,,pkg:maven/io.chrisdavenport/log4cats-core_2.12
com.typesafe.akka:akka-http-spray-json-experimental,23,36,Scala,https://github.com/akka/akka,http://akka.io/,2016-09-30T17:30:12Z,47,,13214,2025-09-19T15:29:26.000Z,false,pkg:maven/com.typesafe.akka/akka-http-spray-json-experimental_2.11
org.scalatest:scalatest_2.12.0-M4,23,77,Scala,https://github.com/scalatest/scalatest,http://www.scalatest.org,2016-04-06T13:14:56Z,87,,1167,2026-08-21T10:07:44.000Z,false,pkg:maven/org.scalatest/scalatest_2.12.0-M4
org.apache.spark:spark-repl,23,88,Scala,https://github.com/apache/spark,http://spark.apache.org/,2021-05-09T20:49:05Z,48,,43901,2026-08-29T17:53:00.000Z,false,pkg:maven/org.apache.spark/spark-repl_2.11
com.comcast:ip4s-core,23,92,Scala,https://github.com/Comcast/ip4s,https://github.com/Comcast/ip4s,2026-03-12T12:23:33Z,19,,232,2026-07-13T15:36:41.000Z,false,pkg:maven/com.comcast/ip4s-core_3
dev.zio:zio-config-magnolia,23,67,Scala,https://github.com/zio/zio-config,https://zio.dev/zio-config/,2026-03-18T01:00:08Z,21,,244,2026-08-06T01:30:18.000Z,false,pkg:maven/dev.zio/zio-config-magnolia_2.12
org.scalatest:scalatest_sjs0.6_2.13.0-M5,23,35,Scala,https://github.com/scalatest/scalatest,http://www.scalatest.org,2019-03-19T02:49:46Z,38,,1167,2026-08-21T10:07:44.000Z,false,pkg:maven/org.scalatest/scalatest_sjs0.6_2.13.0-M5
commons-collections:commons-collections,23,47,,"",,2015-11-12T23:11:26Z,5134,,,,,pkg:maven/commons-collections/commons-collections
io.dropwizard.metrics:metrics-jvm,23,81,Java,https://github.com/dropwizard/metrics,https://metrics.dropwizard.io,2026-08-30T01:58:41Z,655,,7841,2026-08-17T10:08:19.000Z,false,pkg:maven/io.dropwizard.metrics/metrics-jvm
org.webjars:jquery,23,44,JavaScript,https://github.com/jquery/jquery,https://www.webjars.org,2026-02-05T08:25:52Z,496,,59786,2026-08-12T10:08:27.000Z,false,pkg:maven/org.webjars/jquery
org.bouncycastle:bcpkix-jdk18on,23,67,Java,https://github.com/bcgit/bc-java,https://www.bouncycastle.org/download/bouncy-castle-java/,2026-05-15T08:00:40Z,431,,2683,2026-08-26T13:04:51.000Z,false,pkg:maven/org.bouncycastle/bcpkix-jdk18on
com.typesafe.play:play-jdbc,23,65,Scala,https://github.com/playframework/playframework,https://playframework.com,2020-12-14T10:31:25Z,36,,12617,2026-08-11T23:52:00.000Z,false,pkg:maven/com.typesafe.play/play-jdbc_2.11
com.typesafe.akka:akka-discovery,23,109,Scala,https://github.com/akka/akka,https://akka.io/,2024-10-28T08:37:36Z,152,,12644,2023-03-21T16:09:37.000Z,false,pkg:maven/com.typesafe.akka/akka-discovery_2.12
org.codehaus.janino:janino,23,134,Java,https://github.com/janino-compiler/janino,http://janino-compiler.github.io/janino/,2024-02-06T10:50:28Z,810,,1326,2026-07-04T07:43:33.000Z,true,pkg:maven/org.codehaus.janino/janino
org.apache.logging.log4j:log4j-1.2-api,23,268,Java,https://github.com/apache/logging-log4j2,https://logging.apache.org/log4j/3.x/,2026-06-29T07:45:42Z,1537,,3612,2026-08-03T10:29:32.000Z,false,pkg:maven/org.apache.logging.log4j/log4j-1.2-api
org.powermock:powermock-module-junit4,23,441,Java,https://github.com/powermock/powermock,http://www.powermock.org,2020-11-01T20:40:48Z,3685,,4171,2024-01-03T18:46:42.000Z,false,pkg:maven/org.powermock/powermock-module-junit4
com.lihaoyi:mill-libs,23,31,Scala,https://github.com/com-lihaoyi/mill,https://github.com/com-lihaoyi/mill,2026-08-08T02:40:11Z,0,,2781,2026-08-22T17:37:30.000Z,false,pkg:maven/com.lihaoyi/mill-libs_3
org.tpolecat:doobie-h2,23,50,Scala,https://github.com/typelevel/doobie,https://github.com/typelevel/doobie,2021-05-23T19:09:54Z,18,,2226,2026-08-13T08:36:08.000Z,false,pkg:maven/org.tpolecat/doobie-h2_2.12
org.specs2:specs2_2.9.1-1,23,68,Scala,https://github.com/etorreborre/specs2,http://specs2.org/,2013-02-20T01:23:42Z,118,,734,2026-08-13T17:25:12.000Z,false,pkg:maven/org.specs2/specs2_2.9.1-1
com.typesafe.akka:akka-stream-experimental,22,49,Scala,https://github.com/akka/akka,http://akka.io/,2016-09-30T08:56:58Z,71,,13223,2025-09-26T10:41:19.000Z,false,pkg:maven/com.typesafe.akka/akka-stream-experimental_2.11
org.typelevel:cats-core_3.0.0-M3,22,30,Scala,https://github.com/typelevel/cats,https://github.com/typelevel/cats,2021-02-17T05:38:29Z,32,,5450,2026-08-09T18:15:00.000Z,false,pkg:maven/org.typelevel/cats-core_3.0.0-M3
com.thesamet.scalapb:compilerplugin,22,52,Scala,https://github.com/scalapb/ScalaPB,https://github.com/scalapb/ScalaPB,2025-08-23T18:07:41Z,17,,1338,2026-08-07T23:19:44.000Z,false,pkg:maven/com.thesamet.scalapb/compilerplugin_2.12
org.webjars:bootstrap,22,64,,https://github.com/webjars/bootstrap,http://webjars.org,2025-08-27T13:24:20Z,350,,45,2025-08-27T13:24:09.000Z,false,pkg:maven/org.webjars/bootstrap
org.scalameta:munit_3.0.0-RC2,22,44,Scala,https://github.com/scalameta/munit,https://github.com/scalameta/munit,2021-04-19T18:42:44Z,45,,472,2026-08-18T22:48:13.000Z,false,pkg:maven/org.scalameta/munit_3.0.0-RC2
org.apache.parquet:parquet-column,22,80,Java,https://github.com/apache/parquet-mr,https://parquet.apache.org,2026-05-08T01:51:41Z,176,,2937,2025-09-10T07:31:12.000Z,false,pkg:maven/org.apache.parquet/parquet-column
io.spray:spray-httpx,22,41,Scala,https://github.com/spray/spray,http://spray.io,2016-09-30T13:10:18Z,35,,2523,2017-02-21T11:03:37.000Z,false,pkg:maven/io.spray/spray-httpx_2.11
org.apache.hadoop:hadoop-yarn-client,22,83,,"",,2026-03-24T17:04:39Z,335,,,,,pkg:maven/org.apache.hadoop/hadoop-yarn-client
is.cir:ciris,22,87,Scala,https://github.com/vlovgr/ciris,https://cir.is,2026-06-04T08:48:22Z,18,,407,2026-07-28T23:28:45.000Z,false,pkg:maven/is.cir/ciris_3
com.typesafe.akka:akka-agent,22,51,Scala,https://github.com/akka/akka,https://akka.io/,2020-10-15T14:57:51Z,41,,13214,2025-09-19T15:29:26.000Z,false,pkg:maven/com.typesafe.akka/akka-agent_2.11
ch.megard:akka-http-cors,22,51,Scala,https://github.com/lomigmegard/akka-http-cors,https://github.com/lomigmegard/akka-http-cors,2026-03-16T11:21:42Z,28,,253,2026-02-01T16:39:16.000Z,false,pkg:maven/ch.megard/akka-http-cors_2.12
com.typesafe.play:play-iteratees,22,45,Scala,https://github.com/playframework/play-iteratees,https://github.com/playframework/play-iteratees,2016-12-20T22:35:52Z,32,,18,2020-08-06T14:53:51.000Z,true,pkg:maven/com.typesafe.play/play-iteratees_2.11
com.github.dnvriend:akka-persistence-inmemory,22,65,Scala,https://github.com/dnvriend/akka-persistence-inmemory,https://github.com/dnvriend/akka-persistence-inmemory,2016-12-21T15:54:16Z,153,,134,2020-12-11T21:12:41.000Z,false,pkg:maven/com.github.dnvriend/akka-persistence-inmemory_2.12
com.github.cb372:scalacache-caffeine,22,40,Scala,https://github.com/cb372/scalacache,https://github.com/cb372/scalacache,2019-06-19T21:22:45Z,22,,760,2023-03-06T14:16:27.000Z,false,pkg:maven/com.github.cb372/scalacache-caffeine_2.12
software.amazon.awssdk:sqs,22,61,Java,"",https://aws.amazon.com/sdkforjava,2026-08-19T02:15:20Z,145,,2609,2026-08-13T22:34:48.000Z,false,pkg:maven/software.amazon.awssdk/sqs
org.scalameta:munit_3.0.0-RC3,22,54,Scala,https://github.com/scalameta/munit,https://github.com/scalameta/munit,2021-05-13T15:10:04Z,58,,472,2026-08-18T22:48:13.000Z,false,pkg:maven/org.scalameta/munit_3.0.0-RC3
org.tpolecat:skunk-core,22,83,Scala,https://github.com/typelevel/skunk,https://typelevel.org/skunk,2026-04-15T01:12:09Z,9,,1664,2026-07-27T16:55:04.000Z,false,pkg:maven/org.tpolecat/skunk-core_2.13
de.sciss:lucre-bdb,22,64,"",https://codeberg.org/sciss/Lucre,https://codeberg.org/sciss/Lucre,2024-08-17T21:39:06Z,18,,0,,false,pkg:maven/de.sciss/lucre-bdb_2.12
com.lightbend.akka.grpc:akka-grpc-runtime,22,77,Scala,https://github.com/akka/akka-grpc,https://akka.io/,2023-09-01T09:36:38Z,39,,433,2025-08-04T10:28:00.000Z,false,pkg:maven/com.lightbend.akka.grpc/akka-grpc-runtime_2.13
io.opentelemetry:opentelemetry-sdk,22,63,Java,https://github.com/open-telemetry/opentelemetry-java,https://github.com/open-telemetry/opentelemetry-java,2026-08-08T02:10:21Z,387,,2449,2026-08-26T15:17:40.000Z,false,pkg:maven/io.opentelemetry/opentelemetry-sdk
org.typelevel:cats-core_sjs1_3.0.0-RC2,22,32,Scala,https://github.com/typelevel/cats,https://github.com/typelevel/cats,2021-04-19T22:32:34Z,33,,5450,2026-08-09T18:15:00.000Z,false,pkg:maven/org.typelevel/cats-core_sjs1_3.0.0-RC2
org.apache.commons:commons-pool2,22,45,,https://gitbox.apache.org/repos/asf?p=commons-pool.git,https://commons.apache.org/proper/commons-pool/,2026-01-06T19:07:04Z,1898,,,,,pkg:maven/org.apache.commons/commons-pool2
com.fasterxml.jackson.dataformat:jackson-dataformat-cbor,22,65,Java,https://github.com/FasterXML/jackson-dataformats-binary,https://github.com/FasterXML/jackson-dataformats-binary,2026-08-17T02:23:05Z,822,,347,2026-08-20T01:55:30.000Z,false,pkg:maven/com.fasterxml.jackson.dataformat/jackson-dataformat-cbor
com.sun.mail:javax.mail,22,46,Java,https://github.com/javaee/javamail,http://javaee.github.io/javamail,2018-08-29T22:30:52Z,1169,,583,2025-08-20T15:28:28.000Z,true,pkg:maven/com.sun.mail/javax.mail
org.slf4j:slf4j-jdk14,22,93,Java,https://github.com/qos-ch/slf4j,http://www.slf4j.org,2026-05-12T18:34:08Z,2230,,2518,2026-08-07T13:20:43.000Z,false,pkg:maven/org.slf4j/slf4j-jdk14
io.github.embeddedkafka:embedded-kafka,22,62,Scala,https://github.com/embeddedkafka/embedded-kafka,https://github.com/embeddedkafka/embedded-kafka,2026-03-04T18:22:47Z,39,,419,2026-08-29T05:10:38.000Z,false,pkg:maven/io.github.embeddedkafka/embedded-kafka_2.12
org.apache.commons:commons-csv,22,50,,https://gitbox.apache.org/repos/asf?p=commons-csv.git,https://commons.apache.org/proper/commons-csv/,2025-07-27T13:09:59Z,1112,,,,,pkg:maven/org.apache.commons/commons-csv
io.prometheus:simpleclient_common,22,65,Java,https://github.com/prometheus/client_java,http://github.com/prometheus/client_java,2022-06-15T21:18:32Z,364,,2286,2026-08-27T17:06:03.000Z,false,pkg:maven/io.prometheus/simpleclient_common
io.prometheus:simpleclient_hotspot,22,59,Java,https://github.com/prometheus/client_java,http://github.com/prometheus/client_java,2022-06-15T21:19:46Z,288,,2286,2026-08-27T17:06:03.000Z,false,pkg:maven/io.prometheus/simpleclient_hotspot
org.scalatest:scalatest_2.12.0-M5,22,33,Scala,https://github.com/scalatest/scalatest,http://www.scalatest.org,2016-08-01T14:43:26Z,41,,1167,2026-08-21T10:07:44.000Z,false,pkg:maven/org.scalatest/scalatest_2.12.0-M5
org.scala-js:scalajs-test-interface_2.13.0-M1,22,40,Scala,https://github.com/scala-js/scala-js,http://scala-js.org/,2017-07-28T22:32:35Z,49,,4710,2026-08-15T18:05:40.000Z,false,pkg:maven/org.scala-js/scalajs-test-interface_2.13.0-M1
org.apache.lucene:lucene-queryparser,22,50,,https://gitbox.apache.org/repos/asf?p=lucene.git,https://lucene.apache.org/,2026-08-13T02:26:32Z,615,,,,,pkg:maven/org.apache.lucene/lucene-queryparser
org.scalacheck:scalacheck_2.13.0-M3,21,33,Scala,https://github.com/rickynils/scalacheck,http://www.scalacheck.org,2018-04-22T20:08:55Z,33,,1858,2023-03-17T01:15:47.000Z,false,pkg:maven/org.scalacheck/scalacheck_2.13.0-M3
com.thesamet.scalapb:scalapb-json4s,21,69,Scala,https://github.com/scalapb/scalapb-json4s,https://github.com/scalapb/scalapb-json4s,2025-06-07T18:18:20Z,31,,25,2026-08-07T23:09:07.000Z,false,pkg:maven/com.thesamet.scalapb/scalapb-json4s_2.12
org.scalameta:scalafmt-dynamic,21,67,Scala,https://github.com/scalameta/scalafmt,https://github.com/scalameta/scalafmt,2026-07-28T00:18:12Z,36,,1489,2026-08-16T01:28:06.000Z,false,pkg:maven/org.scalameta/scalafmt-dynamic_2.13
com.databricks:spark-xml,21,52,Scala,https://github.com/databricks/spark-xml,https://github.com/databricks/spark-xml,2021-09-21T00:36:27Z,28,,511,2024-08-11T22:56:29.000Z,true,pkg:maven/com.databricks/spark-xml_2.11
org.beangle.commons:beangle-commons-core,21,131,Scala,https://github.com/beangle/commons,http://beangle.github.io/commons/index.html,2024-03-07T11:09:28Z,56,,2,2025-08-23T16:09:52.000Z,false,pkg:maven/org.beangle.commons/beangle-commons-core_3
org.springframework:spring-test,21,49,Java,https://github.com/spring-projects/spring-framework,https://github.com/spring-projects/spring-framework,2026-08-21T02:18:46Z,7391,,60205,2026-08-22T11:38:06.000Z,false,pkg:maven/org.springframework/spring-test
org.scala-lang:jline,21,27,Scala,https://github.com/scala/scala,http://www.scala-lang.org/,2017-11-03T20:07:04Z,76,,14566,2026-08-18T12:13:20.000Z,false,pkg:maven/org.scala-lang/jline
qa.hedgehog:hedgehog-runner,21,405,Scala,https://github.com/hedgehogqa/scala-hedgehog,https://hedgehogqa.github.io/scala-hedgehog/,2026-08-22T01:51:42Z,110,,268,2026-06-29T04:03:00.000Z,false,pkg:maven/qa.hedgehog/hedgehog-runner_2.13
javax.activation:activation,21,59,,"",http://java.sun.com/javase/technologies/desktop/javabeans/jaf/index.jsp,2009-10-23T18:26:03Z,1670,,,,,pkg:maven/javax.activation/activation
com.auth0:java-jwt,21,51,Java,https://github.com/auth0/java-jwt,https://github.com/auth0/java-jwt,2026-07-13T06:31:44Z,731,,6235,2026-08-19T22:13:22.000Z,false,pkg:maven/com.auth0/java-jwt
com.typesafe.akka:akka-persistence-typed,21,72,Scala,https://github.com/akka/akka,https://akka.io/,2024-10-28T08:37:33Z,45,,12644,2023-03-21T16:09:37.000Z,false,pkg:maven/com.typesafe.akka/akka-persistence-typed_2.13
com.datastax.spark:spark-cassandra-connector,21,45,Scala,https://github.com/datastax/spark-cassandra-connector,https://github.com/datastax/spark-cassandra-connector,2021-04-08T10:26:44Z,32,,1900,2023-01-13T13:40:52.000Z,false,pkg:maven/com.datastax.spark/spark-cassandra-connector_2.11
io.opentelemetry:opentelemetry-api,21,99,Java,https://github.com/open-telemetry/opentelemetry-java,https://github.com/open-telemetry/opentelemetry-java,2026-08-08T02:09:45Z,624,,2445,2026-08-21T00:37:10.000Z,false,pkg:maven/io.opentelemetry/opentelemetry-api
org.specs2:specs2-cats,21,50,Scala,https://github.com/etorreborre/specs2,https://github.com/etorreborre/specs2,2025-10-20T08:34:06Z,60,,734,2026-08-13T17:25:12.000Z,false,pkg:maven/org.specs2/specs2-cats_2.13
io.netty:netty-transport,21,62,Java,https://github.com/netty/netty,http://netty.io/,2026-08-07T02:08:02Z,1533,,35033,2026-08-25T17:14:11.000Z,false,pkg:maven/io.netty/netty-transport
org.mongodb:casbah,21,35,Scala,https://github.com/mongodb/casbah,http://github.com/mongodb/casbah,2016-12-06T10:38:54Z,113,,513,2022-01-20T16:56:00.000Z,true,pkg:maven/org.mongodb/casbah_2.12
com.chuusai:shapeless_2.13.0-M5,21,30,Scala,https://github.com/milessabin/shapeless,https://github.com/milessabin/shapeless,2018-09-12T12:09:25Z,32,,3402,2026-08-23T08:01:53.000Z,false,pkg:maven/com.chuusai/shapeless_2.13.0-M5
io.netty:netty-common,21,43,Java,https://github.com/netty/netty,http://netty.io/,2026-08-07T02:09:01Z,1526,,35033,2026-08-25T17:14:11.000Z,false,pkg:maven/io.netty/netty-common
com.sksamuel.elastic4s:elastic4s-core,21,152,Scala,https://github.com/sksamuel/elastic4s,https://github.com/sksamuel/elastic4s,2023-12-18T14:58:39Z,52,,1619,2023-03-18T20:05:58.000Z,false,pkg:maven/com.sksamuel.elastic4s/elastic4s-core_2.12
org.quartz-scheduler:quartz,21,44,Java,https://github.com/quartz-scheduler/quartz,https://www.quartz-scheduler.org/,2025-12-01T17:23:25Z,1821,,6752,2026-08-24T01:43:39.000Z,false,pkg:maven/org.quartz-scheduler/quartz
org.typelevel:cats-effect_3.0.0-RC3,21,30,Scala,https://github.com/typelevel/cats-effect,https://github.com/typelevel/cats-effect,2021-04-20T16:55:57Z,32,,2236,2026-08-28T11:28:14.000Z,false,pkg:maven/org.typelevel/cats-effect_3.0.0-RC3
org.scala-sbt:io,21,158,Scala,https://github.com/sbt/io,https://github.com/sbt/io,2026-09-01T02:13:25Z,52,,48,2026-08-22T00:28:03.000Z,false,pkg:maven/org.scala-sbt/io_2.12
be.doeraene:scalajs-jquery,21,122,,https://github.com/scala-js/scala-js-jquery,http://scala-js.org/,2020-02-12T10:37:01Z,105,,,,,pkg:maven/be.doeraene/scalajs-jquery_sjs0.6_2.11
qa.hedgehog:hedgehog-sbt,21,421,Scala,https://github.com/hedgehogqa/scala-hedgehog,https://hedgehogqa.github.io/scala-hedgehog/,2026-08-22T01:51:39Z,109,,268,2026-06-29T04:03:00.000Z,false,pkg:maven/qa.hedgehog/hedgehog-sbt_2.13
javax.annotation:javax.annotation-api,21,96,Java,https://github.com/javaee/javax.annotation,http://jcp.org/en/jsr/detail?id=250,2018-02-21T10:24:24Z,5909,,57,2018-05-11T10:07:12.000Z,true,pkg:maven/javax.annotation/javax.annotation-api
dev.zio:zio-schema-json,21,56,,https://zio.dev/zio-schema,https://zio.dev/zio-schema,2026-04-29T11:35:22Z,7,,,,,pkg:maven/dev.zio/zio-schema-json_3
org.spire-math:jawn-parser,21,80,Scala,https://github.com/non/jawn,http://github.com/non/jawn,2018-07-23T16:56:58Z,41,,422,2023-03-17T01:14:15.000Z,false,pkg:maven/org.spire-math/jawn-parser_2.11
ch.epfl.lamp:dotty-library_0.23,21,48,Scala,https://github.com/lampepfl/dotty,https://github.com/lampepfl/dotty,2020-04-27T11:23:16Z,60,,5257,2023-03-17T15:55:32.000Z,false,pkg:maven/ch.epfl.lamp/dotty-library_0.23
org.beangle.commons:beangle-commons,21,32,Scala,https://github.com/beangle/commons,http://beangle.github.io/commons/index.html,2026-09-02T02:10:08Z,0,,2,2025-08-23T16:09:52.000Z,false,pkg:maven/org.beangle.commons/beangle-commons
org.hammerlab:test-utils,21,35,Scala,https://github.com/hammerlab/test-utils,https://github.com/hammerlab/test-utils,2017-10-19T02:28:03Z,35,,0,2018-12-28T21:22:49.000Z,false,pkg:maven/org.hammerlab/test-utils_2.11
qa.hedgehog:hedgehog-core,21,397,Scala,https://github.com/hedgehogqa/scala-hedgehog,https://hedgehogqa.github.io/scala-hedgehog/,2026-08-22T01:51:28Z,109,,269,2026-08-21T15:38:56.000Z,false,pkg:maven/qa.hedgehog/hedgehog-core_2.13
eu.timepit:refined-cats,21,61,Scala,https://github.com/fthomas/refined,https://github.com/fthomas/refined,2026-06-30T23:54:48Z,21,,1733,2026-08-29T17:50:20.000Z,false,pkg:maven/eu.timepit/refined-cats_2.13
org.eclipse.jetty:jetty-servlets,20,58,Java,https://github.com/jetty/jetty.project,https://jetty.org,2025-08-14T18:11:25Z,951,,4092,2026-08-21T08:00:58.000Z,false,pkg:maven/org.eclipse.jetty/jetty-servlets
org.scalatest:scalatest_3.0.0-M3,20,27,Scala,https://github.com/scalatest/scalatest,http://www.scalatest.org,2020-12-19T12:03:51Z,58,,1167,2026-08-21T10:07:44.000Z,false,pkg:maven/org.scalatest/scalatest_3.0.0-M3
org.typelevel:jawn-ast,20,63,Scala,https://github.com/typelevel/jawn,https://github.com/typelevel/jawn,2026-06-24T13:45:24Z,24,,436,2026-08-21T04:21:05.000Z,false,pkg:maven/org.typelevel/jawn-ast_2.13
org.typelevel:cats-core_3.0.0-M2,20,28,Scala,https://github.com/typelevel/cats,https://github.com/typelevel/cats,2021-02-10T17:02:47Z,31,,5456,2026-08-21T12:13:32.000Z,false,pkg:maven/org.typelevel/cats-core_3.0.0-M2
dev.zio:izumi-reflect,20,202,Scala,https://github.com/zio/izumi-reflect,https://zio.dev,2025-12-10T21:16:16Z,55,,156,2026-08-14T13:31:12.000Z,false,pkg:maven/dev.zio/izumi-reflect_2.13
net.bytebuddy:byte-buddy,20,117,Java,https://github.com/raphw/byte-buddy,https://bytebuddy.net,2026-08-18T01:52:50Z,2042,,6881,2026-08-20T00:56:55.000Z,false,pkg:maven/net.bytebuddy/byte-buddy
com.lihaoyi:ammonite-ops,20,197,Scala,https://github.com/com-lihaoyi/Ammonite,https://github.com/com-lihaoyi/Ammonite,2021-11-13T09:57:20Z,181,,2631,2026-06-22T01:22:39.000Z,false,pkg:maven/com.lihaoyi/ammonite-ops_2.12
org.portable-scala:portable-scala-reflect,20,561,Scala,https://github.com/portable-scala/portable-scala-reflect,https://github.com/portable-scala/portable-scala-reflect,2024-05-31T15:57:15Z,146,,38,2022-04-21T10:17:27.000Z,false,pkg:maven/org.portable-scala/portable-scala-reflect_sjs1_2.13
org.typelevel:cats-core_sjs1_3.0.0-RC1,20,29,Scala,https://github.com/typelevel/cats,https://github.com/typelevel/cats,2021-03-29T18:08:54Z,30,,5456,2026-08-21T12:13:32.000Z,false,pkg:maven/org.typelevel/cats-core_sjs1_3.0.0-RC1
org.objenesis:objenesis,20,97,Java,https://github.com/easymock/objenesis,https://objenesis.org,2018-10-19T00:55:47Z,2423,,630,2026-08-30T21:30:59.000Z,false,pkg:maven/org.objenesis/objenesis
io.grpc:grpc-netty-shaded,20,63,Java,https://github.com/grpc/grpc-java,https://github.com/grpc/grpc-java,2026-07-31T00:06:06Z,758,,10429,2023-03-22T01:35:47.000Z,false,pkg:maven/io.grpc/grpc-netty-shaded
org.scala-js:scalajs-library_2.12.0-M4,20,33,Scala,https://github.com/scala-js/scala-js,http://scala-js.org/,2016-06-15T16:40:46Z,33,,4710,2026-08-15T18:05:40.000Z,false,pkg:maven/org.scala-js/scalajs-library_2.12.0-M4
org.scala-js:scalajs-library_2.12.0-M5,20,34,Scala,https://github.com/scala-js/scala-js,http://scala-js.org/,2016-08-31T15:30:09Z,48,,4710,2026-08-15T18:05:40.000Z,false,pkg:maven/org.scala-js/scalajs-library_2.12.0-M5
org.scalacheck:scalacheck_3.0.0-RC2,20,25,Scala,https://github.com/typelevel/scalacheck,http://www.scalacheck.org,2021-05-03T16:59:52Z,26,,1966,2026-07-27T18:48:22.000Z,false,pkg:maven/org.scalacheck/scalacheck_3.0.0-RC2
com.github.scala-incubator.io:scala-io-file,20,37,Scala,https://github.com/jesseeichar/scala-io,http://jesseeichar.github.com/scala-io-doc/index.html,2014-04-22T09:20:14Z,31,,130,2017-06-20T00:50:41.000Z,false,pkg:maven/com.github.scala-incubator.io/scala-io-file_2.10
com.google.auth:google-auth-library-oauth2-http,20,52,Java,https://github.com/googleapis/google-cloud-java,https://github.com/googleapis/google-cloud-java,2026-07-31T02:23:37Z,517,,2090,2026-08-25T04:29:30.000Z,false,pkg:maven/com.google.auth/google-auth-library-oauth2-http
com.google.api-client:google-api-client,20,50,Java,https://github.com/googleapis/google-api-java-client,https://github.com/googleapis/google-api-java-client,2026-02-24T16:46:22Z,845,,1474,2026-07-01T19:22:14.000Z,false,pkg:maven/com.google.api-client/google-api-client
com.google.inject.extensions:guice-assistedinject,20,137,Java,https://github.com/google/guice,https://github.com/google/guice,2023-05-12T17:41:19Z,608,,12731,2026-08-28T16:49:58.000Z,false,pkg:maven/com.google.inject.extensions/guice-assistedinject
com.typesafe.akka:akka-http-xml,20,35,Scala,https://github.com/akka/akka-http,https://akka.io,2023-10-16T09:31:07Z,28,,1350,2026-08-19T15:17:21.000Z,false,pkg:maven/com.typesafe.akka/akka-http-xml_2.12
commons-fileupload:commons-fileupload,20,81,,https://gitbox.apache.org/repos/asf?p=commons-fileupload.git,https://commons.apache.org/proper/commons-fileupload/,2025-06-05T15:19:06Z,2282,,,,,pkg:maven/commons-fileupload/commons-fileupload
org.scalatest:scalatest_2.13.0-M2,20,29,Scala,https://github.com/scalatest/scalatest,http://www.scalatest.org,2018-01-29T13:30:21Z,41,,1167,2026-08-21T10:07:44.000Z,false,pkg:maven/org.scalatest/scalatest_2.13.0-M2
org.apache.hadoop:hadoop-core,20,60,,"",,2013-07-24T20:41:51Z,513,,,,,pkg:maven/org.apache.hadoop/hadoop-core
com.softwaremill.macwire:macros,20,77,Scala,https://github.com/softwaremill/macwire,http://softwaremill.com/open-source,2025-09-01T14:01:12Z,45,,1314,2026-08-12T00:24:40.000Z,false,pkg:maven/com.softwaremill.macwire/macros_2.13
org.apache.tika:tika-core,20,45,Java,https://github.com/apache/tika,https://tika.apache.org/,2026-08-23T02:24:37Z,766,,4017,2026-08-29T16:05:44.000Z,false,pkg:maven/org.apache.tika/tika-core
io.circe:circe-derivation,20,89,Scala,https://github.com/circe/circe-derivation,https://github.com/circe/circe-derivation,2020-11-23T09:22:54Z,42,,132,2025-06-30T16:57:41.000Z,false,pkg:maven/io.circe/circe-derivation_2.12
org.scalacheck:scalacheck_3.0.0-RC1,20,29,Scala,https://github.com/typelevel/scalacheck,http://www.scalacheck.org,2021-02-16T18:34:44Z,29,,1966,2026-07-27T18:48:22.000Z,false,pkg:maven/org.scalacheck/scalacheck_3.0.0-RC1
com.google.jimfs:jimfs,20,76,Java,https://github.com/google/jimfs,https://github.com/google/jimfs,2026-08-19T02:21:27Z,422,,2551,2026-08-07T00:49:06.000Z,false,pkg:maven/com.google.jimfs/jimfs
com.twitter:bijection-core,20,143,Scala,https://github.com/twitter/bijection,https://github.com/twitter/bijection,2017-09-13T18:16:58Z,67,,658,2024-11-22T02:00:47.000Z,false,pkg:maven/com.twitter/bijection-core_2.10
org.apache.tomcat.embed:tomcat-embed-core,19,29,,"",https://tomcat.apache.org/,2026-08-19T02:28:16Z,1044,,,,,pkg:maven/org.apache.tomcat.embed/tomcat-embed-core
com.lihaoyi:scalarx,19,44,Scala,https://github.com/lihaoyi/scala.rx,https://github.com/lihaoyi/scala.rx,2018-08-11T15:41:17Z,14,,991,2023-01-31T18:42:34.000Z,false,pkg:maven/com.lihaoyi/scalarx_sjs0.6_2.11
org.scala-tools.testing:specs_2.8.1,19,96,,http://specs.googlecode.com/svn/trunk,http://code.google.com/p/specs/,2011-05-13T22:36:20Z,188,,,,,pkg:maven/org.scala-tools.testing/specs_2.8.1
org.cassandraunit:cassandra-unit,19,39,Java,https://github.com/jsevellec/cassandra-unit,https://github.com/jsevellec/cassandra-unit,2020-01-09T15:53:17Z,190,,423,2022-09-03T12:18:52.000Z,false,pkg:maven/org.cassandraunit/cassandra-unit
de.sciss:soundprocesses-core,19,44,"",https://codeberg.org/sciss/SoundProcesses,https://codeberg.org/sciss/SoundProcesses,2025-03-17T00:23:08Z,12,,0,,false,pkg:maven/de.sciss/soundprocesses-core_2.12
org.sangria-graphql:sangria-marshalling-api,19,42,Scala,https://github.com/sangria-graphql/sangria-marshalling-api,https://sangria-graphql.github.io/,2024-10-28T11:07:17Z,13,,3,2026-08-16T03:22:47.000Z,false,pkg:maven/org.sangria-graphql/sangria-marshalling-api_2.12
com.typesafe.akka:akka-cluster-sharding-typed,19,52,Scala,https://github.com/akka/akka,https://akka.io/,2024-10-28T08:37:45Z,35,,12644,2023-03-21T16:09:37.000Z,false,pkg:maven/com.typesafe.akka/akka-cluster-sharding-typed_2.13
org.apache.hadoop:hadoop-minicluster,19,61,,"",,2026-03-24T17:06:40Z,423,,,,,pkg:maven/org.apache.hadoop/hadoop-minicluster
org.apache.jena:jena-arq,19,46,,https://gitbox.apache.org/repos/asf/jena.git,https://jena.apache.org/,2026-08-01T02:13:47Z,393,,,,,pkg:maven/org.apache.jena/jena-arq
org.apache.hive:hive-exec,19,66,,https://github.com/apache/maven-apache-parent,https://hive.apache.org,2026-08-25T02:17:36Z,428,,47,2026-08-10T20:47:13.000Z,false,pkg:maven/org.apache.hive/hive-exec
org.scala-native:junit-runtime,19,78,Scala,https://github.com/scala-native/scala-native,http://www.scala-native.org,2024-01-19T13:17:54Z,17,,4673,2026-07-27T03:35:08.000Z,false,pkg:maven/org.scala-native/junit-runtime_native0.4_2.13
org.springframework:spring-core,19,48,Java,https://github.com/spring-projects/spring-framework,https://github.com/spring-projects/spring-framework,2026-08-21T02:19:10Z,6691,,60212,2026-08-24T16:22:05.000Z,false,pkg:maven/org.springframework/spring-core
org.typelevel:cats-core_sjs1_3.0.0-RC3,19,26,Scala,https://github.com/typelevel/cats,https://github.com/typelevel/cats,2021-04-19T23:29:54Z,27,,5456,2026-08-21T12:13:32.000Z,false,pkg:maven/org.typelevel/cats-core_sjs1_3.0.0-RC3
io.lemonlabs:scala-uri,19,44,Scala,https://github.com/lemonlabsuk/scala-uri,https://github.com/lemonlabsuk/scala-uri,2022-11-14T21:36:39Z,22,,300,2023-02-24T09:22:40.000Z,false,pkg:maven/io.lemonlabs/scala-uri_2.13
postgresql:postgresql,19,51,,http://cvs.pgfoundry.org/cgi-bin/cvsweb.cgi/jdbc/pgjdbc/,http://jdbc.postgresql.org,2011-12-18T23:55:32Z,693,,,,,pkg:maven/postgresql/postgresql
org.specs2:specs2-matcher,19,129,Scala,https://github.com/etorreborre/specs2,http://specs2.org/,2021-01-18T17:35:17Z,31,,734,2026-08-13T17:25:12.000Z,false,pkg:maven/org.specs2/specs2-matcher_2.11
dev.zio:zio-nio,19,45,Scala,https://github.com/zio/zio-nio,https://github.com/zio/zio-nio/,2023-09-05T12:40:58Z,21,,183,2023-03-09T15:43:27.000Z,false,pkg:maven/dev.zio/zio-nio_2.13
com.typesafe:ssl-config-core,19,96,Scala,https://github.com/lightbend/ssl-config,https://lightbend.github.io/ssl-config/,2025-10-24T14:14:59Z,146,,67,2025-10-21T12:59:23.000Z,false,pkg:maven/com.typesafe/ssl-config-core_2.12
com.lihaoyi:scalaparse,19,120,Scala,https://github.com/com-lihaoyi/fastparse,https://github.com/lihaoyi/fastparse,2024-07-04T01:40:59Z,61,,1123,2025-09-03T00:56:36.000Z,false,pkg:maven/com.lihaoyi/scalaparse_2.12
org.scalacheck:scalacheck_2.9.3,19,71,Scala,https://github.com/rickynils/scalacheck,http://www.scalacheck.org,2015-06-17T06:21:23Z,105,,1858,2023-03-17T01:15:47.000Z,false,pkg:maven/org.scalacheck/scalacheck_2.9.3
play:play,19,22,,,,,,,,,,
io.monix:monix-execution,19,99,Scala,https://github.com/monix/monix,https://monix.io,2022-05-07T18:36:15Z,22,,1938,2024-08-12T23:48:38.000Z,false,pkg:maven/io.monix/monix-execution_2.12
org.scalacheck:scalacheck_sjs0.6_2.13.0-RC1,19,34,Scala,https://github.com/rickynils/scalacheck,http://www.scalacheck.org,2019-04-05T17:23:16Z,36,,1858,2023-03-17T01:15:47.000Z,false,pkg:maven/org.scalacheck/scalacheck_sjs0.6_2.13.0-RC1
org.typelevel:literally,19,127,Scala,https://github.com/typelevel/literally,https://github.com/typelevel/literally,2024-05-13T17:24:20Z,18,,113,2026-08-09T08:19:43.000Z,false,pkg:maven/org.typelevel/literally_2.13
org.hammerlab:spark-tests,19,28,Scala,https://github.com/hammerlab/spark-tests,https://github.com/hammerlab/spark-tests,2018-12-29T00:22:43Z,18,,24,2018-12-29T00:18:46.000Z,false,pkg:maven/org.hammerlab/spark-tests_2.11
org.springframework:spring-web,19,44,Java,https://github.com/spring-projects/spring-framework,https://github.com/spring-projects/spring-framework,2026-08-21T02:18:36Z,6673,,60216,2026-09-01T09:20:43.000Z,false,pkg:maven/org.springframework/spring-web
de.heikoseeberger:akka-http-json4s,19,42,Scala,https://github.com/hseeberger/akka-http-json,https://github.com/hseeberger/akka-http-json,2019-09-16T12:55:31Z,21,,586,2024-07-30T07:52:35.000Z,true,pkg:maven/de.heikoseeberger/akka-http-json4s_2.11
org.apache.solr:solr-solrj,19,52,,https://gitbox.apache.org/repos/asf?p=solr.git,https://solr.apache.org/,2026-03-03T19:16:36Z,502,,,,,pkg:maven/org.apache.solr/solr-solrj
org.specs2:specs2-scalacheck_2.13.0-M5,19,60,Scala,https://github.com/etorreborre/specs2,http://specs2.org/,2019-03-11T11:12:58Z,61,,734,2026-08-13T17:25:12.000Z,false,pkg:maven/org.specs2/specs2-scalacheck_2.13.0-M5
io.undertow:undertow-core,19,77,Java,https://github.com/undertow-io/undertow,https://undertow.io/,2026-08-28T01:59:54Z,912,,3760,2026-08-14T19:06:33.000Z,false,pkg:maven/io.undertow/undertow-core
net.liftweb:lift-webkit_2.9.1-1,19,49,Scala,https://github.com/lift/framework,http://www.liftweb.net,2016-01-31T04:58:10Z,97,,1284,2026-07-26T11:58:58.000Z,false,pkg:maven/net.liftweb/lift-webkit_2.9.1-1
com.github.japgolly.scalacss:core,19,64,Scala,https://github.com/japgolly/scalacss,https://github.com/japgolly/scalacss,2020-05-11T05:49:07Z,21,,332,2023-03-10T16:15:48.000Z,false,pkg:maven/com.github.japgolly.scalacss/core_sjs0.6_2.12
org.scala-lang.modules:scala-xml_2.13.0-M5,19,27,Scala,https://github.com/scala/scala-xml,http://www.scala-lang.org/,2018-10-15T21:56:55Z,30,,278,2023-03-18T19:50:24.000Z,false,pkg:maven/org.scala-lang.modules/scala-xml_2.13.0-M5
org.scalatestplus:scalacheck-1-19,19,138,,,,,,,,,,
io.github.cquiroz.react:common,19,45,Scala,https://github.com/cquiroz/scalajs-react-common,https://github.com/cquiroz/scalajs-react-common,2022-04-12T15:04:20Z,21,,1,2023-01-27T15:54:00.000Z,true,pkg:maven/io.github.cquiroz.react/common_sjs1_2.13
org.mapdb:mapdb,19,40,Java,https://github.com/jankotek/mapdb,http://www.mapdb.org,2024-01-10T07:45:48Z,271,,4982,2024-06-04T19:19:49.000Z,false,pkg:maven/org.mapdb/mapdb
com.github.scalaprops:scalaprops,19,138,Scala,https://github.com/scalaprops/scalaprops,https://github.com/scalaprops/scalaprops,2022-11-25T10:06:38Z,23,,279,2025-09-30T22:03:19.000Z,false,pkg:maven/com.github.scalaprops/scalaprops_2.11
org.hammerlab.test:base,18,50,Scala,https://github.com/hammerlab/test-utils,https://github.com/hammerlab/test-utils,2018-12-28T21:18:40Z,34,,0,2018-12-28T21:22:49.000Z,false,pkg:maven/org.hammerlab.test/base_2.11
com.amazonaws:aws-java-sdk-sqs,18,51,,https://github.com/aws/aws-sdk-java,https://aws.amazon.com/sdkforjava,2025-12-30T02:11:20Z,272,,3917,2023-03-21T20:44:00.000Z,false,pkg:maven/com.amazonaws/aws-java-sdk-sqs
com.github.spullara.mustache.java:compiler,18,48,HTML,https://github.com/spullara/mustache.java,http://github.com/spullara/mustache.java,2024-07-07T22:58:10Z,539,,1953,2026-08-16T20:52:13.000Z,false,pkg:maven/com.github.spullara.mustache.java/compiler
de.sciss:span,18,39,,https://git.iem.at/sciss/Span,https://git.iem.at/sciss/Span,2021-02-01T01:11:48Z,11,,,,,pkg:maven/de.sciss/span_2.13
com.typesafe.akka:akka-http2-support,18,45,Scala,https://github.com/akka/akka-http,https://akka.io,2023-10-16T09:31:07Z,27,,1350,2026-08-24T06:53:27.000Z,false,pkg:maven/com.typesafe.akka/akka-http2-support_2.13
com.github.ghik:silencer-lib_2.13.3,18,37,Scala,https://github.com/ghik/silencer,https://github.com/ghik/silencer,2023-06-12T09:56:53Z,340,,253,2025-12-19T16:38:59.000Z,false,pkg:maven/com.github.ghik/silencer-lib_2.13.3
com.fasterxml.jackson.module:jackson-module-parameter-names,18,71,Java,https://github.com/FasterXML/jackson-modules-java8,https://github.com/FasterXML/jackson-modules-java8,2026-08-17T02:23:35Z,1347,,423,2026-08-16T17:23:35.000Z,false,pkg:maven/com.fasterxml.jackson.module/jackson-module-parameter-names
org.msgpack:msgpack-core,18,80,Java,https://github.com/msgpack/msgpack-java,https://msgpack.org/,2026-05-03T23:54:21Z,253,,1472,2026-08-07T20:16:58.000Z,false,pkg:maven/org.msgpack/msgpack-core
org.scalatest:scalatest-mustmatchers,18,78,Scala,https://github.com/scalatest/scalatest,http://www.scalatest.org,2026-03-25T13:53:45Z,13,,1167,2026-08-21T10:07:44.000Z,false,pkg:maven/org.scalatest/scalatest-mustmatchers_2.13
com.databricks:spark-avro,18,28,Scala,https://github.com/databricks/spark-avro,https://github.com/databricks/spark-avro,2017-10-30T22:24:44Z,50,,536,2018-12-19T19:32:32.000Z,true,pkg:maven/com.databricks/spark-avro_2.11
org.scala-js:scalajs-test-interface_2.12.0-RC1,18,35,Scala,https://github.com/scala-js/scala-js,http://scala-js.org/,2016-10-13T22:12:50Z,43,,4438,2023-03-19T18:47:30.000Z,false,pkg:maven/org.scala-js/scalajs-test-interface_2.12.0-RC1
com.typesafe.akka:akka-persistence-cassandra,18,51,Scala,https://github.com/akka/akka-persistence-cassandra,https://akka.io,2023-04-25T09:17:04Z,27,,325,2023-03-14T14:08:13.000Z,false,pkg:maven/com.typesafe.akka/akka-persistence-cassandra_2.12
com.yammer.metrics:metrics-core,18,49,Go,https://github.com/codahale/metrics,http://metrics.codahale.com/,2012-11-26T20:11:09Z,408,,447,2016-09-29T22:46:42.000Z,true,pkg:maven/com.yammer.metrics/metrics-core
com.fasterxml.jackson.jaxrs:jackson-jaxrs-json-provider,18,36,Java,https://github.com/FasterXML/jackson-jaxrs-providers,https://github.com/FasterXML/jackson-jaxrs-providers,2026-08-17T02:23:24Z,2311,,126,2026-08-02T17:02:29.000Z,false,pkg:maven/com.fasterxml.jackson.jaxrs/jackson-jaxrs-json-provider
com.typesafe.akka:akka-cluster-typed,18,41,Scala,https://github.com/akka/akka,https://akka.io/,2024-10-28T08:37:35Z,38,,12644,2023-03-21T16:09:37.000Z,false,pkg:maven/com.typesafe.akka/akka-cluster-typed_2.13
org.testcontainers:mysql,18,39,Java,https://github.com/testcontainers/testcontainers-java,https://java.testcontainers.org,2025-12-16T00:15:48Z,263,,8723,2026-08-27T22:26:01.000Z,false,pkg:maven/org.testcontainers/mysql
com.outr:scribe-slf4j,18,34,Scala,https://github.com/outr/scribe,https://github.com/outr/scribe,2024-10-25T11:48:00Z,18,,550,2026-07-22T00:34:35.000Z,false,pkg:maven/com.outr/scribe-slf4j_2.12
org.apache.avro:avro-mapred,18,74,Java,https://github.com/apache/avro,https://avro.apache.org,2026-08-18T02:00:23Z,271,,3299,2026-08-18T07:12:38.000Z,false,pkg:maven/org.apache.avro/avro-mapred
com.softwaremill.sttp.tapir:tapir-http4s-server,18,44,Scala,https://github.com/softwaremill/tapir,http://softwaremill.com/open-source,2026-08-08T02:32:37Z,14,,1469,2026-08-23T00:48:32.000Z,false,pkg:maven/com.softwaremill.sttp.tapir/tapir-http4s-server_2.12
org.apache.flink:flink-runtime,18,181,Java,https://github.com/apache/flink,https://flink.apache.org,2022-02-04T09:23:35Z,156,,26288,2026-08-24T15:52:44.000Z,false,pkg:maven/org.apache.flink/flink-runtime_2.11
com.github.cb372:scalacache-core,18,72,Scala,https://github.com/cb372/scalacache,https://github.com/cb372/scalacache,2019-06-19T21:22:55Z,29,,760,2023-03-06T14:16:27.000Z,false,pkg:maven/com.github.cb372/scalacache-core_2.12
io.swagger:swagger-scala-module,18,31,Scala,https://github.com/swagger-api/swagger-scala-module,https://github.com/swagger-api/swagger-scala-module,2019-12-07T14:57:14Z,15,,103,2022-09-14T15:32:52.000Z,true,pkg:maven/io.swagger/swagger-scala-module_2.11
org.apache.arrow:arrow-vector,18,58,Java,https://github.com/apache/arrow-java,https://arrow.apache.org/,2026-03-12T12:27:06Z,179,,93,2026-08-14T01:57:43.000Z,false,pkg:maven/org.apache.arrow/arrow-vector
org.scalaz:scalaz-core_2.9.2,18,38,Scala,https://github.com/scalaz/scalaz,http://scalaz.org,2016-04-09T02:57:07Z,53,,4673,2026-08-24T22:08:56.000Z,false,pkg:maven/org.scalaz/scalaz-core_2.9.2
org.eclipse.jetty:jetty-client,18,56,Java,https://github.com/jetty/jetty.project,https://jetty.org,2026-08-06T02:30:18Z,730,,4092,2026-09-01T14:20:17.000Z,false,pkg:maven/org.eclipse.jetty/jetty-client
play:play_2.9.1,18,27,,,,,,,,,,
com.amazonaws:aws-lambda-java-core,18,35,Java,https://github.com/aws/aws-lambda-java-libs,https://aws.amazon.com/lambda/,2025-09-03T19:16:56Z,296,,547,2026-08-21T16:47:00.000Z,false,pkg:maven/com.amazonaws/aws-lambda-java-core
org.hdrhistogram:HdrHistogram,18,76,Java,https://github.com/HdrHistogram/HdrHistogram,http://hdrhistogram.github.io/HdrHistogram/,2024-05-30T06:46:04Z,592,,2317,2024-06-27T13:01:32.000Z,false,pkg:maven/org.hdrhistogram/HdrHistogram
org.apache.commons:commons-io,18,83,,"",,2012-10-09T19:28:51Z,1131,,,,,pkg:maven/org.apache.commons/commons-io
org.apache.pdfbox:pdfbox,18,42,Shell,https://svn.apache.org/viewvc/pdfbox/tags/3.0.8/pdfbox,https://www.apache.org/,2026-07-08T04:37:24Z,638,,22,2023-03-20T07:41:15.000Z,false,pkg:maven/org.apache.pdfbox/pdfbox
org.typelevel:cats-macros,18,91,Scala,https://github.com/typelevel/cats,https://github.com/typelevel/cats,2020-02-25T08:38:05Z,48,,5450,2026-08-09T18:15:00.000Z,false,pkg:maven/org.typelevel/cats-macros_2.12
ch.epfl.lamp:dotty-library_0.25,18,47,Scala,https://github.com/lampepfl/dotty,https://github.com/lampepfl/dotty,2020-07-22T14:50:09Z,47,,5257,2023-03-17T15:55:32.000Z,false,pkg:maven/ch.epfl.lamp/dotty-library_0.25
org.scalacheck:scalacheck_3.0.0-RC3,18,25,Scala,https://github.com/typelevel/scalacheck,http://www.scalacheck.org,2021-05-03T17:00:34Z,25,,1966,2026-07-27T18:48:22.000Z,false,pkg:maven/org.scalacheck/scalacheck_3.0.0-RC3
com.ibm.icu:icu4j,18,51,C++,https://github.com/unicode-org/icu,https://icu.unicode.org/,2014-10-09T23:34:15Z,729,,3586,2026-08-26T00:46:04.000Z,false,pkg:maven/com.ibm.icu/icu4j
com.101tec:zkclient,18,70,Java,https://github.com/sgroschupf/zkclient,https://github.com/sgroschupf/zkclient,2013-05-29T07:55:25Z,402,,1078,2024-03-14T19:04:50.000Z,false,pkg:maven/com.101tec/zkclient
com.eed3si9n.verify:verify,18,218,Scala,https://github.com/scala/nanotest-strawman,https://www.scala-lang.org,2020-12-29T20:31:57Z,48,,90,2023-02-24T14:56:49.000Z,false,pkg:maven/com.eed3si9n.verify/verify_2.12
io.netty:netty-tcnative-boringssl-static,18,61,C,https://github.com/netty/netty-tcnative,https://github.com/netty/netty-tcnative/netty-tcnative-boringssl-static/,2026-08-30T01:55:24Z,764,,266,2026-08-19T16:10:33.000Z,false,pkg:maven/io.netty/netty-tcnative-boringssl-static
org.scalaz:scalaz-core_2.12.0-RC2,17,27,Scala,https://github.com/scalaz/scalaz,http://scalaz.org,2016-10-27T01:22:57Z,30,,4673,2026-08-24T22:08:56.000Z,false,pkg:maven/org.scalaz/scalaz-core_2.12.0-RC2
com.chuusai:shapeless_2.13.0-RC1,17,22,Scala,https://github.com/milessabin/shapeless,https://github.com/milessabin/shapeless,2019-04-06T17:25:06Z,23,,3402,2026-08-23T08:01:53.000Z,false,pkg:maven/com.chuusai/shapeless_2.13.0-RC1
org.scalacheck:scalacheck_3.0.0-M3,17,27,Scala,https://github.com/typelevel/scalacheck,http://www.scalacheck.org,2021-02-16T18:34:04Z,28,,1966,2026-07-27T18:48:22.000Z,false,pkg:maven/org.scalacheck/scalacheck_3.0.0-M3
org.apache.flink:flink-core,17,215,Java,https://github.com/apache/flink,https://flink.apache.org,2026-06-14T14:44:11Z,532,,26288,2026-08-24T15:52:44.000Z,false,pkg:maven/org.apache.flink/flink-core
org.jetbrains.kotlin:kotlin-stdlib,17,25,Kotlin,https://github.com/JetBrains/kotlin,https://kotlinlang.org/,2026-07-15T02:20:40Z,11122,,53350,2026-08-22T18:35:16.000Z,false,pkg:maven/org.jetbrains.kotlin/kotlin-stdlib
org.typelevel:paiges-core,17,108,Scala,https://github.com/typelevel/paiges,https://typelevel.org/paiges,2024-06-18T08:57:31Z,19,,188,2026-08-04T16:43:40.000Z,false,pkg:maven/org.typelevel/paiges-core_2.13
io.delta:delta-spark,17,39,Scala,https://github.com/delta-io/delta,https://delta.io/,2025-05-29T04:59:54Z,0,,8054,2025-06-03T22:28:33.000Z,false,pkg:maven/io.delta/delta-spark_2.12
org.apache.jena:jena-core,17,45,Java,https://gitbox.apache.org/repos/asf/jena.git,https://jena.apache.org/,2026-08-01T02:13:43Z,313,,1426,2026-08-31T00:18:38.000Z,false,pkg:maven/org.apache.jena/jena-core
io.getquill:quill-jdbc,17,41,Scala,https://github.com/zio/zio-quill,https://zio.dev/zio-quill,2024-11-24T07:30:56Z,16,,2166,2026-07-22T00:30:53.000Z,false,pkg:maven/io.getquill/quill-jdbc_2.12
org.scalatest:scalatest-freespec,17,240,Scala,https://github.com/scalatest/scalatest,http://www.scalatest.org,2026-03-25T13:53:45Z,32,,1167,2026-08-21T10:07:44.000Z,false,pkg:maven/org.scalatest/scalatest-freespec_2.13
org.scalatestplus:mockito-1-10,17,106,Scala,https://github.com/scalatest/scalatestplus-mockito,https://github.com/scalatest/scalatestplus-mockito,2019-12-02T14:28:26Z,154,,17,2025-08-16T07:39:42.000Z,false,pkg:maven/org.scalatestplus/mockito-1-10_2.12
org.sangria-graphql:sangria-marshalling-testkit,17,38,Scala,https://github.com/sangria-graphql/sangria-marshalling-testkit,https://sangria-graphql.github.io/,2021-05-31T08:32:52Z,12,,0,2025-08-23T03:59:18.000Z,false,pkg:maven/org.sangria-graphql/sangria-marshalling-testkit_2.12
io.janstenpickle:trace4cats-core,17,83,Scala,https://github.com/trace4cats/trace4cats,https://github.com/trace4cats/trace4cats,2024-02-11T13:44:34Z,29,,188,2026-07-28T22:43:14.000Z,false,pkg:maven/io.janstenpickle/trace4cats-core_2.13
io.dropwizard.metrics:metrics-json,17,54,Java,https://github.com/dropwizard/metrics,https://metrics.dropwizard.io,2026-08-30T01:58:39Z,549,,7841,2026-08-17T10:08:19.000Z,false,pkg:maven/io.dropwizard.metrics/metrics-json
org.scalacheck:scalacheck_2.9.1,17,54,Scala,https://github.com/rickynils/scalacheck,http://www.scalacheck.org,2013-04-07T13:09:56Z,183,,1858,2023-03-17T01:15:47.000Z,false,pkg:maven/org.scalacheck/scalacheck_2.9.1
org.hamcrest:hamcrest-library,17,45,Java,https://github.com/hamcrest/JavaHamcrest,http://hamcrest.org/JavaHamcrest/,2010-12-22T08:09:50Z,4822,,2190,2025-02-24T12:15:06.000Z,false,pkg:maven/org.hamcrest/hamcrest-library
org.scalacheck:scalacheck_sjs1_3.0.0-RC2,17,25,Scala,https://github.com/typelevel/scalacheck,http://www.scalacheck.org,2021-05-03T17:02:22Z,25,,1966,2026-07-27T18:48:22.000Z,false,pkg:maven/org.scalacheck/scalacheck_sjs1_3.0.0-RC2
org.parboiled:parboiled-scala,17,56,Java,https://github.com/sirthias/parboiled,http://parboiled.org,2019-06-24T13:31:44Z,100,,1318,2026-08-21T12:11:04.000Z,false,pkg:maven/org.parboiled/parboiled-scala_2.11
org.scalameta:munit_3.0.0-M3,17,26,Scala,https://github.com/scalameta/munit,https://github.com/scalameta/munit,2021-02-16T21:36:49Z,27,,472,2026-08-18T22:48:13.000Z,false,pkg:maven/org.scalameta/munit_3.0.0-M3
com.univocity:univocity-parsers,17,70,Java,https://github.com/univocity/univocity-parsers,http://github.com/univocity/univocity-parsers,2021-01-18T04:16:27Z,203,,935,2024-08-17T20:12:20.000Z,false,pkg:maven/com.univocity/univocity-parsers
com.github.mrpowers:spark-fast-tests,17,34,Scala,https://github.com/mrpowers-io/spark-fast-tests,https://github.com/mrpowers-io/spark-fast-tests,2026-02-08T02:25:55Z,21,,445,2025-06-28T07:38:43.000Z,false,pkg:maven/com.github.mrpowers/spark-fast-tests_2.12
org.scalatra:scalatra-scalate,17,37,Scala,https://github.com/scalatra/scalatra,http://www.scalatra.org/,2016-05-13T12:43:27Z,25,,2649,2026-07-19T07:00:52.000Z,false,pkg:maven/org.scalatra/scalatra-scalate_2.10
com.47deg:scalacheck-toolbox-datetime,17,48,Scala,https://github.com/47degrees/scalacheck-toolbox,https://github.com/47degrees/scalacheck-toolbox,2023-02-15T11:50:07Z,23,,120,2025-08-25T05:20:05.000Z,false,pkg:maven/com.47deg/scalacheck-toolbox-datetime_2.12
org.typelevel:discipline-specs2,17,96,Scala,https://github.com/typelevel/discipline-specs2,https://typelevel.org/discipline-specs2,2024-11-26T20:18:15Z,79,,9,2026-05-03T07:02:26.000Z,false,pkg:maven/org.typelevel/discipline-specs2_2.13
de.sciss:audiofile,17,38,Scala,https://codeberg.org/sciss/AudioFile,https://codeberg.org/sciss/AudioFile,2022-11-13T18:46:27Z,12,,0,,false,pkg:maven/de.sciss/audiofile_2.12
co.fs2:fs2-core_3.0.0-RC2,17,20,Scala,https://github.com/typelevel/fs2,https://github.com/typelevel/fs2,2021-04-23T13:27:20Z,21,,2451,2026-08-24T18:08:23.000Z,false,pkg:maven/co.fs2/fs2-core_3.0.0-RC2
de.sciss:lucre-expr,17,43,"",https://codeberg.org/sciss/Lucre,https://codeberg.org/sciss/Lucre,2024-08-17T21:38:40Z,13,,0,,false,pkg:maven/de.sciss/lucre-expr_2.12
org.eclipse.jetty:jetty-util,17,89,Java,https://github.com/jetty/jetty.project,https://jetty.org,2026-08-06T02:29:41Z,1571,,4091,2026-08-28T16:41:34.000Z,false,pkg:maven/org.eclipse.jetty/jetty-util
org.typelevel:cats-tagless-core,17,86,Scala,https://github.com/typelevel/cats-tagless,https://typelevel.org/cats-tagless,2026-03-03T16:26:18Z,17,,319,2026-08-04T00:45:33.000Z,false,pkg:maven/org.typelevel/cats-tagless-core_2.12
org.typelevel:scalaz-specs2,17,63,Scala,https://github.com/typelevel/scalaz-specs2,http://typelevel.org/,2017-12-28T16:27:48Z,55,,34,2017-12-28T16:29:44.000Z,true,pkg:maven/org.typelevel/scalaz-specs2_2.11
com.pauldijou:jwt-core,17,30,Scala,https://github.com/pauldijou/jwt-scala,http://pauldijou.fr/jwt-scala/,2021-01-20T12:20:33Z,24,,630,2023-02-24T09:10:31.000Z,false,pkg:maven/com.pauldijou/jwt-core_2.12
org.scalatest:scalatest_sjs0.6_2.13.0-RC1,17,21,Scala,https://github.com/scalatest/scalatest,http://www.scalatest.org,2019-04-08T03:08:09Z,21,,1167,2026-08-21T10:07:44.000Z,false,pkg:maven/org.scalatest/scalatest_sjs0.6_2.13.0-RC1
org.neo4j.driver:neo4j-java-driver,17,30,Java,https://github.com/neo4j/neo4j-java-driver,https://github.com/neo4j/neo4j-java-driver,2026-08-05T02:07:58Z,201,,346,2026-08-11T14:23:43.000Z,false,pkg:maven/org.neo4j.driver/neo4j-java-driver
org.typelevel:mouse,17,47,Scala,https://github.com/typelevel/mouse,https://typelevel.org/mouse,2025-10-29T05:14:36Z,23,,375,2026-08-01T08:01:29.000Z,false,pkg:maven/org.typelevel/mouse_2.13
software.amazon.awssdk:sts,17,37,Java,"",https://aws.amazon.com/sdkforjava,2026-08-12T02:29:31Z,130,,2609,2026-08-06T19:11:38.000Z,false,pkg:maven/software.amazon.awssdk/sts
org.playframework:play-pekko-http-server,17,28,Scala,https://github.com/playframework/playframework,https://github.com/playframework/playframework,2026-05-21T04:58:34Z,0,,12621,2026-08-24T21:23:35.000Z,false,pkg:maven/org.playframework/play-pekko-http-server_2.13
org.scalacheck:scalacheck_2.13.0-RC3,17,36,Scala,https://github.com/rickynils/scalacheck,http://www.scalacheck.org,2019-05-29T21:31:42Z,44,,1858,2023-03-17T01:15:47.000Z,false,pkg:maven/org.scalacheck/scalacheck_2.13.0-RC3
javax.ws.rs:javax.ws.rs-api,17,53,Java,https://github.com/eclipse-ee4j/jaxrs-api,https://github.com/eclipse-ee4j/jaxrs-api,2018-08-24T16:05:49Z,3099,,385,2025-04-02T20:16:55.000Z,false,pkg:maven/javax.ws.rs/javax.ws.rs-api
com.github.julien-truffaut:monocle-law,17,85,,https://github.com/julien-truffaut/Monocle,https://github.com/julien-truffaut/Monocle,2018-01-03T09:36:59Z,24,,,,,pkg:maven/com.github.julien-truffaut/monocle-law_2.11
org.scalatest:scalatest_sjs0.6_2.13.0-M4,17,36,Scala,https://github.com/scalatest/scalatest,http://www.scalatest.org,2018-08-14T07:30:15Z,37,,1167,2026-08-21T10:07:44.000Z,false,pkg:maven/org.scalatest/scalatest_sjs0.6_2.13.0-M4
software.amazon.awssdk:kinesis,17,40,Java,https://github.com/aws/aws-sdk-java-v2,https://aws.amazon.com/sdkforjava,2026-09-02T02:11:05Z,83,,2610,2026-08-20T21:56:09.000Z,false,pkg:maven/software.amazon.awssdk/kinesis
org.jetbrains.kotlin:kotlin-stdlib-jdk8,16,96,Kotlin,https://github.com/JetBrains/kotlin,https://kotlinlang.org/,2026-07-14T08:23:29Z,16439,,53350,2026-08-22T18:35:16.000Z,false,pkg:maven/org.jetbrains.kotlin/kotlin-stdlib-jdk8
org.apache.calcite:calcite-core,16,26,Java,https://github.com/apache/calcite,https://calcite.apache.org,2026-05-28T11:27:35Z,228,,5172,2026-08-21T15:44:21.000Z,false,pkg:maven/org.apache.calcite/calcite-core
net.debasishg:redisclient,16,23,Scala,https://github.com/debasishg/scala-redis,https://github.com/debasishg/scala-redis,2021-11-02T15:14:37Z,11,,1022,2023-01-25T21:39:14.000Z,false,pkg:maven/net.debasishg/redisclient_2.12
org.typelevel:cats-core_sjs0.6_2.13.0-M5,16,21,Scala,https://github.com/typelevel/cats,https://github.com/typelevel/cats,2019-06-03T13:08:04Z,24,,5456,2026-08-21T12:13:32.000Z,false,pkg:maven/org.typelevel/cats-core_sjs0.6_2.13.0-M5
org.scala-lang.modules:scala-xml_2.13.0-RC1,16,18,Scala,https://github.com/scala/scala-xml,http://www.scala-lang.org/,2019-04-05T15:07:28Z,21,,278,2023-03-18T19:50:24.000Z,false,pkg:maven/org.scala-lang.modules/scala-xml_2.13.0-RC1
org.apache.hadoop:hadoop-yarn-common,16,48,,"",,2026-03-24T17:01:59Z,344,,,,,pkg:maven/org.apache.hadoop/hadoop-yarn-common
com.sun.xml.bind:jaxb-impl,16,24,Java,https://github.com/eclipse-ee4j/jaxb-ri,https://eclipse-ee4j.github.io/jaxb-ri/,2026-05-28T06:05:07Z,3251,,222,2026-08-31T07:58:48.000Z,false,pkg:maven/com.sun.xml.bind/jaxb-impl
de.sciss:soundprocesses-views,16,31,,git@git.iem.at:sciss/SoundProcesses.git,https://git.iem.at/sciss/SoundProcesses,2019-07-31T16:32:45Z,11,,,,,pkg:maven/de.sciss/soundprocesses-views_2.11
org.webjars:webjars-locator,16,35,Java,https://github.com/webjars/webjars-locator,http://webjars.org,2024-03-11T15:09:49Z,160,,2,2026-08-31T06:53:23.000Z,false,pkg:maven/org.webjars/webjars-locator
org.springframework:spring-jdbc,16,50,Java,https://github.com/spring-projects/spring-framework,https://github.com/spring-projects/spring-framework,2026-08-21T02:18:47Z,3701,,60212,2026-08-24T16:22:05.000Z,false,pkg:maven/org.springframework/spring-jdbc
org.apache.logging.log4j:log4j-slf4j2-impl,16,94,Java,https://github.com/apache/logging-log4j2,https://logging.apache.org/log4j/3.x/,2026-06-29T07:47:18Z,440,,3613,2026-08-21T16:56:41.000Z,false,pkg:maven/org.apache.logging.log4j/log4j-slf4j2-impl
org.scalatestplus:junit-4-12,16,314,Scala,https://github.com/scalatest/scalatestplus-junit,https://github.com/scalatest/scalatestplus-junit,2020-08-28T13:34:30Z,137,,7,2025-08-16T07:34:47.000Z,false,pkg:maven/org.scalatestplus/junit-4-12_2.12
org.scala-tools.testing:specs_2.9.1,16,144,,http://specs.googlecode.com/svn/trunk,http://code.google.com/p/specs/,2011-09-02T06:13:51Z,311,,,,,pkg:maven/org.scala-tools.testing/specs_2.9.1
com.twitter:finagle-thrift,16,89,Scala,https://github.com/twitter/finagle,https://github.com/twitter/finagle,2021-02-11T00:09:17Z,54,,8861,2026-07-28T12:10:56.000Z,false,pkg:maven/com.twitter/finagle-thrift_2.11
de.sciss:model,16,39,Scala,https://github.com/Sciss/Model,https://github.com/Sciss/Model,2020-09-11T22:10:59Z,14,,0,2021-05-14T23:22:37.000Z,false,pkg:maven/de.sciss/model_2.12
org.apache.kafka:kafka-streams-scala,16,25,,"",https://kafka.apache.org,2026-02-22T10:12:46Z,63,,,,,pkg:maven/org.apache.kafka/kafka-streams-scala_2.12
org.apache.spark:spark-yarn,16,82,Scala,https://github.com/apache/spark,http://spark.apache.org/,2021-05-09T21:10:08Z,59,,43858,2026-08-22T16:18:18.000Z,false,pkg:maven/org.apache.spark/spark-yarn_2.11
org.typelevel:cats-collections-core,16,75,Scala,https://github.com/typelevel/cats-collections,https://typelevel.org/cats-collections,2025-06-03T17:59:04Z,10,,563,2026-08-04T00:43:54.000Z,false,pkg:maven/org.typelevel/cats-collections-core_2.13
org.typelevel:cats-core_sjs1_3.0.0-M3,16,24,Scala,https://github.com/typelevel/cats,https://github.com/typelevel/cats,2021-02-17T05:38:49Z,25,,5456,2026-08-21T12:13:32.000Z,false,pkg:maven/org.typelevel/cats-core_sjs1_3.0.0-M3
io.circe:circe-shapes,16,38,Scala,https://github.com/circe/circe,https://github.com/circe/circe,2026-06-25T00:01:55Z,20,,2541,2026-07-23T08:36:23.000Z,false,pkg:maven/io.circe/circe-shapes_2.12
commons-configuration:commons-configuration,16,42,,http://svn.apache.org/viewvc/commons/proper/configuration/tags/CONFIGURATION_1_10RC2,http://commons.apache.org/configuration/,2013-10-24T08:22:14Z,1846,,,,,pkg:maven/commons-configuration/commons-configuration
org.reactivemongo:play2-reactivemongo,16,31,Scala,https://github.com/cchantep/Play-ReactiveMongo,http://reactivemongo.org,2017-06-25T13:26:38Z,12,,1,2025-08-21T20:53:22.000Z,false,pkg:maven/org.reactivemongo/play2-reactivemongo_2.11
org.scalatestplus:mockito-4-11,16,75,,,,,,,,,,
org.beangle.sas:beangle-sas-engine,16,19,Scala,https://github.com/beangle/sas,https://beangle.github.io/sas/index.html,2026-04-11T18:50:28Z,17,,3,2025-11-25T07:45:11.000Z,false,pkg:maven/org.beangle.sas/beangle-sas-engine
com.typesafe.akka:akka-persistence-experimental,16,37,Scala,https://github.com/akka/akka,http://akka.io/,2016-10-28T16:45:45Z,40,,12788,2023-09-25T06:11:21.000Z,false,pkg:maven/com.typesafe.akka/akka-persistence-experimental_2.11
org.apache.ant:ant,16,111,Java,https://gitbox.apache.org/repos/asf/ant.git,https://ant.apache.org/,2026-04-06T09:22:05Z,2140,,469,2026-08-24T17:19:14.000Z,false,pkg:maven/org.apache.ant/ant
de.javakaffee:kryo-serializers,16,34,Java,https://github.com/magro/kryo-serializers,https://github.com/magro/kryo-serializers,2019-01-27T01:15:21Z,211,,384,2024-09-19T16:28:57.000Z,false,pkg:maven/de.javakaffee/kryo-serializers
com.github.japgolly.scalacss:ext-react,16,31,Scala,https://github.com/japgolly/scalacss,https://github.com/japgolly/scalacss,2020-05-11T05:48:39Z,17,,332,2023-03-10T16:15:48.000Z,false,pkg:maven/com.github.japgolly.scalacss/ext-react_sjs0.6_2.12
pl.project13.scala:sbt-jmh-extras,16,42,Scala,https://github.com/ktoso/sbt-jmh,https://github.com/ktoso/sbt-jmh,2019-06-18T23:00:51Z,65,,788,2025-03-18T07:38:04.000Z,false,pkg:maven/pl.project13.scala/sbt-jmh-extras
com.twosixlabs.dart:dart-test-base,16,64,Scala,https://github.com/twosixlabs-dart/dart-commons,https://github.com/twosixlabs-dart/dart-commons,2022-03-16T16:11:25Z,49,,0,2022-03-23T14:44:55.000Z,false,pkg:maven/com.twosixlabs.dart/dart-test-base_2.12
org.scalaz:scalaz-core_2.13.0-M5,16,24,Scala,https://github.com/scalaz/scalaz,http://scalaz.org,2018-11-05T15:13:40Z,28,,4673,2026-08-24T22:08:56.000Z,false,pkg:maven/org.scalaz/scalaz-core_2.13.0-M5
org.fusesource.jansi:jansi,16,86,Java,https://github.com/fusesource/jansi,http://fusesource.github.io/jansi,2026-03-27T13:05:52Z,792,,1200,2026-03-27T13:33:16.000Z,false,pkg:maven/org.fusesource.jansi/jansi
com.fasterxml.woodstox:woodstox-core,16,65,Java,https://github.com/FasterXML/woodstox,https://github.com/FasterXML/woodstox,2026-08-05T02:34:49Z,645,,258,2026-08-24T11:53:53.000Z,false,pkg:maven/com.fasterxml.woodstox/woodstox-core
org.typelevel:cats-effect_2.13.0-M5,16,18,Scala,https://github.com/typelevel/cats-effect,https://typelevel.org/cats-effect/,2019-07-31T15:36:19Z,25,,2236,2026-08-28T11:28:14.000Z,false,pkg:maven/org.typelevel/cats-effect_2.13.0-M5
ch.epfl.lamp:dotty-library_0.22,16,47,Scala,https://github.com/lampepfl/dotty,https://github.com/lampepfl/dotty,2020-03-17T16:20:15Z,58,,5257,2023-03-17T15:55:32.000Z,false,pkg:maven/ch.epfl.lamp/dotty-library_0.22
javax.transaction:jta,16,55,,"",http://java.sun.com/products/jta,2008-10-28T01:27:21Z,907,,,,,pkg:maven/javax.transaction/jta
org.scalatest:scalatest_2.10.0,16,55,,http://code.google.com/p/scalatest/source/browse/,http://www.scalatest.org,2012-12-21T00:41:10Z,153,,,,,pkg:maven/org.scalatest/scalatest_2.10.0
org.apache.logging.log4j:log4j-to-slf4j,16,48,Java,https://github.com/apache/logging-log4j2,https://logging.apache.org/log4j/3.x/,2026-06-29T07:43:57Z,542,,3613,2026-08-21T16:56:41.000Z,false,pkg:maven/org.apache.logging.log4j/log4j-to-slf4j
org.apache.spark:spark-streaming-kafka-0-10,16,35,Scala,https://github.com/apache/spark,http://spark.apache.org/,2021-05-09T21:02:10Z,58,,43858,2026-08-22T16:18:18.000Z,false,pkg:maven/org.apache.spark/spark-streaming-kafka-0-10_2.11
org.scalatest:scalatest_2.10.0-RC5,16,34,,http://code.google.com/p/scalatest/source/browse/,http://www.scalatest.org,2012-12-06T18:34:22Z,55,,,,,pkg:maven/org.scalatest/scalatest_2.10.0-RC5
com.github.pureconfig:pureconfig-generic,16,70,Scala,https://github.com/pureconfig/pureconfig,https://github.com/pureconfig/pureconfig,2026-01-26T16:52:31Z,56,,1540,2026-08-30T21:35:02.000Z,false,pkg:maven/com.github.pureconfig/pureconfig-generic_2.13
net.manub:scalatest-embedded-kafka,16,31,Scala,https://github.com/manub/scalatest-embedded-kafka,https://github.com/manub/scalatest-embedded-kafka,2018-08-12T23:04:38Z,23,,295,2019-11-12T09:56:38.000Z,false,pkg:maven/net.manub/scalatest-embedded-kafka_2.12
io.swagger:swagger-annotations,16,26,Java,https://github.com/swagger-api/swagger-core,https://github.com/swagger-api/swagger-core,2025-05-15T10:18:19Z,2273,,7531,2026-08-27T10:48:42.000Z,false,pkg:maven/io.swagger/swagger-annotations
org.scalacheck:scalacheck_sjs0.6_2.13.0-RC2,16,29,Scala,https://github.com/rickynils/scalacheck,http://www.scalacheck.org,2019-05-20T20:54:00Z,30,,1858,2023-03-17T01:15:47.000Z,false,pkg:maven/org.scalacheck/scalacheck_sjs0.6_2.13.0-RC2
io.spray:spray-http,16,42,Scala,https://github.com/spray/spray,http://spray.io,2016-09-30T13:10:26Z,31,,2493,2017-02-21T11:03:37.000Z,true,pkg:maven/io.spray/spray-http_2.11
org.springframework:spring-beans,16,45,Java,https://github.com/spring-projects/spring-framework,https://github.com/spring-projects/spring-framework,2026-08-21T02:18:57Z,5302,,60212,2026-08-24T16:22:05.000Z,false,pkg:maven/org.springframework/spring-beans
org.apache.maven:maven-artifact,16,21,Java,https://github.com/apache/maven,https://maven.apache.org/ref/4.0.0-rc-6/,2026-05-18T00:13:22Z,2357,,5319,2026-08-22T11:06:43.000Z,false,pkg:maven/org.apache.maven/maven-artifact
de.sciss:lucre-core,16,62,"",https://codeberg.org/sciss/Lucre,https://codeberg.org/sciss/Lucre,2024-08-17T21:34:39Z,17,,0,,false,pkg:maven/de.sciss/lucre-core_2.12
io.micrometer:micrometer-core,16,58,Java,https://github.com/micrometer-metrics/micrometer-commercial,https://github.com/micrometer-metrics/micrometer-commercial,2026-08-21T02:00:59Z,1336,,4877,2026-08-07T21:22:36.000Z,false,pkg:maven/io.micrometer/micrometer-core
com.amazonaws:aws-java-sdk-ec2,16,39,,https://github.com/aws/aws-sdk-java,https://aws.amazon.com/sdkforjava,2025-12-29T23:26:33Z,192,,3999,2023-09-22T20:59:05.000Z,false,pkg:maven/com.amazonaws/aws-java-sdk-ec2
org.scala-js:scalajs-js-envs,16,49,Scala,https://github.com/scala-js/scala-js-js-envs,https://github.com/scala-js/scala-js-js-envs,2025-10-13T10:46:03Z,18,,0,2025-09-13T07:54:45.000Z,false,pkg:maven/org.scala-js/scalajs-js-envs_2.12
io.github.cquiroz:scala-java-locales,15,75,Scala,https://github.com/cquiroz/scala-java-locales,https://github.com/cquiroz/scala-java-locales,2024-05-31T20:28:59Z,8,,43,2023-03-02T02:18:40.000Z,false,pkg:maven/io.github.cquiroz/scala-java-locales_sjs1_2.13
com.networknt:json-schema-validator,15,25,Java,https://github.com/networknt/json-schema-validator,https://github.com/networknt/json-schema-validator,2026-08-21T02:08:24Z,241,,1076,2026-07-28T13:32:27.000Z,false,pkg:maven/com.networknt/json-schema-validator
org.apache.maven:maven-project,15,22,,http://svn.apache.org/viewcvs.cgi/maven/components/tags/maven-3.0-alpha-2,http://maven.apache.org/,2009-08-06T19:15:06Z,2685,,,,,pkg:maven/org.apache.maven/maven-project
com.dimafeng:testcontainers-scala-core,15,213,,https://gitlab.com/testcontainers/testcontainers-scala,https://gitlab.com/testcontainers/testcontainers-scala,2025-12-23T02:42:38Z,58,,,,,pkg:maven/com.dimafeng/testcontainers-scala-core_2.13
com.esotericsoftware:kryo-shaded,15,72,HTML,https://github.com/EsotericSoftware/kryo,https://github.com/EsotericSoftware/kryo,2023-05-19T09:28:52Z,296,,6544,2026-08-24T12:00:32.000Z,false,pkg:maven/com.esotericsoftware/kryo-shaded
com.typesafe.akka:akka-distributed-data,15,34,Scala,https://github.com/akka/akka,https://akka.io/,2024-10-28T08:37:37Z,146,,12643,2023-03-21T16:09:37.000Z,false,pkg:maven/com.typesafe.akka/akka-distributed-data_2.12
com.softwaremill.sttp.model:core,15,79,Scala,https://github.com/softwaremill/sttp-model,http://softwaremill.com/open-source,2025-10-17T14:23:08Z,14,,44,2026-07-31T00:43:26.000Z,false,pkg:maven/com.softwaremill.sttp.model/core_2.13
com.typesafe.play:play-ws-standalone-json,15,42,Scala,https://github.com/playframework/play-ws,https://github.com/playframework/play-ws,2023-07-17T21:49:53Z,20,,224,2026-08-16T05:51:22.000Z,false,pkg:maven/com.typesafe.play/play-ws-standalone-json_2.12
org.apache.flink:flink-java,15,99,Java,https://github.com/apache/flink,https://flink.apache.org,2026-06-13T00:16:17Z,327,,26288,2026-08-24T15:52:44.000Z,false,pkg:maven/org.apache.flink/flink-java
com.typesafe.akka:akka-camel,15,28,Scala,https://github.com/akka/akka,https://akka.io/,2020-10-15T14:59:24Z,26,,13208,2025-09-05T07:12:28.000Z,false,pkg:maven/com.typesafe.akka/akka-camel_2.11
com.chuusai:shapeless_2.13.0-M4,15,20,Scala,https://github.com/milessabin/shapeless,https://github.com/milessabin/shapeless,2018-06-01T18:29:26Z,20,,3402,2026-08-23T08:01:53.000Z,false,pkg:maven/com.chuusai/shapeless_2.13.0-M4
org.scalatest:scalatest_native0.4.0-M2,15,25,Scala,https://github.com/scalatest/scalatest,http://www.scalatest.org,2020-11-07T10:28:32Z,27,,1167,2026-08-21T10:07:44.000Z,false,pkg:maven/org.scalatest/scalatest_native0.4.0-M2_2.11
com.github.fommil.netlib:all,15,32,Fortran,https://github.com/fommil/netlib-java,https://github.com/fommil/netlib-java,2013-11-26T11:57:21Z,68,,657,2017-06-21T22:55:13.000Z,true,pkg:maven/com.github.fommil.netlib/all
com.twitter:util-logging,15,120,Scala,https://github.com/twitter/util,https://github.com/twitter/util,2021-02-10T23:36:33Z,65,,2721,2025-10-15T23:12:16.000Z,false,pkg:maven/com.twitter/util-logging_2.11
org.beangle.ems:beangle-ems-app,15,25,,https://github.com/beangle/beangle,http://beangle.github.io,2021-05-18T08:47:46Z,27,,6,2025-01-10T07:09:46.000Z,false,pkg:maven/org.beangle.ems/beangle-ems-app_2.13
io.scalaland:chimney,15,69,Scala,https://github.com/scalalandio/chimney,https://scalaland.io/chimney,2026-07-13T23:57:53Z,44,,1255,2026-08-23T05:23:27.000Z,false,pkg:maven/io.scalaland/chimney_2.13
org.scala-lang.modules:scala-xml_2.13.0-M3,15,19,Scala,https://github.com/scala/scala-xml,http://www.scala-lang.org/,2018-09-26T17:33:28Z,23,,278,2023-03-18T19:50:24.000Z,false,pkg:maven/org.scala-lang.modules/scala-xml_2.13.0-M3
org.scalaz:scalaz-core_2.13.0-RC1,15,26,Scala,https://github.com/scalaz/scalaz,http://scalaz.org,2019-04-06T04:59:09Z,29,,4671,2026-07-27T22:05:45.000Z,false,pkg:maven/org.scalaz/scalaz-core_2.13.0-RC1
org.scalatest:scalatest_0.27,15,21,Scala,https://github.com/scalatest/scalatest,http://www.scalatest.org,2020-09-08T13:55:11Z,37,,1167,2026-08-21T10:07:44.000Z,false,pkg:maven/org.scalatest/scalatest_0.27
javax.validation:validation-api,15,50,Java,https://github.com/beanvalidation/beanvalidation-api,http://beanvalidation.org,2017-12-19T16:23:41Z,5634,,144,2025-08-18T06:59:59.000Z,false,pkg:maven/javax.validation/validation-api
org.apache.jena:apache-jena-libs,15,30,,https://gitbox.apache.org/repos/asf/jena.git,https://jena.apache.org/,2026-08-01T02:13:45Z,151,,,,,pkg:maven/org.apache.jena/apache-jena-libs
com.softwaremill.sttp.client3:zio,15,51,Scala,https://github.com/softwaremill/sttp,http://softwaremill.com/open-source,2025-04-09T16:08:19Z,23,,1503,2026-08-24T00:53:26.000Z,false,pkg:maven/com.softwaremill.sttp.client3/zio_2.13
com.typesafe.akka:akka-persistence-testkit,15,37,Scala,https://github.com/akka/akka,https://akka.io/,2024-10-28T08:37:54Z,28,,13214,2025-09-19T15:29:26.000Z,false,pkg:maven/com.typesafe.akka/akka-persistence-testkit_2.13
com.hierynomus:sshj,15,48,Java,https://github.com/hierynomus/sshj,https://github.com/hierynomus/sshj,2025-05-13T09:38:56Z,214,,2659,2026-07-10T07:01:09.000Z,false,pkg:maven/com.hierynomus/sshj
com.google.cloud:google-cloud-bigquery,15,44,Java,https://github.com/googleapis/google-cloud-java,https://github.com/googleapis/google-cloud-java,2026-07-30T17:36:53Z,143,,2081,2026-08-08T00:45:02.000Z,false,pkg:maven/com.google.cloud/google-cloud-bigquery
org.playframework:play-server,15,24,Scala,https://github.com/playframework/playframework,https://github.com/playframework/playframework,2026-05-21T04:58:34Z,0,,12621,2026-08-24T21:23:35.000Z,false,pkg:maven/org.playframework/play-server_2.13
edu.berkeley.cs:chisel3,15,26,Scala,https://github.com/chipsalliance/chisel,https://www.chisel-lang.org,2024-06-25T19:42:02Z,16,,4764,2026-08-23T05:14:38.000Z,false,pkg:maven/edu.berkeley.cs/chisel3_2.12
com.github.fd4s:fs2-kafka,15,37,Scala,https://github.com/fd4s/fs2-kafka,https://fd4s.github.io/fs2-kafka,2025-10-24T08:55:33Z,12,,304,2025-10-24T09:00:52.000Z,false,pkg:maven/com.github.fd4s/fs2-kafka_3
com.esotericsoftware:kryo,15,33,HTML,https://github.com/EsotericSoftware/kryo,https://github.com/EsotericSoftware/kryo,2024-10-10T09:30:36Z,861,,6546,2026-08-24T12:00:32.000Z,false,pkg:maven/com.esotericsoftware/kryo
org.seqdoop:hadoop-bam,15,36,Java,https://github.com/HadoopGenomics/Hadoop-BAM,http://sourceforge.net/projects/hadoop-bam/,2018-04-23T12:01:06Z,44,,73,2022-12-02T22:21:52.000Z,false,pkg:maven/org.seqdoop/hadoop-bam
com.typesafe.akka:akka-cluster-metrics,15,26,Scala,https://github.com/akka/akka,https://akka.io/,2024-10-28T08:37:39Z,15,,12644,2023-03-21T16:09:37.000Z,false,pkg:maven/com.typesafe.akka/akka-cluster-metrics_2.12
org.apache.pekko:pekko-actor-testkit-typed,15,59,,,,,,,,,,
org.scala-lang:scala3-staging,15,19,Scala,https://github.com/scala/scala3,https://scala-lang.org/,2026-08-27T00:18:34Z,13,,6295,2026-08-30T15:18:17.000Z,false,pkg:maven/org.scala-lang/scala3-staging_3
org.playframework:play-filters-helpers,15,22,Scala,https://github.com/playframework/playframework,https://github.com/playframework/playframework,2026-05-21T04:58:34Z,0,,12621,2026-08-24T21:23:35.000Z,false,pkg:maven/org.playframework/play-filters-helpers_2.13
com.azure:azure-identity,15,32,Java,https://github.com/Azure/azure-sdk-for-java,https://github.com/Azure/azure-sdk-for-java,2026-08-25T02:15:50Z,330,,2567,2026-08-17T10:41:04.000Z,false,pkg:maven/com.azure/azure-identity
co.fs2:fs2-core_3.0.0-RC1,15,18,Scala,https://github.com/typelevel/fs2,https://github.com/typelevel/fs2,2021-03-30T13:54:25Z,19,,2448,2026-08-07T04:51:06.000Z,false,pkg:maven/co.fs2/fs2-core_3.0.0-RC1
commons-pool:commons-pool,15,32,,http://svn.apache.org/viewvc/commons/proper/pool/trunk,http://commons.apache.org/pool/,2011-12-10T23:35:53Z,1219,,,,,pkg:maven/commons-pool/commons-pool
com.softwaremill.quicklens:quicklens,15,40,Scala,https://github.com/softwaremill/quicklens,http://softwaremill.com/open-source,2026-06-17T02:13:03Z,14,,852,2026-08-11T00:12:35.000Z,false,pkg:maven/com.softwaremill.quicklens/quicklens_2.12
com.codahale.metrics:metrics-core,15,40,Go,https://github.com/codahale/metrics,http://metrics.codahale.com/,2014-02-17T00:31:39Z,468,,447,2016-09-29T22:46:42.000Z,true,pkg:maven/com.codahale.metrics/metrics-core
org.typelevel:cats-core_sjs1_3.0.0-M2,15,23,Scala,https://github.com/typelevel/cats,https://github.com/typelevel/cats,2021-02-10T17:02:17Z,24,,5456,2026-08-21T12:13:32.000Z,false,pkg:maven/org.typelevel/cats-core_sjs1_3.0.0-M2
org.eclipse.jetty.orbit:javax.servlet,15,38,,http://git.eclipse.org/c/jetty/org.eclipse.jetty.orbit.git/tree/jetty-orbit,http://www.eclipse.org/jetty,2011-12-07T19:49:15Z,311,,,,,pkg:maven/org.eclipse.jetty.orbit/javax.servlet
com.disneystreaming:weaver-scalacheck,15,124,Scala,https://github.com/disneystreaming/weaver-test,https://github.com/disneystreaming,2024-01-25T10:30:31Z,56,,349,2023-02-23T21:57:13.000Z,false,pkg:maven/com.disneystreaming/weaver-scalacheck_2.13
org.scalatra:scalatra-json,15,43,Scala,https://github.com/scalatra/scalatra,http://www.scalatra.org/,2016-05-13T12:43:20Z,29,,2649,2026-07-19T07:00:52.000Z,false,pkg:maven/org.scalatra/scalatra-json_2.10
org.tukaani:xz,15,51,Java,https://github.com/tukaani-project/xz-java,https://tukaani.org/xz/java.html,2026-03-01T14:04:50Z,657,,75,2026-06-14T16:13:26.000Z,false,pkg:maven/org.tukaani/xz
org.webjars:font-awesome,15,26,,https://github.com/webjars/font-awesome,http://webjars.org,2026-02-20T17:41:41Z,148,,7,2025-09-17T13:40:58.000Z,false,pkg:maven/org.webjars/font-awesome
org.apache.commons:commons-exec,15,30,,https://gitbox.apache.org/repos/asf/commons-exec,https://commons.apache.org/proper/commons-exec/,2025-11-27T14:06:47Z,913,,,,,pkg:maven/org.apache.commons/commons-exec
net.liftweb:lift-common,15,41,Scala,https://github.com/lift/framework,http://www.liftweb.net,2016-01-31T05:14:58Z,21,,1284,2026-07-26T11:58:58.000Z,false,pkg:maven/net.liftweb/lift-common_2.10
org.scalatest:scalatest_2.9.1-1,15,42,,http://code.google.com/p/scalatest/source/browse/,http://www.scalatest.org,2013-09-10T16:48:53Z,52,,,,,pkg:maven/org.scalatest/scalatest_2.9.1-1
net.sf.trove4j:trove4j,15,31,,https://trove4j.svn.sourceforge.net/svnroot/trove4j,http://trove4j.sf.net,2012-06-04T03:04:33Z,466,,,,,pkg:maven/net.sf.trove4j/trove4j
org.java-websocket:Java-WebSocket,15,78,Java,https://github.com/TooTallNate/Java-WebSocket,https://github.com/TooTallNate/Java-WebSocket,2024-12-15T14:33:51Z,376,,10808,2026-01-13T21:24:14.000Z,false,pkg:maven/org.java-websocket/Java-WebSocket
org.apache.logging.log4j:log4j-api-scala,15,60,Scala,https://github.com/apache/logging-log4j-scala,https://logging.apache.org/log4j/scala/,2024-02-01T09:51:59Z,63,,23,2026-01-22T09:36:06.000Z,true,pkg:maven/org.apache.logging.log4j/log4j-api-scala_2.12
org.apache.camel:camel-core,15,71,,https://github.com/apache/maven-apache-parent,https://www.apache.org/,2026-08-12T01:59:37Z,1443,,47,2026-08-10T20:47:13.000Z,false,pkg:maven/org.apache.camel/camel-core
org.hibernate:hibernate-core,15,87,Java,https://github.com/hibernate/hibernate-orm,https://hibernate.org/orm,2021-08-04T13:47:42Z,3469,,6463,2026-08-23T00:24:14.000Z,false,pkg:maven/org.hibernate/hibernate-core
io.github.edadma:cross_platform,15,43,Scala,https://github.com/edadma/cross_platform,https://github.com/edadma/cross_platform,2026-07-23T02:13:08Z,0,,0,2025-08-15T22:38:45.000Z,false,pkg:maven/io.github.edadma/cross_platform_3
com.microsoft.azure:azure-storage,15,38,,https://github.com/Azure/azure-storage-java,https://github.com/Azure/azure-storage-java,2021-01-27T23:00:58Z,188,,192,2023-10-18T15:32:38.000Z,true,pkg:maven/com.microsoft.azure/azure-storage
org.apache.hadoop:hadoop-azure,15,31,,"",,2026-03-24T17:19:21Z,58,,,,,pkg:maven/org.apache.hadoop/hadoop-azure
com.typesafe.play:play-slick,15,31,Scala,https://github.com/playframework/play-slick,https://github.com/playframework/play-slick,2019-06-20T07:49:19Z,12,,794,2026-08-22T00:18:24.000Z,false,pkg:maven/com.typesafe.play/play-slick_2.11
io.confluent:kafka-schema-registry-client,15,38,,,,,,,,,,
org.scala-sbt:zinc,14,41,Scala,https://github.com/sbt/zinc,https://github.com/sbt/zinc,2026-01-04T23:17:00Z,19,,351,2026-08-10T19:31:23.000Z,false,pkg:maven/org.scala-sbt/zinc_2.12
org.apache.hbase:hbase-hadoop-compat,14,50,,https://gitbox.apache.org/repos/asf?p=hbase.git/hbase-build-configuration/hbase-hadoop-compat,https://hbase.apache.org/hbase-build-configuration/hbase-hadoop-compat,2026-08-06T02:29:42Z,200,,,,,pkg:maven/org.apache.hbase/hbase-hadoop-compat
dev.zio:zio-logging-slf4j,14,58,Scala,https://github.com/zio/zio-logging,https://zio.dev/zio-logging,2026-01-14T08:30:01Z,18,,188,2026-08-26T02:31:09.000Z,false,pkg:maven/dev.zio/zio-logging-slf4j_2.13
org.scalacheck:scalacheck_2.12.0-M4,14,27,Scala,https://github.com/rickynils/scalacheck,http://www.scalacheck.org,2016-04-14T17:57:43Z,27,,1858,2023-03-17T01:15:47.000Z,false,pkg:maven/org.scalacheck/scalacheck_2.12.0-M4
org.scalanlp:breeze-viz,14,30,Scala,https://github.com/scalanlp/breeze,https://github.com/scalanlp/breeze,2022-08-22T04:32:50Z,12,,3455,2025-10-04T22:40:06.000Z,false,pkg:maven/org.scalanlp/breeze-viz_2.12
com.google.inject.extensions:guice-multibindings,14,119,Java,https://github.com/google/guice,https://github.com/google/guice,2020-03-19T20:01:09Z,1031,,12725,2026-02-03T00:27:19.000Z,false,pkg:maven/com.google.inject.extensions/guice-multibindings
org.scalatest:scalatest_2.10.0-RC2,14,33,,http://code.google.com/p/scalatest/source/browse/,http://www.scalatest.org,2012-12-12T20:38:03Z,57,,,,,pkg:maven/org.scalatest/scalatest_2.10.0-RC2
com.github.tomakehurst:wiremock-jre8,14,31,Java,https://github.com/wiremock/wiremock,https://wiremock.org,2023-09-01T16:18:12Z,587,,7343,2026-08-24T09:52:02.000Z,false,pkg:maven/com.github.tomakehurst/wiremock-jre8
com.github.ghik:silencer-lib_2.12.15,14,101,Scala,https://github.com/ghik/silencer,https://github.com/ghik/silencer,2023-06-12T09:56:55Z,213,,253,2025-12-19T16:38:59.000Z,false,pkg:maven/com.github.ghik/silencer-lib_2.12.15
org.scalatest:scalatest_2.13.0-M1,14,18,Scala,https://github.com/scalatest/scalatest,http://www.scalatest.org,2017-04-24T12:03:38Z,21,,1167,2026-08-21T10:07:44.000Z,false,pkg:maven/org.scalatest/scalatest_2.13.0-M1
org.apache.commons:commons-collections4,14,43,,https://gitbox.apache.org/repos/asf?p=commons-collections.git,https://commons.apache.org/proper/commons-collections/,2026-08-11T02:17:54Z,3801,,,,,pkg:maven/org.apache.commons/commons-collections4
org.testcontainers:kafka,14,37,Java,https://github.com/testcontainers/testcontainers-java,https://java.testcontainers.org,2025-12-16T00:10:07Z,205,,8723,2026-08-27T22:26:01.000Z,false,pkg:maven/org.testcontainers/kafka
org.tpolecat:doobie-scalatest,14,53,Scala,https://github.com/typelevel/doobie,https://github.com/typelevel/doobie,2021-05-23T19:09:55Z,35,,2226,2026-08-13T08:36:08.000Z,false,pkg:maven/org.tpolecat/doobie-scalatest_2.12
org.springframework:spring-tx,14,27,Java,https://github.com/spring-projects/spring-framework,https://github.com/spring-projects/spring-framework,2026-08-21T02:18:47Z,3081,,60212,2026-08-24T16:22:05.000Z,false,pkg:maven/org.springframework/spring-tx
org.zeromq:jeromq,14,39,Java,https://github.com/zeromq/jeromq,https://github.com/zeromq/jeromq,2024-02-06T14:50:18Z,144,,2427,2025-03-02T22:46:28.000Z,false,pkg:maven/org.zeromq/jeromq
de.sciss:desktop,14,27,,git@git.iem.at:sciss/Desktop.git,https://git.iem.at/sciss/Desktop,2019-05-26T00:14:43Z,10,,,,,pkg:maven/de.sciss/desktop_2.11
de.sciss:audiowidgets-swing,14,26,"",https://codeberg.org/sciss/AudioWidgets,https://codeberg.org/sciss/AudioWidgets,2022-01-12T18:30:50Z,8,,0,,false,pkg:maven/de.sciss/audiowidgets-swing_2.12
org.liquibase:liquibase-core,14,29,Java,https://github.com/liquibase/liquibase,http://www.liquibase.com,2026-08-21T02:03:17Z,816,,5596,2026-08-25T22:28:47.000Z,false,pkg:maven/org.liquibase/liquibase-core
org.scala-js:scalajs-linker,14,35,Scala,https://github.com/scala-js/scala-js,https://www.scala-js.org/,2026-06-21T00:11:01Z,17,,4660,2025-09-06T16:45:39.000Z,false,pkg:maven/org.scala-js/scalajs-linker_2.13
jakarta.ws.rs:jakarta.ws.rs-api,14,31,Java,https://github.com/jakartaee/rest,https://github.com/jakartaee/rest,2024-04-02T14:33:24Z,1326,,400,2026-08-27T16:04:36.000Z,false,pkg:maven/jakarta.ws.rs/jakarta.ws.rs-api
org.scalameta:svm-subs,14,22,Java,https://github.com/scalameta/svm-subs,https://github.com/scalameta/svm-subs,2020-09-13T08:21:59Z,16,,25,2022-05-01T15:36:29.000Z,false,pkg:maven/org.scalameta/svm-subs
com.github.docker-java:docker-java,14,38,Java,https://github.com/docker-java/docker-java,https://github.com/docker-java/docker-java,2026-03-18T18:48:24Z,292,,3202,2026-08-24T13:23:07.000Z,false,pkg:maven/com.github.docker-java/docker-java
net.sf.opencsv:opencsv,14,35,,http://opencsv.svn.sourceforge.net/viewvc/opencsv/,http://opencsv.sf.net,2009-09-20T20:45:56Z,534,,,,,pkg:maven/net.sf.opencsv/opencsv
com.typesafe.play:anorm,14,25,Scala,https://github.com/playframework/anorm,https://github.com/playframework/anorm,2017-02-16T23:03:42Z,15,,254,2026-08-21T19:25:08.000Z,false,pkg:maven/com.typesafe.play/anorm_2.11
com.twitter:scalding-core,14,72,Scala,https://github.com/twitter/scalding,https://github.com/twitter/scalding,2016-05-03T20:13:40Z,42,,3522,2023-05-28T19:18:59.000Z,false,pkg:maven/com.twitter/scalding-core_2.10
org.scalacheck:scalacheck_sjs1_3.0.0-RC3,14,18,Scala,https://github.com/typelevel/scalacheck,http://www.scalacheck.org,2021-05-03T17:02:56Z,18,,1966,2026-07-27T18:48:22.000Z,false,pkg:maven/org.scalacheck/scalacheck_sjs1_3.0.0-RC3
org.scalatestplus:play,14,36,Scala,https://github.com/scalatest/scalatest,http://www.scalatest.org/plus/play,2016-01-13T18:39:33Z,27,,1167,2026-08-21T10:07:44.000Z,false,pkg:maven/org.scalatestplus/play_2.11
org.typelevel:cats-kernel-laws,14,220,Scala,https://github.com/typelevel/cats,https://typelevel.org/cats,2025-01-20T20:29:18Z,63,,5456,2026-08-21T12:13:32.000Z,false,pkg:maven/org.typelevel/cats-kernel-laws_2.12
com.sksamuel.elastic4s:elastic4s-http,14,41,Scala,https://github.com/sksamuel/elastic4s,https://github.com/sksamuel/elastic4s,2020-07-22T14:00:31Z,24,,1619,2023-03-18T20:05:58.000Z,false,pkg:maven/com.sksamuel.elastic4s/elastic4s-http_2.12
com.databricks:spark-csv,14,26,Scala,https://github.com/databricks/spark-csv,https://github.com/databricks/spark-csv,2016-09-05T21:07:10Z,26,,1055,2018-12-13T09:50:29.000Z,false,pkg:maven/com.databricks/spark-csv_2.10
org.scala-js:scalajs-library_2.12.0-M3,14,25,Scala,https://github.com/scala-js/scala-js,http://scala-js.org/,2016-03-17T22:46:34Z,27,,4710,2026-08-15T18:05:40.000Z,false,pkg:maven/org.scala-js/scalajs-library_2.12.0-M3
io.opentelemetry:opentelemetry-exporter-otlp,14,29,Java,https://github.com/open-telemetry/opentelemetry-java,https://github.com/open-telemetry/opentelemetry-java,2026-08-08T02:09:59Z,67,,2445,2026-08-21T00:37:10.000Z,false,pkg:maven/io.opentelemetry/opentelemetry-exporter-otlp
com.github.ghik:silencer-lib_2.12.11,14,45,Scala,https://github.com/ghik/silencer,https://github.com/ghik/silencer,2020-07-23T09:41:06Z,350,,253,2025-12-19T16:38:59.000Z,false,pkg:maven/com.github.ghik/silencer-lib_2.12.11
com.chuusai:shapeless_2.10.4,14,19,Scala,https://github.com/milessabin/shapeless,https://github.com/milessabin/shapeless,2015-02-09T23:58:07Z,46,,3402,2026-08-23T08:01:53.000Z,false,pkg:maven/com.chuusai/shapeless_2.10.4
org.apache.hadoop:hadoop-mapreduce-client-jobclient,14,36,,"",,2026-03-24T17:06:12Z,305,,,,,pkg:maven/org.apache.hadoop/hadoop-mapreduce-client-jobclient
org.typelevel:cats-effect_3.0.0-M3,14,21,Scala,https://github.com/typelevel/cats-effect,https://github.com/typelevel/cats-effect,2021-03-29T05:56:25Z,27,,2236,2026-08-28T11:28:14.000Z,false,pkg:maven/org.typelevel/cats-effect_3.0.0-M3
org.scala-exercises:definitions,14,23,Scala,https://github.com/scala-exercises/sbt-exercise,https://github.com/scala-exercises/sbt-exercise,2022-02-07T08:50:29Z,14,,0,2023-03-15T05:21:22.000Z,false,pkg:maven/org.scala-exercises/definitions_2.13
org.scala-lang.modules:scala-xml_2.13.0-RC3,14,16,Scala,https://github.com/scala/scala-xml,http://www.scala-lang.org/,2019-05-30T08:11:14Z,19,,278,2023-03-18T19:50:24.000Z,false,pkg:maven/org.scala-lang.modules/scala-xml_2.13.0-RC3
org.apache.spark:spark-tags,14,181,Scala,https://github.com/apache/spark,https://spark.apache.org/,2026-07-12T23:19:26Z,79,,43901,2026-08-29T17:53:00.000Z,false,pkg:maven/org.apache.spark/spark-tags_2.12
com.novus:salat,14,21,Scala,https://github.com/novus/salat,https://github.com/novus/salat,2014-08-20T02:05:58Z,14,,6,2014-10-28T20:44:34.000Z,true,pkg:maven/com.novus/salat_2.10
org.springframework:spring-webmvc,14,49,Java,https://github.com/spring-projects/spring-framework,https://github.com/spring-projects/spring-framework,2026-08-21T02:18:37Z,4621,,60212,2026-08-24T16:22:05.000Z,false,pkg:maven/org.springframework/spring-webmvc
io.dropwizard.metrics:metrics-graphite,14,38,Java,https://github.com/dropwizard/metrics,https://metrics.dropwizard.io,2026-08-30T01:58:42Z,384,,7841,2026-08-17T10:08:19.000Z,false,pkg:maven/io.dropwizard.metrics/metrics-graphite
org.apache.ivy:ivy,14,35,Java,https://gitbox.apache.org/repos/asf?p=ant-ivy.git,http://ant.apache.org/ivy/,2026-07-12T06:16:08Z,293,,79,2026-08-18T07:04:19.000Z,false,pkg:maven/org.apache.ivy/ivy
org.apache.pekko:pekko-serialization-jackson,14,29,Scala,https://github.com/apache/pekko,https://pekko.apache.org/,2026-08-20T02:32:33Z,0,,1625,2026-08-21T21:26:26.000Z,false,pkg:maven/org.apache.pekko/pekko-serialization-jackson_2.13
io.opentelemetry:opentelemetry-sdk-testing,14,58,Java,https://github.com/open-telemetry/opentelemetry-java,https://github.com/open-telemetry/opentelemetry-java,2026-08-08T02:10:20Z,78,,2449,2026-08-26T15:17:40.000Z,false,pkg:maven/io.opentelemetry/opentelemetry-sdk-testing
com.scleradb:sclera-core,14,17,,https://github.com/scleradb/sclera,https://github.com/scleradb/sclera/tree/master/modules/core,2020-05-03T10:52:25Z,17,,,,,pkg:maven/com.scleradb/sclera-core_2.13
org.apache.hadoop:hadoop-yarn-api,14,46,,"",,2026-03-24T17:01:31Z,347,,,,,pkg:maven/org.apache.hadoop/hadoop-yarn-api
com.typesafe:scalalogging-slf4j,14,24,Scala,https://github.com/typesafehub/scalalogging,https://github.com/typesafehub/scalalogging,2014-01-28T14:26:00Z,37,,177,2014-03-12T10:56:43.000Z,false,pkg:maven/com.typesafe/scalalogging-slf4j_2.10
org.scala-lang.modules:scala-xml_2.13.0-M4,14,18,Scala,https://github.com/scala/scala-xml,http://www.scala-lang.org/,2018-10-12T22:10:21Z,22,,278,2023-03-18T19:50:24.000Z,false,pkg:maven/org.scala-lang.modules/scala-xml_2.13.0-M4
play:play-test,14,15,,,,,,,,,,
net.liftweb:lift-json_2.9.1,14,39,Scala,https://github.com/lift/framework,http://www.liftweb.net,2016-01-31T04:46:49Z,63,,1284,2026-07-26T11:58:58.000Z,false,pkg:maven/net.liftweb/lift-json_2.9.1
io.grpc:grpc-api,14,94,Java,https://github.com/grpc/grpc-java,https://github.com/grpc/grpc-java,2026-09-02T02:09:07Z,844,,10427,2023-03-21T19:03:18.000Z,false,pkg:maven/io.grpc/grpc-api
org.scalatest:scalatest_sjs0.6_2.13.0-RC2,14,23,Scala,https://github.com/scalatest/scalatest,http://www.scalatest.org,2019-05-19T06:16:32Z,23,,1167,2026-08-21T10:07:44.000Z,false,pkg:maven/org.scalatest/scalatest_sjs0.6_2.13.0-RC2
com.fasterxml.uuid:java-uuid-generator,14,31,Java,https://github.com/cowtowncoder/java-uuid-generator,https://github.com/cowtowncoder/java-uuid-generator,2025-12-05T19:50:05Z,284,,862,2025-10-01T20:38:37.000Z,false,pkg:maven/com.fasterxml.uuid/java-uuid-generator
net.sourceforge.jtds:jtds,14,59,,https://svn.code.sf.net/p/jtds/code,http://jtds.sourceforge.net,2013-06-08T16:23:16Z,418,,,,,pkg:maven/net.sourceforge.jtds/jtds
org.scala-lang.modules:scala-collection-compat_3.0.0-RC3,14,35,Scala,https://github.com/scala/scala-collection-compat,http://www.scala-lang.org/,2021-05-13T20:11:46Z,35,,188,2023-03-18T19:48:50.000Z,false,pkg:maven/org.scala-lang.modules/scala-collection-compat_3.0.0-RC3
com.spotify:docker-client,14,53,Java,https://github.com/spotify/docker-client,https://github.com/spotify/docker-client,2019-05-13T14:41:57Z,173,,1431,2022-01-24T12:57:44.000Z,true,pkg:maven/com.spotify/docker-client
com.typesafe.play:play-java-jdbc,14,40,Scala,https://github.com/playframework/playframework,https://playframework.com,2020-12-14T10:31:11Z,16,,12617,2026-08-11T23:52:00.000Z,false,pkg:maven/com.typesafe.play/play-java-jdbc_2.11
io.swagger.parser.v3:swagger-parser,14,32,Java,https://github.com/swagger-api/swagger-parser,https://github.com/swagger-api/swagger-parser,2026-09-01T02:04:10Z,194,,864,2026-08-21T10:41:15.000Z,false,pkg:maven/io.swagger.parser.v3/swagger-parser
io.netty:netty-transport-native-kqueue,14,48,Java,https://github.com/netty/netty,https://netty.io/,2026-08-07T02:08:05Z,601,,35033,2026-08-25T17:14:11.000Z,false,pkg:maven/io.netty/netty-transport-native-kqueue
de.sciss:scalacolliderugens-spec,14,29,Scala,https://github.com/Sciss/ScalaColliderUGens,https://github.com/Sciss/ScalaColliderUGens,2022-05-29T21:52:43Z,60,,4,2023-02-05T19:41:26.000Z,false,pkg:maven/de.sciss/scalacolliderugens-spec
io.grpc:grpc-core,14,59,Java,https://github.com/grpc/grpc-java,https://github.com/grpc/grpc-java,2026-09-02T02:08:54Z,803,,10430,2023-03-22T01:35:47.000Z,false,pkg:maven/io.grpc/grpc-core
ai.tripl:arc,14,22,Scala,https://github.com/tripl-ai/arc,https://arc.tripl.ai,2024-02-10T18:48:14Z,13,,153,2022-09-28T14:50:07.000Z,false,pkg:maven/ai.tripl/arc_2.12
com.vividsolutions:jts,14,40,,http://jts-topo-suite.svn.sourceforge.net/viewvc/jts-topo-suite/tags/Version_1.13/jts/,http://sourceforge.net/projects/jts-topo-suite,2012-12-14T05:29:09Z,443,,,,,pkg:maven/com.vividsolutions/jts
org.eclipse.jetty:jetty-http,14,57,Java,https://github.com/jetty/jetty.project,https://jetty.org,2026-08-06T02:30:06Z,1031,,4092,2026-09-01T14:20:17.000Z,false,pkg:maven/org.eclipse.jetty/jetty-http
org.codehaus.plexus:plexus-utils,14,31,Java,https://github.com/codehaus-plexus/plexus-utils,https://codehaus-plexus.github.io/plexus-utils/,2026-08-20T02:17:24Z,3187,,41,2026-08-19T20:53:47.000Z,false,pkg:maven/org.codehaus.plexus/plexus-utils
org.apache.avro:avro-compiler,14,69,Java,https://github.com/apache/avro,https://avro.apache.org,2026-08-18T02:00:27Z,199,,3299,2026-08-18T07:12:38.000Z,false,pkg:maven/org.apache.avro/avro-compiler
org.mortbay.jetty:jetty,13,51,,http://fisheye.codehaus.org/viewrep/jetty/,http://www.eclipse.org/jetty,2010-11-10T21:40:54Z,1149,,,,,pkg:maven/org.mortbay.jetty/jetty
org.hammerlab:paths,13,32,Scala,https://github.com/hammerlab/path-utils,https://github.com/hammerlab/path-utils,2018-10-07T16:30:11Z,22,,2,2018-10-07T16:57:17.000Z,false,pkg:maven/org.hammerlab/paths_2.11
org.mongodb.spark:mongo-spark-connector,13,24,Java,https://github.com/mongodb/mongo-spark,http://github.com/mongo-spark,2022-04-05T16:19:08Z,19,,731,2026-08-13T16:22:39.000Z,false,pkg:maven/org.mongodb.spark/mongo-spark-connector_2.11
org.scalameta:munit_sjs1_3.0.0-RC2,13,23,Scala,https://github.com/scalameta/munit,https://github.com/scalameta/munit,2021-04-19T18:42:49Z,25,,472,2026-08-18T22:48:13.000Z,false,pkg:maven/org.scalameta/munit_sjs1_3.0.0-RC2
org.typelevel:log4cats-noop,13,68,Scala,https://github.com/typelevel/log4cats,https://typelevel.org/log4cats,2026-03-11T12:37:56Z,16,,416,2026-08-07T08:39:09.000Z,false,pkg:maven/org.typelevel/log4cats-noop_3
org.scala-tools.testing:specs,13,65,Scala,https://github.com/etorreborre/specs,http://code.google.com/p/specs/,2012-12-20T23:29:52Z,175,,0,2015-03-12T22:57:25.000Z,false,pkg:maven/org.scala-tools.testing/specs_2.10
net.sourceforge.htmlunit:htmlunit,13,25,JavaScript,https://github.com/HtmlUnit/htmlunit,http://htmlunit.sourceforge.net,2023-01-22T18:04:51Z,525,,952,2026-08-09T17:44:54.000Z,false,pkg:maven/net.sourceforge.htmlunit/htmlunit
com.amazonaws:aws-java-sdk-kinesis,13,32,,https://github.com/aws/aws-sdk-java,https://aws.amazon.com/sdkforjava,2025-12-30T02:06:33Z,143,,3992,2023-08-28T21:06:40.000Z,false,pkg:maven/com.amazonaws/aws-java-sdk-kinesis
com.typesafe.akka:akka-http-core-experimental,13,37,Scala,https://github.com/akka/akka,http://akka.io/,2016-09-30T08:59:17Z,38,,13183,2025-07-09T05:43:04.000Z,false,pkg:maven/com.typesafe.akka/akka-http-core-experimental_2.11
com.github.jwt-scala:jwt-core,13,28,Scala,https://github.com/jwt-scala/jwt-scala,https://jwt-scala.github.io/jwt-scala/,2026-04-07T08:16:28Z,10,,675,2026-07-13T14:42:32.000Z,false,pkg:maven/com.github.jwt-scala/jwt-core_2.13
org.jgrapht:jgrapht-core,13,25,Java,https://github.com/jgrapht/jgrapht,http://www.jgrapht.org,2026-04-11T00:48:39Z,409,,2767,2026-04-13T19:18:01.000Z,false,pkg:maven/org.jgrapht/jgrapht-core
org.scalatestplus:scalatestplus-mockito,13,59,Scala,https://github.com/scalatest/scalatestplus-mockito,https://github.com/scalatest/scalatestplus-mockito,2019-06-11T09:47:03Z,79,,17,2025-08-16T07:39:42.000Z,false,pkg:maven/org.scalatestplus/scalatestplus-mockito_2.12
com.opencsv:opencsv,13,25,,https://sourceforge.net/p/opencsv/source/ci/master/tree/,http://opencsv.sf.net,2025-07-27T00:46:58Z,542,,,,,pkg:maven/com.opencsv/opencsv
org.geotools:gt-shapefile,13,46,,,,,,,,,,
org.jline:jline-reader,13,111,Java,https://github.com/jline/jline3,https://github.com/jline/jline3,2026-08-27T00:41:02Z,162,,1795,2026-08-17T20:24:18.000Z,false,pkg:maven/org.jline/jline-reader
org.apache.hbase:hbase-hadoop2-compat,13,48,,https://gitbox.apache.org/repos/asf?p=hbase.git/hbase-build-configuration/hbase-hadoop2-compat,https://hbase.apache.org/hbase-build-configuration/hbase-hadoop2-compat,2026-06-10T02:15:50Z,199,,,,,pkg:maven/org.apache.hbase/hbase-hadoop2-compat
org.jline:jline-terminal,13,112,Java,https://github.com/jline/jline3,https://github.com/jline/jline3,2026-08-27T00:41:00Z,150,,1797,2026-08-27T20:25:36.000Z,false,pkg:maven/org.jline/jline-terminal
com.geirsson:metaconfig-typesafe-config,13,35,Scala,https://github.com/scalameta/metaconfig,https://github.com/olafurpg/metaconfig,2023-10-03T09:11:13Z,22,,43,2025-09-08T09:48:02.000Z,false,pkg:maven/com.geirsson/metaconfig-typesafe-config_2.12
com.lmax:disruptor,13,39,Java,https://github.com/LMAX-Exchange/disruptor,https://lmax-exchange.github.io/disruptor,2023-09-29T14:03:55Z,1444,,18446,2025-04-02T13:03:33.000Z,false,pkg:maven/com.lmax/disruptor
com.lihaoyi:autowire,13,26,Scala,https://github.com/lihaoyi/autowire,https://github.com/lihaoyi/autowire,2021-01-28T11:51:42Z,9,,382,2022-01-04T16:03:28.000Z,false,pkg:maven/com.lihaoyi/autowire_2.12
org.influxdb:influxdb-java,13,29,Java,https://github.com/influxdata/influxdb-java,http://www.influxdb.org,2025-03-26T08:08:56Z,340,,1196,2026-03-01T14:48:38.000Z,false,pkg:maven/org.influxdb/influxdb-java
net.databinder:unfiltered-filter,13,50,Scala,https://github.com/unfiltered/unfiltered,http://unfiltered.databinder.net/,2015-01-12T00:30:36Z,43,,709,2026-08-31T23:25:32.000Z,false,pkg:maven/net.databinder/unfiltered-filter_2.10
org.scalatra:scalatra-specs2,13,42,Scala,https://github.com/scalatra/scalatra,http://www.scalatra.org/,2020-12-19T08:19:10Z,21,,2649,2026-07-19T07:00:52.000Z,false,pkg:maven/org.scalatra/scalatra-specs2_2.11
org.apache.velocity:velocity,13,30,,http://svn.apache.org/viewvc/velocity/engine/trunk,http://velocity.apache.org/engine/devel/,2010-05-10T17:55:56Z,1572,,,,,pkg:maven/org.apache.velocity/velocity
com.typesafe.akka:akka-http-jackson,13,27,Scala,https://github.com/akka/akka-http,https://akka.io,2023-10-16T09:31:08Z,15,,1350,2026-08-24T06:53:27.000Z,false,pkg:maven/com.typesafe.akka/akka-http-jackson_2.12
io.spray:spray-util,13,45,Scala,https://github.com/spray/spray,http://spray.io,2016-09-30T13:09:59Z,23,,2493,2017-02-21T11:03:37.000Z,true,pkg:maven/io.spray/spray-util_2.11
org.hammerlab:iterator,13,36,Scala,https://github.com/hammerlab/iterators,https://github.com/hammerlab/iterators,2018-06-14T02:31:13Z,16,,6,2018-10-24T13:22:27.000Z,false,pkg:maven/org.hammerlab/iterator_2.11
org.seleniumhq.selenium:htmlunit-driver,13,92,Java,https://github.com/SeleniumHQ/htmlunit-driver,https://github.com/SeleniumHQ/htmlunit-driver,2023-10-05T16:54:38Z,316,,265,2026-08-12T10:11:56.000Z,false,pkg:maven/org.seleniumhq.selenium/htmlunit-driver
org.apache.flink:flink-connector-kafka,13,35,Java,https://github.com/apache/flink,https://flink.apache.org,2022-09-10T08:25:44Z,46,,26288,2026-08-24T15:52:44.000Z,false,pkg:maven/org.apache.flink/flink-connector-kafka_2.11
org.scalacheck:scalacheck_2.12.0-RC1,13,24,Scala,https://github.com/rickynils/scalacheck,http://www.scalacheck.org,2016-09-07T22:54:56Z,30,,1858,2023-03-17T01:15:47.000Z,false,pkg:maven/org.scalacheck/scalacheck_2.12.0-RC1
com.softwaremill.sttp.client3:async-http-client-backend-future,13,26,Scala,https://github.com/softwaremill/sttp,http://softwaremill.com/open-source,2025-04-09T16:08:15Z,17,,1503,2026-08-24T00:53:26.000Z,false,pkg:maven/com.softwaremill.sttp.client3/async-http-client-backend-future_2.13
org.apache.flink:flink-table-planner,13,121,Java,https://github.com/apache/flink,https://flink.apache.org,2022-09-10T08:18:49Z,181,,26262,2026-08-14T21:08:44.000Z,false,pkg:maven/org.apache.flink/flink-table-planner_2.11
org.nd4j:nd4j-native-platform,13,26,Java,https://github.com/eclipse/deeplearning4j,http://deeplearning4j.konduit.ai/,2017-08-12T14:45:22Z,63,,14025,2025-06-25T05:09:36.000Z,false,pkg:maven/org.nd4j/nd4j-native-platform
org.mongodb:bson,13,70,Java,https://github.com/mongodb/mongo-java-driver,https://bsonspec.org,2026-08-29T02:12:05Z,541,,2659,2026-08-18T22:25:13.000Z,false,pkg:maven/org.mongodb/bson
biz.enef:slogging,13,33,Scala,https://github.com/jokade/slogging,https://github.com/jokade/slogging,2018-01-28T15:34:50Z,12,,50,2020-09-17T15:39:59.000Z,false,pkg:maven/biz.enef/slogging_sjs0.6_2.12
org.bouncycastle:bcprov-jdk16,13,32,,http://www.bouncycastle.org/viewcvs/viewcvs.cgi/java,http://www.bouncycastle.org/java.html,2011-02-23T04:04:14Z,563,,,,,pkg:maven/org.bouncycastle/bcprov-jdk16
commons-dbcp:commons-dbcp,13,56,,http://svn.apache.org/viewvc/commons/proper/dbcp/trunk,http://commons.apache.org/dbcp/,2007-04-04T05:46:28Z,1574,,,,,pkg:maven/commons-dbcp/commons-dbcp
net.sourceforge.plantuml:plantuml,13,28,,svn://svn.code.sf.net/p/plantuml/code/tags/plantuml-8059,http://plantuml.sourceforge.net,2026-08-26T01:56:57Z,136,,,,,pkg:maven/net.sourceforge.plantuml/plantuml
com.github.scala-incubator.io:scala-io-core,13,22,Scala,https://github.com/jesseeichar/scala-io,http://jesseeichar.github.com/scala-io-doc/index.html,2014-04-22T09:19:38Z,20,,129,2017-06-20T00:50:41.000Z,false,pkg:maven/com.github.scala-incubator.io/scala-io-core_2.10
com.google.cloud.bigdataoss:gcs-connector,13,40,Java,https://github.com/GoogleCloudDataproc/hadoop-connectors,https://github.com/GoogleCloudDataproc/hadoop-connectors,2026-08-27T00:46:10Z,85,,292,2026-08-21T07:43:17.000Z,false,pkg:maven/com.google.cloud.bigdataoss/gcs-connector
com.malliina:primitives,13,38,,https://github.com/malliina/primitives,https://github.com/malliina/primitives,2026-04-25T15:14:46Z,10,,,,,pkg:maven/com.malliina/primitives_2.13
org.typelevel:otel4s-core,13,41,Scala,https://github.com/typelevel/otel4s,https://typelevel.org/otel4s,2026-08-10T02:05:08Z,0,,214,2026-08-14T07:07:59.000Z,false,pkg:maven/org.typelevel/otel4s-core_2.13
org.scala-lang.modules:scala-parser-combinators_2.13.0-M5,13,18,Scala,https://github.com/scala/scala-parser-combinators,http://www.scala-lang.org/,2018-09-11T22:49:42Z,18,,678,2026-08-21T23:17:48.000Z,false,pkg:maven/org.scala-lang.modules/scala-parser-combinators_2.13.0-M5
net.sf.py4j:py4j,13,37,Java,https://github.com/py4j/py4j,http://nexus.sonatype.org/oss-repository-hosting.html,2020-01-25T14:46:47Z,87,,1288,2026-06-11T17:33:19.000Z,false,pkg:maven/net.sf.py4j/py4j
org.http4s:http4s-jdk-http-client,13,22,Scala,https://github.com/http4s/http4s-jdk-http-client,https://http4s.github.io/http4s-jdk-http-client,2024-12-10T06:15:54Z,8,,58,2025-12-10T19:08:26.000Z,false,pkg:maven/org.http4s/http4s-jdk-http-client_2.13
org.mozilla:rhino,13,27,JavaScript,https://github.com/mozilla/rhino,https://mozilla.github.io/rhino/,2026-02-15T20:54:49Z,656,,4617,2026-08-22T01:54:30.000Z,false,pkg:maven/org.mozilla/rhino
org.jacoco:org.jacoco.agent,13,42,Java,https://github.com/jacoco/jacoco,http://jacoco.org,2026-06-04T20:32:55Z,934,,4603,2026-08-21T14:09:34.000Z,false,pkg:maven/org.jacoco/org.jacoco.agent
de.sciss:numbers,13,36,,git@git.iem.at:sciss/Numbers.git,https://git.iem.at/sciss/Numbers,2020-09-12T10:02:09Z,11,,,,,pkg:maven/de.sciss/numbers_2.12
org.scalatest:scalatest_0.26,13,20,Scala,https://github.com/scalatest/scalatest,http://www.scalatest.org,2020-08-21T13:40:51Z,20,,1167,2026-08-21T10:07:44.000Z,false,pkg:maven/org.scalatest/scalatest_0.26
org.scaldi:scaldi,13,34,Scala,https://github.com/scaldi/scaldi,https://github.com/scaldi/scaldi,2021-07-27T19:17:30Z,23,,291,2023-02-24T15:07:40.000Z,false,pkg:maven/org.scaldi/scaldi_2.11
org.typelevel:cats-effect-testing-specs2,13,54,Scala,https://github.com/typelevel/cats-effect-testing,https://github.com/typelevel/cats-effect-testing,2026-03-09T14:47:51Z,14,,194,2026-08-04T16:40:35.000Z,false,pkg:maven/org.typelevel/cats-effect-testing-specs2_2.12
com.github.etaty:rediscala,13,23,Scala,https://github.com/etaty/rediscala,https://github.com/etaty/rediscala,2019-06-23T11:26:30Z,13,,796,2021-06-06T04:14:22.000Z,false,pkg:maven/com.github.etaty/rediscala_2.11
com.typesafe.play:play-json_2.13.0-M5,13,14,Scala,https://github.com/playframework/play-json,https://github.com/playframework/play-json,2019-03-15T23:10:12Z,16,,374,2026-07-13T07:19:35.000Z,false,pkg:maven/com.typesafe.play/play-json_2.13.0-M5
com.github.jnr:jnr-unixsocket,13,36,Java,"",,2026-08-21T02:22:27Z,196,,291,2026-08-20T18:40:38.000Z,false,pkg:maven/com.github.jnr/jnr-unixsocket
org.eclipse.paho:org.eclipse.paho.client.mqttv3,13,36,Java,https://github.com/eclipse/paho.mqtt.java,http://www.eclipse.org/paho,2020-07-14T13:07:18Z,339,,2222,2024-08-14T05:58:05.000Z,false,pkg:maven/org.eclipse.paho/org.eclipse.paho.client.mqttv3
net.databinder:dispatch-http,13,52,Scala,https://github.com/dispatch/reboot,http://dispatch-classic.databinder.net/,2013-06-29T03:14:17Z,33,,430,2023-02-02T15:22:17.000Z,false,pkg:maven/net.databinder/dispatch-http_2.10
org.scala-lang.modules:scala-xml_2.13.0-RC2,13,15,Scala,https://github.com/scala/scala-xml,http://www.scala-lang.org/,2019-05-16T22:18:05Z,18,,278,2023-03-18T19:50:24.000Z,false,pkg:maven/org.scala-lang.modules/scala-xml_2.13.0-RC2
org.apache.opennlp:opennlp-tools,13,37,Java,https://github.com/apache/opennlp,https://www.apache.org/,2026-07-21T13:14:12Z,193,,1602,2026-08-22T01:15:43.000Z,false,pkg:maven/org.apache.opennlp/opennlp-tools
org.graalvm.nativeimage:svm,13,36,Java,https://github.com/oracle/graal,https://github.com/oracle/graal/tree/master/substratevm,2026-07-22T00:14:14Z,356,,21667,2026-08-20T08:36:48.000Z,false,pkg:maven/org.graalvm.nativeimage/svm
com.twitter:inject-modules,13,38,Scala,https://github.com/twitter/finatra,https://github.com/twitter/finatra,2024-05-02T20:32:27Z,19,,2273,2025-08-18T21:11:27.000Z,false,pkg:maven/com.twitter/inject-modules_2.12
com.twitter:inject-core,13,101,Scala,https://github.com/twitter/finatra,https://github.com/twitter/finatra,2024-05-02T20:32:15Z,43,,2273,2025-08-18T21:11:27.000Z,false,pkg:maven/com.twitter/inject-core_2.12
org.scalacheck:scalacheck_sjs0.6_2.13.0-M4,13,23,Scala,https://github.com/rickynils/scalacheck,http://www.scalacheck.org,2018-06-10T22:03:11Z,25,,1858,2023-03-17T01:15:47.000Z,false,pkg:maven/org.scalacheck/scalacheck_sjs0.6_2.13.0-M4
org.scalariform:scalariform,13,29,Scala,https://github.com/scala-ide/scalariform,https://github.com/scala-ide/scalariform,2019-06-11T04:59:09Z,21,,523,2024-05-11T00:35:23.000Z,false,pkg:maven/org.scalariform/scalariform_2.11
com.twitter:inject-app,13,50,Scala,https://github.com/twitter/finatra,https://github.com/twitter/finatra,2024-05-02T20:32:46Z,23,,2273,2025-08-18T21:11:27.000Z,false,pkg:maven/com.twitter/inject-app_2.12
com.twitter:inject-server,13,39,Scala,https://github.com/twitter/finatra,https://github.com/twitter/finatra,2024-05-02T20:32:51Z,20,,2273,2025-08-18T21:11:27.000Z,false,pkg:maven/com.twitter/inject-server_2.12
org.scalacheck:scalacheck_sjs1_3.0.0-M3,13,21,Scala,https://github.com/typelevel/scalacheck,http://www.scalacheck.org,2021-02-16T18:36:58Z,21,,1966,2026-07-27T18:48:22.000Z,false,pkg:maven/org.scalacheck/scalacheck_sjs1_3.0.0-M3
org.playframework:play-logback,13,19,Scala,https://github.com/playframework/playframework,https://github.com/playframework/playframework,2026-05-21T04:58:34Z,0,,12621,2026-08-24T21:23:35.000Z,false,pkg:maven/org.playframework/play-logback_2.13
com.softwaremill.sttp.client4:zio,13,31,,,,,,,,,,
org.specs2:specs2-core_2.13.0-M3,13,39,Scala,https://github.com/etorreborre/specs2,http://specs2.org/,2018-05-03T18:59:58Z,40,,734,2026-08-30T10:26:13.000Z,false,pkg:maven/org.specs2/specs2-core_2.13.0-M3
com.typesafe.play:routes-compiler,13,29,Scala,https://github.com/playframework/playframework,https://playframework.com,2024-06-03T12:58:52Z,15,,12621,2026-08-24T21:23:35.000Z,false,pkg:maven/com.typesafe.play/routes-compiler_2.12
com.github.alexarchambault:scalacheck-shapeless_1.15,13,27,Scala,https://github.com/alexarchambault/scalacheck-shapeless,https://github.com/alexarchambault/scalacheck-shapeless,2021-05-23T12:27:53Z,45,,237,2024-08-12T11:18:34.000Z,false,pkg:maven/com.github.alexarchambault/scalacheck-shapeless_1.15_2.12
io.opentracing:opentracing-api,13,33,Java,https://github.com/opentracing/opentracing-java,https://github.com/opentracing/opentracing-java,2019-05-06T10:58:22Z,616,,1680,2021-10-11T22:23:48.000Z,true,pkg:maven/io.opentracing/opentracing-api
cglib:cglib,13,57,Java,https://github.com/cglib/cglib,https://github.com/cglib/cglib,2019-08-12T14:29:40Z,1980,,4893,2024-08-16T10:22:51.000Z,false,pkg:maven/cglib/cglib
org.apache.commons:commons-email,13,28,Java,https://gitbox.apache.org/repos/asf/commons-email,https://commons.apache.org/proper/commons-email/,2023-12-17T20:18:51Z,476,,178,2026-08-27T17:41:20.000Z,false,pkg:maven/org.apache.commons/commons-email
org.jetbrains.kotlin:kotlin-reflect,13,98,Kotlin,https://github.com/JetBrains/kotlin,https://kotlinlang.org/,2026-07-14T08:23:29Z,5648,,53350,2026-08-22T18:35:16.000Z,false,pkg:maven/org.jetbrains.kotlin/kotlin-reflect
com.softwaremill.sttp.tapir:tapir-sttp-client,13,23,Scala,https://github.com/softwaremill/tapir,http://softwaremill.com/open-source,2026-08-08T02:35:10Z,12,,1469,2026-08-30T08:03:16.000Z,false,pkg:maven/com.softwaremill.sttp.tapir/tapir-sttp-client_2.13
org.scala-js:scalajs-test-interface_2.12.0-M5,13,21,Scala,https://github.com/scala-js/scala-js,http://scala-js.org/,2016-08-31T15:33:15Z,32,,4710,2026-08-15T18:05:40.000Z,false,pkg:maven/org.scala-js/scalajs-test-interface_2.12.0-M5
org.apache.flink:flink-table-common,13,95,Java,https://github.com/apache/flink,https://flink.apache.org,2026-06-20T00:12:17Z,361,,26288,2026-08-24T15:52:44.000Z,false,pkg:maven/org.apache.flink/flink-table-common
software.amazon.kinesis:amazon-kinesis-client,13,35,Java,https://github.com/awslabs/amazon-kinesis-client,https://aws.amazon.com/kinesis,2026-07-22T02:23:58Z,46,,666,2026-07-28T20:21:12.000Z,false,pkg:maven/software.amazon.kinesis/amazon-kinesis-client
io.lettuce:lettuce-core,13,49,Java,https://github.com/redis/lettuce,https://github.com/redis/lettuce,2026-08-19T01:56:54Z,527,,5775,2026-08-22T02:06:48.000Z,false,pkg:maven/io.lettuce/lettuce-core
org.mongodb:mongodb-driver-reactivestreams,13,28,Java,https://github.com/mongodb/mongo-java-driver,https://www.mongodb.com/,2026-08-29T02:12:19Z,364,,2659,2026-08-18T22:25:13.000Z,false,pkg:maven/org.mongodb/mongodb-driver-reactivestreams
com.squareup.okhttp3:mockwebserver,13,32,Kotlin,https://github.com/lysine-dev/okhttp,https://lysine.dev/okhttp/,2026-08-17T02:31:58Z,1136,,47049,2026-08-23T02:23:05.000Z,false,pkg:maven/com.squareup.okhttp3/mockwebserver
net.aichler:jupiter-interface,13,29,,https://github.com/maichler/sbt-jupiter-interface,https://github.com/maichler/sbt-jupiter-interface,2022-10-06T18:37:56Z,68,,,,,pkg:maven/net.aichler/jupiter-interface
com.github.ghik:silencer-lib_2.12.12,13,30,Scala,https://github.com/ghik/silencer,https://github.com/ghik/silencer,2020-07-23T09:41:06Z,307,,253,2025-12-19T16:38:59.000Z,false,pkg:maven/com.github.ghik/silencer-lib_2.12.12
org.specs2:specs2-html,13,49,Scala,https://github.com/etorreborre/specs2,http://specs2.org/,2021-01-18T17:33:40Z,25,,734,2026-08-13T17:25:12.000Z,false,pkg:maven/org.specs2/specs2-html_2.11
de.sciss:scissdsp,13,27,Scala,https://github.com/Sciss/ScissDSP,https://github.com/Sciss/ScissDSP,2021-10-26T22:34:56Z,9,,7,2021-10-27T10:05:30.000Z,false,pkg:maven/de.sciss/scissdsp_2.12
com.lihaoyi:mainargs,13,163,Scala,https://github.com/com-lihaoyi/mainargs,https://github.com/com-lihaoyi/mainargs,2025-12-26T08:59:21Z,66,,205,2025-10-23T04:38:50.000Z,false,pkg:maven/com.lihaoyi/mainargs_2.13
org.apache.tomcat.embed:tomcat-embed-websocket,13,21,,"",https://tomcat.apache.org/,2026-08-19T02:28:06Z,243,,,,,pkg:maven/org.apache.tomcat.embed/tomcat-embed-websocket
com.lihaoyi:utest_2.13.0-M5,12,26,Scala,https://github.com/lihaoyi/utest,https://github.com/lihaoyi/utest,2018-09-27T09:29:19Z,29,,496,2025-06-30T05:38:12.000Z,false,pkg:maven/com.lihaoyi/utest_2.13.0-M5
io.gatling:gatling-core-java,12,16,Scala,https://github.com/gatling/gatling,https://gatling.io,2026-05-25T19:50:50Z,13,,6953,2026-08-25T11:51:30.000Z,false,pkg:maven/io.gatling/gatling-core-java
co.fs2:fs2-scodec,12,38,Scala,https://github.com/typelevel/fs2,https://typelevel.org/fs2,2026-03-12T18:31:42Z,8,,2448,2026-08-07T04:51:06.000Z,false,pkg:maven/co.fs2/fs2-scodec_2.12
jakarta.servlet:jakarta.servlet-api,12,58,Java,https://github.com/eclipse-ee4j/servlet-api,https://projects.eclipse.org/projects/ee4j.servlet,2024-05-24T17:35:22Z,2664,,295,2025-08-05T16:41:28.000Z,false,pkg:maven/jakarta.servlet/jakarta.servlet-api
io.swagger.core.v3:swagger-core,12,35,Java,https://github.com/swagger-api/swagger-core,https://github.com/swagger-api/swagger-core,2026-09-01T02:04:54Z,223,,7532,2026-08-19T17:33:04.000Z,false,pkg:maven/io.swagger.core.v3/swagger-core
asm:asm,12,35,,http://svn.forge.objectweb.org/cgi-bin/viewcvs.cgi/asm/trunk/,http://asm.objectweb.org/,2011-01-12T14:01:34Z,856,,,,,pkg:maven/asm/asm
org.mongodb:mongodb-driver-async,12,47,Java,https://github.com/mongodb/mongo-java-driver,http://www.mongodb.org,2023-06-07T08:27:53Z,175,,2659,2026-08-18T22:25:13.000Z,false,pkg:maven/org.mongodb/mongodb-driver-async
org.scala-exercises:exercise-compiler,12,20,Scala,https://github.com/scala-exercises/sbt-exercise,https://github.com/scala-exercises/sbt-exercise,2022-02-07T08:50:29Z,13,,0,2023-03-15T05:21:22.000Z,false,pkg:maven/org.scala-exercises/exercise-compiler_2.13
com.nrinaudo:kantan.csv,12,98,Scala,https://github.com/nrinaudo/kantan.csv,https://nrinaudo.github.io/kantan.csv,2025-01-31T10:21:57Z,25,,341,2023-02-02T18:41:13.000Z,false,pkg:maven/com.nrinaudo/kantan.csv_2.12
com.dimafeng:testcontainers-scala-kafka,12,31,,https://gitlab.com/testcontainers/testcontainers-scala,https://gitlab.com/testcontainers/testcontainers-scala,2025-12-23T02:42:37Z,12,,,,,pkg:maven/com.dimafeng/testcontainers-scala-kafka_2.12
play:play-test_2.9.1,12,17,,,,,,,,,,
org.scalacheck:scalacheck_3.0.0-M2,12,19,Scala,https://github.com/typelevel/scalacheck,http://www.scalacheck.org,2020-12-17T12:30:44Z,20,,1966,2026-07-27T18:48:22.000Z,false,pkg:maven/org.scalacheck/scalacheck_3.0.0-M2
com.typesafe.akka:akka-stream_2.13.0-M5,12,54,Scala,https://github.com/akka/akka,https://akka.io/,2019-05-21T08:54:34Z,56,,13223,2025-10-18T05:06:10.000Z,false,pkg:maven/com.typesafe.akka/akka-stream_2.13.0-M5
com.softwaremill.sttp.tapir:tapir-swagger-ui-bundle,12,16,Scala,https://github.com/softwaremill/tapir,http://softwaremill.com/open-source,2026-08-08T02:35:11Z,2,,1469,2026-08-23T00:48:32.000Z,false,pkg:maven/com.softwaremill.sttp.tapir/tapir-swagger-ui-bundle_2.13
com.twitter:finatra-http,12,34,Scala,https://github.com/twitter/finatra,https://github.com/twitter/finatra,2021-02-11T00:37:13Z,28,,2273,2025-08-18T21:11:27.000Z,false,pkg:maven/com.twitter/finatra-http_2.12
org.scalatest:scalatest_2.10.0-RC3,12,30,,http://code.google.com/p/scalatest/source/browse/,http://www.scalatest.org,2012-11-22T14:54:20Z,50,,,,,pkg:maven/org.scalatest/scalatest_2.10.0-RC3
com.netaporter:scala-uri,12,20,Scala,https://github.com/net-a-porter/scala-uri,https://github.com/net-a-porter/scala-uri,2016-10-24T21:07:35Z,18,,265,2020-04-01T11:38:39.000Z,false,pkg:maven/com.netaporter/scala-uri_2.11
org.eclipse.jetty.websocket:websocket-server,12,25,Java,https://github.com/jetty/jetty.project,https://jetty.org/,2025-08-14T02:32:19Z,409,,4091,2026-08-28T16:41:34.000Z,false,pkg:maven/org.eclipse.jetty.websocket/websocket-server
org.scala-native:tools,12,34,Scala,https://github.com/scala-native/scala-native,http://www.scala-native.org,2026-05-21T23:17:51Z,18,,4673,2026-07-27T03:35:08.000Z,false,pkg:maven/org.scala-native/tools_2.12
org.ccil.cowan.tagsoup:tagsoup,12,91,,http://home.ccil.org/~cowan/tagsoup/tagsoup-1.2.1-src.zip,http://home.ccil.org/~cowan/XML/tagsoup/,2011-08-22T17:05:03Z,205,,,,,pkg:maven/org.ccil.cowan.tagsoup/tagsoup
io.spray:spray-routing-shapeless2,12,17,Scala,https://github.com/spray/spray,http://spray.io,2015-03-24T13:49:50Z,24,,2523,2017-02-21T11:03:37.000Z,false,pkg:maven/io.spray/spray-routing-shapeless2_2.11
com.github.jsqlparser:jsqlparser,12,25,Java,https://github.com/JSQLParser/JSqlParser,https://github.com/JSQLParser/JSqlParser,2017-02-26T22:56:17Z,357,,5958,2026-08-30T03:45:56.000Z,false,pkg:maven/com.github.jsqlparser/jsqlparser
de.sciss:kollflitz,12,21,,git@git.iem.at:sciss/KollFlitz.git,https://git.iem.at/sciss/KollFlitz,2020-09-12T15:34:55Z,7,,,,,pkg:maven/de.sciss/kollflitz_2.12
de.sciss:scalacolliderswing-core,12,38,Scala,https://github.com/Sciss/ScalaColliderSwing,https://github.com/Sciss/ScalaColliderSwing,2021-11-22T22:05:56Z,11,,16,2021-11-22T14:39:00.000Z,false,pkg:maven/de.sciss/scalacolliderswing-core_2.12
com.github.jwt-scala:jwt-circe,12,18,Scala,https://github.com/jwt-scala/jwt-scala,https://jwt-scala.github.io/jwt-scala/,2026-04-07T08:16:28Z,5,,675,2026-07-13T14:42:32.000Z,false,pkg:maven/com.github.jwt-scala/jwt-circe_2.13
io.kamon:kamon-scala-future,12,23,Scala,https://github.com/kamon-io/Kamon,http://kamon.io,2025-04-23T21:24:13Z,13,,1426,2026-01-19T13:16:26.000Z,false,pkg:maven/io.kamon/kamon-scala-future_2.11
io.gatling:jsonpath,12,19,,https://github.com/gatling/jsonpath,https://gatling.io,2019-05-27T15:00:43Z,11,,88,2019-12-07T00:14:26.000Z,true,pkg:maven/io.gatling/jsonpath_2.12
software.amazon.awssdk:sns,12,31,Java,"",https://aws.amazon.com/sdkforjava,2026-08-12T02:32:16Z,81,,2609,2026-08-06T19:11:38.000Z,false,pkg:maven/software.amazon.awssdk/sns
software.amazon.awssdk:cloudwatch,12,27,Java,https://github.com/aws/aws-sdk-java-v2,https://aws.amazon.com/sdkforjava,2026-08-30T02:01:52Z,82,,2610,2026-08-20T21:56:09.000Z,false,pkg:maven/software.amazon.awssdk/cloudwatch
com.thoughtworks.binding:binding,12,77,Scala,https://github.com/ThoughtWorksInc/Binding.scala,https://github.com/ThoughtWorksInc/Binding.scala,2019-12-25T07:42:06Z,13,,1573,2023-03-10T20:32:26.000Z,false,pkg:maven/com.thoughtworks.binding/binding_sjs0.6_2.11
io.circe:circe-config,12,57,Scala,https://github.com/circe/circe-config,https://github.com/circe/circe-config,2025-06-13T23:48:00Z,24,,130,2026-08-22T09:06:22.000Z,false,pkg:maven/io.circe/circe-config_2.12
dev.zio:zio-process,12,31,Scala,https://github.com/zio/zio-process,https://zio.dev/zio-process/,2025-12-29T22:27:38Z,11,,69,2026-08-21T00:41:29.000Z,false,pkg:maven/dev.zio/zio-process_2.13
io.swagger:swagger-models,12,20,Java,https://github.com/swagger-api/swagger-core,https://github.com/swagger-api/swagger-core,2025-05-15T10:18:19Z,561,,7532,2026-08-13T12:37:48.000Z,false,pkg:maven/io.swagger/swagger-models
org.scalacheck:scalacheck_sjs1_3.0.0-RC1,12,16,Scala,https://github.com/typelevel/scalacheck,http://www.scalacheck.org,2021-02-16T18:37:40Z,16,,1966,2026-07-27T18:48:22.000Z,false,pkg:maven/org.scalacheck/scalacheck_sjs1_3.0.0-RC1
net.liftweb:lift-mapper,12,60,Scala,https://github.com/lift/framework,http://www.liftweb.net,2021-10-08T15:03:51Z,31,,1284,2026-07-26T11:58:58.000Z,false,pkg:maven/net.liftweb/lift-mapper_2.11
org.scalaz:scalaz-core_2.13.0-RC2,12,18,Scala,https://github.com/scalaz/scalaz,http://scalaz.org,2019-05-17T04:28:26Z,22,,4673,2026-08-24T22:08:56.000Z,false,pkg:maven/org.scalaz/scalaz-core_2.13.0-RC2
junit:junit-dep,12,93,,https://github.com/KentBeck/junit,http://junit.org,2010-10-05T08:50:31Z,1157,,,,,pkg:maven/junit/junit-dep
org.openurp.edu:openurp-edu-api,12,18,Scala,https://github.com/openurp/api,http://openurp.github.io/api/index.html,2026-08-12T02:24:56Z,23,,3,2025-09-24T07:19:57.000Z,false,pkg:maven/org.openurp.edu/openurp-edu-api
net.java.dev.jna:jna-platform,12,24,Java,https://github.com/java-native-access/jna,https://github.com/java-native-access/jna,2026-06-12T16:48:57Z,531,,8749,2025-06-06T20:34:26.000Z,false,pkg:maven/net.java.dev.jna/jna-platform
jfree:jfreechart,12,21,,http://www.jfree.org/cvs,http://www.jfree.org/jfreechart,2006-04-05T13:10:49Z,237,,,,,pkg:maven/jfree/jfreechart
org.scalatest:scalatest_3.0.0-M2,12,15,Scala,https://github.com/scalatest/scalatest,http://www.scalatest.org,2020-11-26T13:13:06Z,43,,1167,2026-08-21T10:07:44.000Z,false,pkg:maven/org.scalatest/scalatest_3.0.0-M2
io.grpc:grpc-services,12,30,Java,https://github.com/grpc/grpc-java,https://github.com/grpc/grpc-java,2026-09-02T02:09:16Z,419,,10428,2023-03-22T01:35:47.000Z,false,pkg:maven/io.grpc/grpc-services
com.sksamuel.elastic4s:elastic4s-client-esjava,12,37,Scala,https://github.com/sksamuel/elastic4s,https://github.com/sksamuel/elastic4s,2023-12-18T14:58:59Z,18,,1617,2023-03-10T19:59:22.000Z,false,pkg:maven/com.sksamuel.elastic4s/elastic4s-client-esjava_2.12
org.apache.httpcomponents:fluent-hc,12,31,Java,https://github.com/apache/httpcomponents-client,http://hc.apache.org/httpcomponents-client-ga,2022-11-30T18:41:11Z,686,,1534,2026-08-26T17:22:25.000Z,false,pkg:maven/org.apache.httpcomponents/fluent-hc
org.scala-lang.modules:scala-xml_2.12.0-RC2,12,17,Scala,https://github.com/scala/scala-xml,http://www.scala-lang.org/,2016-10-14T19:54:57Z,22,,278,2023-03-18T19:50:24.000Z,false,pkg:maven/org.scala-lang.modules/scala-xml_2.12.0-RC2
cglib:cglib-nodep,12,40,Java,https://github.com/cglib/cglib,https://github.com/cglib/cglib,2019-08-12T14:29:55Z,1912,,4894,2024-08-16T10:22:51.000Z,false,pkg:maven/cglib/cglib-nodep
com.github.fge:json-schema-validator,12,33,Java,https://github.com/fge/json-schema-validator,https://github.com/fge/json-schema-validator,2014-10-29T13:45:26Z,289,,1550,2023-01-10T02:00:49.000Z,false,pkg:maven/com.github.fge/json-schema-validator
io.janstenpickle:trace4cats-testkit,12,73,Scala,https://github.com/trace4cats/trace4cats,https://github.com/trace4cats/trace4cats,2024-02-11T13:44:34Z,28,,188,2026-07-28T22:43:14.000Z,false,pkg:maven/io.janstenpickle/trace4cats-testkit_2.13
de.sciss:lucreswing,12,21,,git@git.iem.at:sciss/LucreSwing.git,https://git.iem.at/sciss/LucreSwing,2019-06-09T19:39:13Z,12,,,,,pkg:maven/de.sciss/lucreswing_2.11
com.busymachines:pureharm-core-anomaly,12,78,Scala,https://github.com/busymachines/pureharm-core,https://github.com/busymachines/pureharm-core,2021-07-28T07:47:11Z,36,,0,2021-07-28T07:43:49.000Z,false,pkg:maven/com.busymachines/pureharm-core-anomaly_2.13
com.outr:reactify,12,49,Scala,https://github.com/outr/reactify,https://github.com/outr/reactify,2026-02-09T14:27:16Z,10,,90,2026-02-09T14:33:10.000Z,false,pkg:maven/com.outr/reactify_2.12
org.scalaz:scalaz-core_2.13.0-M4,12,17,Scala,https://github.com/scalaz/scalaz,http://scalaz.org,2018-08-16T08:39:11Z,17,,4671,2026-07-27T22:05:45.000Z,false,pkg:maven/org.scalaz/scalaz-core_2.13.0-M4
org.openjdk.jol:jol-core,12,27,Java,https://github.com/openjdk/jol,http://maven.apache.org,2017-01-18T13:22:48Z,402,,1089,2026-01-21T16:31:45.000Z,false,pkg:maven/org.openjdk.jol/jol-core
io.chrisdavenport:epimetheus,12,27,Scala,https://github.com/davenverse/epimetheus,https://davenverse.github.io/epimetheus,2025-06-24T11:31:08Z,9,,62,2023-06-07T20:20:32.000Z,false,pkg:maven/io.chrisdavenport/epimetheus_2.13
de.lolhens:munit-tagless-final,12,58,,https://github.com/LolHens/munit-tagless-final,https://github.com/LolHens/munit-tagless-final,2021-11-26T00:27:13Z,14,,,,,pkg:maven/de.lolhens/munit-tagless-final_2.13
org.apache.orc:orc-core,12,43,,https://github.com/apache/maven-apache-parent,https://orc.apache.org,2026-07-17T02:34:58Z,141,,47,2026-08-10T20:47:13.000Z,false,pkg:maven/org.apache.orc/orc-core
com.sun.xml.bind:jaxb-core,12,19,Java,https://github.com/eclipse-ee4j/jaxb-ri,https://eclipse-ee4j.github.io/jaxb-ri/,2026-05-28T06:05:07Z,1231,,222,2026-08-31T07:58:48.000Z,false,pkg:maven/com.sun.xml.bind/jaxb-core
de.sciss:scalacolliderugens-core,12,33,Scala,https://github.com/Sciss/ScalaColliderUGens,https://github.com/Sciss/ScalaColliderUGens,2022-05-29T21:52:34Z,12,,4,2023-02-05T19:41:26.000Z,false,pkg:maven/de.sciss/scalacolliderugens-core_2.12
org.playframework:play-ahc-ws,12,21,Scala,https://github.com/playframework/playframework,https://github.com/playframework/playframework,2026-05-21T04:58:34Z,0,,12621,2026-08-24T21:23:35.000Z,false,pkg:maven/org.playframework/play-ahc-ws_2.13
org.scala-js:sbt-scalajs_2.12_1.0,12,13,Scala,https://github.com/scala-js/scala-js,https://www.scala-js.org/,2026-06-20T13:01:02Z,0,,4710,2026-08-15T18:05:40.000Z,false,pkg:maven/org.scala-js/sbt-scalajs_2.12_1.0
org.scala-tools.testing:test-interface,12,72,,"",,2010-03-27T23:36:58Z,177,,,,,pkg:maven/org.scala-tools.testing/test-interface
com.azure:azure-storage-blob,12,30,Java,https://github.com/Azure/azure-sdk-for-java,https://github.com/Azure/azure-sdk-for-java,2026-08-20T02:17:34Z,137,,2567,2026-08-17T10:41:04.000Z,false,pkg:maven/com.azure/azure-storage-blob
com.typesafe.play:play-java-ws,12,25,Scala,https://github.com/playframework/playframework,https://playframework.com,2018-08-17T20:52:15Z,30,,12621,2026-08-24T21:23:35.000Z,false,pkg:maven/com.typesafe.play/play-java-ws_2.11
com.vladsch.flexmark:flexmark,12,70,Java,https://github.com/vsch/flexmark-java,https://github.com/vsch/flexmark-java,2023-05-23T18:28:03Z,206,,2416,2025-04-16T19:07:12.000Z,false,pkg:maven/com.vladsch.flexmark/flexmark
org.hibernate:hibernate-validator,12,19,Java,https://github.com/hibernate/hibernate-validator,https://hibernate.org/validator,2026-07-26T15:05:34Z,3342,,1267,2026-08-04T20:54:52.000Z,false,pkg:maven/org.hibernate/hibernate-validator
com.github.kxbmap:configs,12,36,Scala,https://github.com/kxbmap/configs,https://github.com/kxbmap/configs,2021-04-28T19:54:09Z,39,,166,2021-06-19T04:57:39.000Z,false,pkg:maven/com.github.kxbmap/configs_2.11
org.typelevel:cats-laws_2.13.0-M5,12,43,Scala,https://github.com/typelevel/cats,https://github.com/typelevel/cats,2019-06-03T13:10:03Z,44,,5456,2026-08-21T12:13:32.000Z,false,pkg:maven/org.typelevel/cats-laws_2.13.0-M5
org.apache.hbase:hbase,12,42,,https://gitbox.apache.org/repos/asf?p=hbase.git,https://hbase.apache.org,2026-08-06T02:29:17Z,186,,,,,pkg:maven/org.apache.hbase/hbase
org.typelevel:discipline_2.13.0-M5,12,45,Scala,https://github.com/typelevel/discipline,https://github.com/typelevel/discipline,2019-01-25T20:12:14Z,46,,336,2026-07-27T16:49:06.000Z,false,pkg:maven/org.typelevel/discipline_2.13.0-M5
com.twitter:util-core_2.9.2,12,36,Scala,https://github.com/twitter/util,https://github.com/twitter/util,2014-08-22T21:40:08Z,38,,2721,2025-10-15T23:12:16.000Z,false,pkg:maven/com.twitter/util-core_2.9.2
net.liftweb:lift-util,12,42,Scala,https://github.com/lift/framework,http://www.liftweb.net,2016-01-31T05:15:31Z,22,,1284,2026-07-26T11:58:58.000Z,false,pkg:maven/net.liftweb/lift-util_2.10
net.ceedubs:ficus,12,27,Scala,https://github.com/ceedubs/ficus,https://github.com/ceedubs/ficus,2014-12-29T16:09:27Z,38,,187,2021-09-14T20:21:01.000Z,true,pkg:maven/net.ceedubs/ficus_2.11
com.sksamuel.elastic4s:elastic4s-testkit,12,63,Scala,https://github.com/sksamuel/elastic4s,https://github.com/sksamuel/elastic4s,2023-12-18T14:59:31Z,32,,1619,2023-03-18T20:05:58.000Z,false,pkg:maven/com.sksamuel.elastic4s/elastic4s-testkit_2.12
org.typelevel:cats-effect_3.0.0-M2,12,18,Scala,https://github.com/typelevel/cats-effect,https://github.com/typelevel/cats-effect,2020-12-18T17:52:28Z,24,,2236,2026-08-28T11:28:14.000Z,false,pkg:maven/org.typelevel/cats-effect_3.0.0-M2
org.specs2:specs2-core_2.13.0-RC2,12,47,Scala,https://github.com/etorreborre/specs2,http://specs2.org/,2019-05-21T06:27:26Z,47,,734,2026-08-13T17:25:12.000Z,false,pkg:maven/org.specs2/specs2-core_2.13.0-RC2
io.netty:netty-handler-proxy,12,35,Java,https://github.com/netty/netty,http://netty.io/,2026-08-07T02:08:58Z,527,,35042,2026-09-01T17:28:18.000Z,false,pkg:maven/io.netty/netty-handler-proxy
org.typelevel:spire-laws,12,34,Scala,https://github.com/typelevel/spire,https://typelevel.org/spire/,2022-06-17T16:18:46Z,8,,1772,2026-07-27T16:55:37.000Z,false,pkg:maven/org.typelevel/spire-laws_2.13
io.catbird:catbird-util,12,66,Scala,https://github.com/travisbrown/catbird,https://github.com/travisbrown/catbird,2021-02-24T11:19:30Z,36,,140,2023-03-06T21:38:47.000Z,false,pkg:maven/io.catbird/catbird-util_2.11
io.monix:newtypes-core,12,50,Scala,https://github.com/monix/monix,https://newtypes.monix.io/,2026-08-26T02:00:33Z,17,,1931,2026-08-23T16:47:13.000Z,false,pkg:maven/io.monix/newtypes-core_2.13
com.alibaba:fastjson,12,38,Java,https://github.com/alibaba/fastjson2,https://github.com/alibaba/fastjson2,2026-08-03T00:00:04Z,5171,,4397,2026-08-24T08:35:20.000Z,false,pkg:maven/com.alibaba/fastjson
io.monix:minitest-laws,12,208,Scala,https://github.com/monix/minitest,https://github.com/monix/minitest,2021-05-13T19:27:48Z,48,,177,2023-03-10T17:04:40.000Z,false,pkg:maven/io.monix/minitest-laws_2.12
org.playframework:play-guice,12,25,Scala,https://github.com/playframework/playframework,https://github.com/playframework/playframework,2026-05-21T04:58:34Z,0,,12621,2026-08-24T21:23:35.000Z,false,pkg:maven/org.playframework/play-guice_2.13
com.fasterxml.jackson.dataformat:jackson-dataformat-csv,12,28,Java,https://github.com/FasterXML/jackson-dataformats-text,https://github.com/FasterXML/jackson-dataformats-text,2026-08-17T02:23:05Z,359,,454,2026-08-16T17:40:57.000Z,false,pkg:maven/com.fasterxml.jackson.dataformat/jackson-dataformat-csv
io.higherkindness:droste-core,12,58,Scala,https://github.com/higherkindness/droste,https://github.com/higherkindness/droste,2025-02-14T14:55:20Z,18,,396,2026-04-12T15:58:30.000Z,false,pkg:maven/io.higherkindness/droste-core_2.12
com.eed3si9n.expecty:expecty,12,137,Scala,https://github.com/eed3si9n/expecty,https://github.com/eed3si9n/expecty,2025-11-03T03:38:03Z,25,,107,2025-11-03T02:08:28.000Z,false,pkg:maven/com.eed3si9n.expecty/expecty_2.13
org.apache.flink:flink-table-api-java-bridge,12,136,Java,https://github.com/apache/flink,https://flink.apache.org,2022-09-10T08:12:35Z,233,,26288,2026-08-24T15:52:44.000Z,false,pkg:maven/org.apache.flink/flink-table-api-java-bridge_2.11
org.scalameta:munit_3.0.0-M1,11,20,Scala,https://github.com/scalameta/munit,https://github.com/scalameta/munit,2020-11-25T10:52:39Z,20,,472,2026-08-18T22:48:13.000Z,false,pkg:maven/org.scalameta/munit_3.0.0-M1
com.disneystreaming.smithy4s:smithy4s-core,11,100,Scala,https://github.com/disneystreaming/smithy4s,https://github.com/disneystreaming,2026-07-18T02:22:41Z,14,,400,2026-08-22T01:26:16.000Z,false,pkg:maven/com.disneystreaming.smithy4s/smithy4s-core_2.13
com.googlecode.concurrentlinkedhashmap:concurrentlinkedhashmap-lru,11,30,Java,http://code.google.com/p/concurrentlinkedhashmap/source/browse,http://code.google.com/p/concurrentlinkedhashmap,2015-01-28T01:30:55Z,346,,476,2020-10-01T19:03:55.000Z,false,pkg:maven/com.googlecode.concurrentlinkedhashmap/concurrentlinkedhashmap-lru
org.openurp.starter:openurp-starter-web,11,17,Scala,https://github.com/openurp/starter,http://openurp.github.io/starter/index.html,2026-06-01T04:25:13Z,26,,0,2025-09-24T12:28:47.000Z,false,pkg:maven/org.openurp.starter/openurp-starter-web
software.amazon.awssdk:regions,11,22,Java,"",,2026-08-13T02:27:54Z,103,,2609,2026-08-06T19:11:38.000Z,false,pkg:maven/software.amazon.awssdk/regions
com.typesafe.akka:akka-protobuf,11,23,Scala,https://github.com/akka/akka,https://akka.io/,2020-10-15T14:55:29Z,73,,12644,2023-03-21T16:09:37.000Z,false,pkg:maven/com.typesafe.akka/akka-protobuf_2.11
org.eclipse.lsp4j:org.eclipse.lsp4j,11,55,Java,https://github.com/eclipse/lsp4j,https://github.com/eclipse-lsp4j/lsp4j,2026-02-09T19:27:54Z,96,,503,2023-07-06T11:59:19.000Z,false,pkg:maven/org.eclipse.lsp4j/org.eclipse.lsp4j
com.chuusai:shapeless_sjs0.6_2.13.0-RC1,11,12,Scala,https://github.com/milessabin/shapeless,https://github.com/milessabin/shapeless,2019-04-06T17:25:24Z,13,,3402,2026-08-23T08:01:53.000Z,false,pkg:maven/com.chuusai/shapeless_sjs0.6_2.13.0-RC1
org.mongodb.scala:mongo-scala-bson,11,32,Java,https://github.com/mongodb/mongo-java-driver,https://bsonspec.org,2026-08-29T02:12:17Z,120,,2659,2026-08-18T22:25:13.000Z,false,pkg:maven/org.mongodb.scala/mongo-scala-bson_2.12
org.scalatest:scalatest_3.0.0-M1,11,14,Scala,https://github.com/scalatest/scalatest,http://www.scalatest.org,2020-11-07T10:27:46Z,27,,1167,2026-08-21T10:07:44.000Z,false,pkg:maven/org.scalatest/scalatest_3.0.0-M1
de.sciss:fingertree,11,18,,git@git.iem.at:sciss/FingerTree.git,https://git.iem.at/sciss/FingerTree,2020-09-11T21:02:30Z,6,,,,,pkg:maven/de.sciss/fingertree_2.12
io.github.iltotore:iron,11,60,Scala,https://github.com/Iltotore/iron,https://github.com/Iltotore/iron,2026-02-16T07:50:23Z,9,,554,2026-07-06T12:52:35.000Z,false,pkg:maven/io.github.iltotore/iron_3
io.vertx:vertx-core,11,24,Java,https://github.com/eclipse/vert.x,https://github.com/eclipse-vertx/vertx5-parent,2026-09-02T02:01:36Z,1264,,14687,2026-08-25T16:10:24.000Z,false,pkg:maven/io.vertx/vertx-core
io.opentracing:opentracing-mock,11,36,Java,https://github.com/opentracing/opentracing-java,https://github.com/opentracing/opentracing-java,2019-05-06T10:57:51Z,295,,1680,2021-10-11T22:23:48.000Z,true,pkg:maven/io.opentracing/opentracing-mock
org.wvlet.airframe:airframe-log,11,154,Scala,https://github.com/wvlet/airframe,https://wvlet.org/airframe,2026-06-17T04:42:46Z,25,,659,2025-09-29T23:09:45.000Z,false,pkg:maven/org.wvlet.airframe/airframe-log_2.13
com.beust:jcommander,11,57,Java,https://github.com/cbeust/jcommander,https://jcommander.org,2022-01-11T04:27:03Z,1256,,2022,2026-04-15T10:41:36.000Z,false,pkg:maven/com.beust/jcommander
org.scalaz:scalaz-core_2.13.0-M3,11,18,Scala,https://github.com/scalaz/scalaz,http://scalaz.org,2018-05-15T15:09:13Z,18,,4673,2026-08-24T22:08:56.000Z,false,pkg:maven/org.scalaz/scalaz-core_2.13.0-M3
com.github.ghik:silencer-lib_2.13.8,11,68,Scala,https://github.com/ghik/silencer,https://github.com/ghik/silencer,2023-06-12T09:56:55Z,339,,253,2025-12-19T16:38:59.000Z,false,pkg:maven/com.github.ghik/silencer-lib_2.13.8
software.amazon.awssdk:auth,11,25,Java,"",https://aws.amazon.com/sdkforjava,2026-04-27T22:27:00Z,112,,2454,2025-09-11T20:36:26.000Z,false,pkg:maven/software.amazon.awssdk/auth
org.bitbucket.inkytonik.kiama:kiama,11,18,Scala,https://github.com/inkytonik/kiama,https://github.com/inkytonik/kiama,2023-07-16T01:31:04Z,11,,34,2022-04-01T03:51:29.000Z,false,pkg:maven/org.bitbucket.inkytonik.kiama/kiama_2.12
com.propensive:contextual,11,34,Scala,https://github.com/propensive/contextual,http://propensive.com/,2019-07-19T10:26:03Z,21,,250,2025-01-26T12:13:13.000Z,true,pkg:maven/com.propensive/contextual_2.12
org.scalameta:munit_3.0.0-M2,11,18,Scala,https://github.com/scalameta/munit,https://github.com/scalameta/munit,2021-01-22T16:26:37Z,20,,472,2026-08-18T22:48:13.000Z,false,pkg:maven/org.scalameta/munit_3.0.0-M2
com.couchbase.client:java-client,11,25,Java,https://github.com/couchbase/couchbase-jvm-clients,https://couchbase.com/java-client,2026-07-29T00:24:06Z,175,,56,2026-08-13T00:35:20.000Z,false,pkg:maven/com.couchbase.client/java-client
com.jolbox:bonecp,11,33,Java,https://github.com/wwadge/bonecp,http://jolbox.com,2013-10-23T11:48:44Z,235,,552,2024-06-03T08:10:42.000Z,true,pkg:maven/com.jolbox/bonecp
org.typelevel:cats-effect_sjs1_3.0.0-RC2,11,12,Scala,https://github.com/typelevel/cats-effect,https://github.com/typelevel/cats-effect,2021-04-20T16:56:14Z,13,,2236,2026-08-28T11:28:14.000Z,false,pkg:maven/org.typelevel/cats-effect_sjs1_3.0.0-RC2
org.scala-js:scalajs-env-nodejs,11,32,Scala,https://github.com/scala-js/scala-js-js-envs,https://github.com/scala-js/scala-js-js-envs,2025-10-13T10:46:03Z,11,,0,2025-09-13T07:54:45.000Z,false,pkg:maven/org.scala-js/scalajs-env-nodejs_2.12
org.apache.spark:spark-unsafe,11,45,Scala,https://github.com/apache/spark,http://spark.apache.org/,2021-05-09T21:08:53Z,34,,43901,2026-08-29T17:53:00.000Z,false,pkg:maven/org.apache.spark/spark-unsafe_2.11
org.codehaus.jackson:jackson-jaxrs,11,35,,"",http://jackson.codehaus.org,2012-11-06T16:29:36Z,703,,,,,pkg:maven/org.codehaus.jackson/jackson-jaxrs
org.glassfish.jersey.core:jersey-server,11,31,Java,https://github.com/eclipse-ee4j/jersey,https://projects.eclipse.org/projects/ee4j.jersey,2026-01-30T13:37:37Z,1227,,730,2026-07-25T22:44:15.000Z,false,pkg:maven/org.glassfish.jersey.core/jersey-server
org.apache.curator:curator-client,11,21,Java,https://github.com/apache/curator,https://curator.apache.org,2025-07-04T05:52:09Z,539,,3172,2026-07-24T14:18:59.000Z,false,pkg:maven/org.apache.curator/curator-client
com.github.sbt:sbt2-compat_2.12_1.0,11,13,Scala,https://github.com/sbt/sbt2-compat,https://github.com/sbt/sbt2-compat,2026-07-24T01:37:24Z,0,,6,2026-08-15T01:34:44.000Z,false,pkg:maven/com.github.sbt/sbt2-compat_2.12_1.0
org.scala-lang.modules:scala-collection-compat_3.0.0-RC1,11,27,Scala,https://github.com/scala/scala-collection-compat,http://www.scala-lang.org/,2021-03-29T22:09:00Z,28,,188,2023-03-18T19:48:50.000Z,false,pkg:maven/org.scala-lang.modules/scala-collection-compat_3.0.0-RC1
com.datadoghq:java-dogstatsd-client,11,35,Java,https://github.com/DataDog/java-dogstatsd-client,https://github.com/DataDog/java-dogstatsd-client,2025-08-21T12:04:31Z,65,,184,2026-08-21T18:17:37.000Z,false,pkg:maven/com.datadoghq/java-dogstatsd-client
org.scodec:scodec-stream,11,32,Scala,https://github.com/scodec/scodec-stream,https://github.com/scodec/scodec-stream,2021-09-07T00:55:48Z,14,,57,2021-10-23T18:21:59.000Z,true,pkg:maven/org.scodec/scodec-stream_2.12
org.elasticsearch:elasticsearch-spark-20,11,15,Java,https://github.com/elastic/elasticsearch-hadoop,http://github.com/elastic/elasticsearch-hadoop,2026-08-13T02:27:33Z,23,,1971,2026-08-21T11:41:45.000Z,false,pkg:maven/org.elasticsearch/elasticsearch-spark-20_2.11
com.google.cloud:google-cloud-pubsub,11,32,Java,https://github.com/googleapis/java-pubsub,https://github.com/googleapis/java-pubsub,2026-04-14T20:19:20Z,125,,142,2025-10-29T03:43:10.000Z,false,pkg:maven/com.google.cloud/google-cloud-pubsub
com.softwaremill.sttp.apispec:jsonschema-circe,11,52,Scala,https://github.com/softwaremill/sttp-apispec,http://softwaremill.com/open-source,2025-06-27T19:44:51Z,4,,24,2026-07-31T00:30:11.000Z,false,pkg:maven/com.softwaremill.sttp.apispec/jsonschema-circe_2.12
org.specs2:specs2-core_2.13.0-M4,11,33,Scala,https://github.com/etorreborre/specs2,http://specs2.org/,2018-08-23T15:19:00Z,35,,734,2026-08-13T17:25:12.000Z,false,pkg:maven/org.specs2/specs2-core_2.13.0-M4
dev.zio:zio-test-junit,11,18,Scala,https://github.com/zio/zio,https://zio.dev,2026-05-07T00:24:26Z,8,,4407,2026-08-22T01:12:38.000Z,false,pkg:maven/dev.zio/zio-test-junit_2.13
com.github.swagger-akka-http:swagger-scala-module,11,25,Scala,https://github.com/swagger-akka-http/swagger-scala-module,https://github.com/swagger-akka-http/swagger-scala-module,2026-03-11T02:10:12Z,10,,11,2025-10-19T20:32:17.000Z,false,pkg:maven/com.github.swagger-akka-http/swagger-scala-module_2.12
com.fasterxml.jackson.dataformat:jackson-dataformat-xml,11,44,Java,https://github.com/FasterXML/jackson-dataformat-xml,https://github.com/FasterXML/jackson-dataformat-xml,2026-08-17T02:23:14Z,1903,,628,2026-08-03T21:56:20.000Z,false,pkg:maven/com.fasterxml.jackson.dataformat/jackson-dataformat-xml
org.squeryl:squeryl,11,18,Scala,https://github.com/squeryl/squeryl,https://squeryl.org,2024-12-13T00:35:56Z,6,,587,2025-10-03T23:43:34.000Z,false,pkg:maven/org.squeryl/squeryl_2.11
com.twitter:chill-bijection,11,36,Scala,https://github.com/twitter/chill,https://github.com/twitter/chill,2019-11-19T02:11:32Z,20,,616,2024-08-19T21:32:21.000Z,false,pkg:maven/com.twitter/chill-bijection_2.10
com.softwaremill.sttp.tapir:tapir-apispec-docs,11,37,Scala,https://github.com/softwaremill/tapir,http://softwaremill.com/open-source,2026-08-08T02:31:06Z,2,,1469,2026-08-23T00:48:32.000Z,false,pkg:maven/com.softwaremill.sttp.tapir/tapir-apispec-docs_2.12
com.typesafe.play:play-json-joda,11,28,Scala,https://github.com/playframework/play-json,https://github.com/playframework/play-json,2025-10-10T10:25:20Z,12,,375,2026-08-22T00:16:11.000Z,false,pkg:maven/com.typesafe.play/play-json-joda_2.12
com.ironcorelabs:cats-scalatest,11,26,Scala,https://github.com/IronCoreLabs/cats-scalatest,http://github.com/ironcorelabs/cats-scalatest,2020-11-30T18:36:06Z,15,,59,2023-02-24T16:13:25.000Z,false,pkg:maven/com.ironcorelabs/cats-scalatest_2.12
org.snakeyaml:snakeyaml-engine,11,33,,https://codeberg.org/snakeyaml/snakeyaml-engine,https://codeberg.org/snakeyaml/snakeyaml-engine,2026-08-08T02:26:18Z,86,,,,,pkg:maven/org.snakeyaml/snakeyaml-engine
org.elasticsearch.client:elasticsearch-rest-client,11,29,Java,https://github.com/elastic/elasticsearch,https://github.com/elastic/elasticsearch,2026-08-21T02:20:23Z,643,,77850,2026-08-22T10:05:29.000Z,false,pkg:maven/org.elasticsearch.client/elasticsearch-rest-client
org.mongodb:mongodb-driver,11,77,Java,https://github.com/mongodb/mongo-java-driver,http://www.mongodb.org,2023-06-07T08:28:38Z,360,,2659,2026-08-18T22:25:13.000Z,false,pkg:maven/org.mongodb/mongodb-driver
org.jmock:jmock-junit4,11,45,Java,https://github.com/jmock-developers/jmock-library,http://nexus.sonatype.org/oss-repository-hosting.html,2024-03-16T14:25:51Z,805,,138,2025-09-16T23:09:01.000Z,false,pkg:maven/org.jmock/jmock-junit4
net.liftweb:lift-record,11,36,Scala,https://github.com/lift/framework,http://www.liftweb.net,2021-10-08T15:03:55Z,20,,1284,2026-07-26T11:58:58.000Z,false,pkg:maven/net.liftweb/lift-record_2.11
org.typelevel:cats-effect_sjs1_3.0.0-RC1,11,12,Scala,https://github.com/typelevel/cats-effect,https://github.com/typelevel/cats-effect,2021-04-10T17:58:45Z,13,,2236,2026-08-28T11:28:14.000Z,false,pkg:maven/org.typelevel/cats-effect_sjs1_3.0.0-RC1
org.apache.hadoop:hadoop-auth,11,34,,"",,2026-03-24T16:56:08Z,357,,,,,pkg:maven/org.apache.hadoop/hadoop-auth
com.softwaremill.sttp.client3:async-http-client-backend-zio,11,37,Scala,https://github.com/softwaremill/sttp,http://softwaremill.com/open-source,2025-04-09T16:08:31Z,28,,1503,2026-08-24T00:53:26.000Z,false,pkg:maven/com.softwaremill.sttp.client3/async-http-client-backend-zio_2.13
com.twitter:util-app,11,75,Scala,https://github.com/twitter/util,https://github.com/twitter/util,2021-02-10T23:36:22Z,28,,2721,2025-10-15T23:12:16.000Z,false,pkg:maven/com.twitter/util-app_2.11
com.sun.jersey:jersey-json,11,25,,https://github.com/sonatype/jvnet-parent,https://jersey.java.net/,2017-05-24T15:53:12Z,662,,,,,pkg:maven/com.sun.jersey/jersey-json
org.codehaus.woodstox:woodstox-core-asl,11,31,,http://xircles.codehaus.org/projects/woodstox/repos/primary/repo,http://woodstox.codehaus.org,2014-09-12T01:48:17Z,590,,,,,pkg:maven/org.codehaus.woodstox/woodstox-core-asl
org.scala-lang.modules:scala-xml_2.13.0-M2,11,14,Scala,https://github.com/scala/scala-xml,http://www.scala-lang.org/,2017-07-21T12:51:51Z,19,,278,2023-03-18T19:50:24.000Z,false,pkg:maven/org.scala-lang.modules/scala-xml_2.13.0-M2
org.scalacheck:scalacheck_sjs0.6_2.13.0-RC3,11,22,Scala,https://github.com/rickynils/scalacheck,http://www.scalacheck.org,2019-05-29T21:45:44Z,23,,1858,2023-03-17T01:15:47.000Z,false,pkg:maven/org.scalacheck/scalacheck_sjs0.6_2.13.0-RC3
com.sun.jersey:jersey-core,11,52,,"",https://jersey.java.net/,2017-05-24T15:50:04Z,808,,,,,pkg:maven/com.sun.jersey/jersey-core
com.itextpdf:itextpdf,11,29,Java,https://github.com/itext/itextpdf,http://itextpdf.com,2018-01-26T15:25:43Z,343,,1675,2026-07-27T07:55:32.000Z,false,pkg:maven/com.itextpdf/itextpdf
org.scalacheck:scalacheck_3.0.0-M1,11,18,Scala,https://github.com/typelevel/scalacheck,http://www.scalacheck.org,2020-11-06T08:07:26Z,19,,1966,2026-07-27T18:48:22.000Z,false,pkg:maven/org.scalacheck/scalacheck_3.0.0-M1
io.github.sbt-doctest:doctest-runtime,11,186,Scala,https://github.com/sbt-doctest/sbt-doctest,https://github.com/sbt-doctest/sbt-doctest/,2026-07-19T02:16:10Z,0,,189,2026-08-21T12:10:41.000Z,false,pkg:maven/io.github.sbt-doctest/doctest-runtime_2.12
org.scalaz:scalaz-core_2.9.1,11,17,,"",,2012-01-22T02:23:20Z,35,,,,,pkg:maven/org.scalaz/scalaz-core_2.9.1
org.hibernate:hibernate-entitymanager,11,48,Java,https://github.com/hibernate/hibernate-orm,http://hibernate.org/orm,2021-08-04T13:48:53Z,2421,,6463,2026-08-23T00:24:14.000Z,false,pkg:maven/org.hibernate/hibernate-entitymanager
nl.grons:metrics-scala,11,21,Scala,https://github.com/erikvanoosten/metrics-scala,https://github.com/erikvanoosten/metrics-scala,2018-01-07T07:55:39Z,17,,427,2025-09-27T06:52:47.000Z,false,pkg:maven/nl.grons/metrics-scala_2.11
org.immutables:value,11,27,Java,https://github.com/immutables/immutables,https://github.com/immutables/immutables/tree/value,2026-01-06T20:05:43Z,1147,,3524,2025-10-06T19:37:40.000Z,false,pkg:maven/org.immutables/value
org.scalaz:scalaz-core_sjs0.6_2.13.0-RC1,11,17,Scala,https://github.com/scalaz/scalaz,http://scalaz.org,2019-04-06T05:02:05Z,21,,4673,2026-08-24T22:08:56.000Z,false,pkg:maven/org.scalaz/scalaz-core_sjs0.6_2.13.0-RC1
org.typelevel:cats-core_3.0.0-M1,11,20,Scala,https://github.com/typelevel/cats,https://github.com/typelevel/cats,2020-11-26T03:36:43Z,21,,5456,2026-08-21T12:13:32.000Z,false,pkg:maven/org.typelevel/cats-core_3.0.0-M1
com.twitter:finagle-serversets,11,59,Scala,https://github.com/twitter/finagle,https://github.com/twitter/finagle,2021-02-11T00:09:16Z,44,,8864,2026-08-13T18:10:51.000Z,false,pkg:maven/com.twitter/finagle-serversets_2.11
io.fabric8:kubernetes-client,11,26,Java,https://github.com/fabric8io/kubernetes-client,https://github.com/fabric8io/kubernetes-client,2026-06-29T09:25:59Z,437,,3669,2026-08-11T09:30:36.000Z,false,pkg:maven/io.fabric8/kubernetes-client
org.typelevel:scalacheck-effect,11,46,Scala,https://github.com/typelevel/scalacheck-effect,https://github.com/typelevel/scalacheck-effect,2026-03-09T08:28:16Z,10,,82,2026-07-27T20:53:50.000Z,false,pkg:maven/org.typelevel/scalacheck-effect_2.12
net.databinder.dispatch:dispatch-json4s-native,11,21,Scala,https://github.com/dispatch/reboot,http://dispatch.databinder.net/,2017-07-03T22:33:52Z,13,,430,2023-02-02T15:22:17.000Z,false,pkg:maven/net.databinder.dispatch/dispatch-json4s-native_2.10
org.codehaus.groovy:groovy,11,33,Java,https://github.com/apache/groovy,https://groovy-lang.org,2025-05-27T03:32:34Z,2432,,5463,2026-08-29T20:10:07.000Z,false,pkg:maven/org.codehaus.groovy/groovy
org.osgi:org.osgi.core,11,139,,private,http://www.osgi.org,2014-07-30T03:47:51Z,5731,,,,,pkg:maven/org.osgi/org.osgi.core
org.codehaus.groovy:groovy-all,11,64,Java,https://github.com/apache/groovy,https://groovy-lang.org,2025-05-27T03:33:19Z,3426,,5466,2026-09-02T01:01:07.000Z,false,pkg:maven/org.codehaus.groovy/groovy-all
org.scalameta:munit_sjs1_3.0.0-RC1,11,15,Scala,https://github.com/scalameta/munit,https://github.com/scalameta/munit,2021-03-29T16:16:54Z,18,,472,2026-08-18T22:48:13.000Z,false,pkg:maven/org.scalameta/munit_sjs1_3.0.0-RC1
de.sciss:filecache-txn,11,20,,git@git.iem.at:sciss/FileCache.git,https://git.iem.at/sciss/FileCache,2019-04-21T13:23:48Z,7,,,,,pkg:maven/de.sciss/filecache-txn_2.11
com.fasterxml.jackson.datatype:jackson-datatype-guava,11,63,Java,https://github.com/FasterXML/jackson-datatypes-collections,https://github.com/FasterXML/jackson-datatypes-collections,2026-08-17T02:23:13Z,1392,,90,2026-08-15T00:44:01.000Z,false,pkg:maven/com.fasterxml.jackson.datatype/jackson-datatype-guava
com.github.julien-truffaut:monocle-generic,11,45,,https://github.com/julien-truffaut/Monocle,https://github.com/julien-truffaut/Monocle,2018-01-03T09:35:45Z,14,,,,,pkg:maven/com.github.julien-truffaut/monocle-generic_2.11
com.amazonaws:aws-java-sdk-cloudwatch,11,27,,https://github.com/aws/aws-sdk-java,https://aws.amazon.com/sdkforjava,2025-12-30T03:58:56Z,166,,3992,2023-08-28T21:06:40.000Z,false,pkg:maven/com.amazonaws/aws-java-sdk-cloudwatch
org.slf4s:slf4s-api,11,28,Scala,https://github.com/mattroberts297/slf4s,http://slf4s.org/,2017-04-12T19:58:41Z,25,,15,2019-06-17T17:35:21.000Z,false,pkg:maven/org.slf4s/slf4s-api_2.11
dev.zio:zio_3.0.0-RC3,11,14,Scala,https://github.com/zio/zio,https://zio.dev,2021-04-23T04:25:16Z,16,,4407,2026-08-22T01:12:38.000Z,false,pkg:maven/dev.zio/zio_3.0.0-RC3
org.apache.spark:spark-streaming-kafka,11,15,Scala,https://github.com/apache/spark,http://spark.apache.org/,2016-11-02T23:53:18Z,39,,43858,2026-08-22T16:18:18.000Z,false,pkg:maven/org.apache.spark/spark-streaming-kafka_2.10
org.bdgenomics.adam:adam-core-spark2,11,36,Scala,https://github.com/bigdatagenomics/adam,http://bdgenomics.org/,2020-12-16T20:01:19Z,25,,1056,2026-03-17T20:10:53.000Z,false,pkg:maven/org.bdgenomics.adam/adam-core-spark2_2.11
org.jfree:jfreechart,11,26,Java,https://github.com/jfree/jfreechart,https://www.jfree.org/jfreechart/,2025-05-21T16:22:54Z,399,,1296,2025-06-07T16:30:39.000Z,false,pkg:maven/org.jfree/jfreechart
de.sciss:soundprocesses-compiler,11,20,"",https://codeberg.org/sciss/SoundProcesses,https://codeberg.org/sciss/SoundProcesses,2025-03-17T00:22:55Z,7,,0,,false,pkg:maven/de.sciss/soundprocesses-compiler_2.12
org.apache.zeppelin:zeppelin-interpreter,11,12,,https://git-wip-us.apache.org/repos/asf/zeppelin.git,https://zeppelin.apache.org,2026-05-23T14:39:28Z,58,,,,,pkg:maven/org.apache.zeppelin/zeppelin-interpreter
org.specs2:specs2-core_2.13.0-RC1,11,30,Scala,https://github.com/etorreborre/specs2,http://specs2.org/,2019-04-07T10:39:16Z,35,,734,2026-08-13T17:25:12.000Z,false,pkg:maven/org.specs2/specs2-core_2.13.0-RC1
org.bdgenomics.bdg-formats:bdg-formats,11,42,Shell,https://github.com/bigdatagenomics/bdg-formats,https://github.com/bigdatagenomics/bdg-formats,2024-10-23T00:18:53Z,54,,43,2026-02-13T21:19:03.000Z,false,pkg:maven/org.bdgenomics.bdg-formats/bdg-formats
org.antlr:ST4,11,114,Java,https://github.com/antlr/stringtemplate4,http://nexus.sonatype.org/oss-repository-hosting.html,2022-09-02T21:22:02Z,477,,999,2025-05-14T20:52:32.000Z,false,pkg:maven/org.antlr/ST4
com.amazonaws:amazon-kinesis-client,11,25,Java,https://github.com/awslabs/amazon-kinesis-client,https://aws.amazon.com/kinesis,2025-05-28T01:04:07Z,76,,667,2026-08-24T13:57:07.000Z,false,pkg:maven/com.amazonaws/amazon-kinesis-client
org.mockito:mockito-inline,11,30,Java,https://github.com/mockito/mockito,https://github.com/mockito/mockito,2023-03-09T19:37:45Z,1421,,15447,2026-08-10T18:54:33.000Z,false,pkg:maven/org.mockito/mockito-inline
org.apache.arrow:arrow-memory-netty,11,20,Java,https://github.com/apache/arrow-java,https://arrow.apache.org/,2026-03-12T12:26:29Z,65,,93,2026-08-14T01:57:43.000Z,false,pkg:maven/org.apache.arrow/arrow-memory-netty
org.playframework.anorm:anorm,11,53,Scala,https://github.com/playframework/anorm,https://playframework.github.io/anorm,2026-06-14T13:41:53Z,15,,254,2026-08-21T19:25:08.000Z,false,pkg:maven/org.playframework.anorm/anorm_2.13
io.netty:netty-codec-http2,11,29,Java,https://github.com/netty/netty,http://netty.io/,2026-08-07T02:11:42Z,556,,35033,2026-08-25T17:14:11.000Z,false,pkg:maven/io.netty/netty-codec-http2
de.svenkubiak:jBCrypt,11,22,Java,https://github.com/svenkubiak/jBCrypt,http://www.mindrot.org/projects/jBCrypt,2020-12-07T06:23:37Z,53,,28,2022-02-09T10:11:57.000Z,true,pkg:maven/de.svenkubiak/jBCrypt
org.ow2.asm:asm-util,11,39,,https://gitlab.ow2.org/asm/asm/,http://asm.ow2.io/,2026-05-23T13:17:36Z,924,,47,,,pkg:maven/org.ow2.asm/asm-util
org.awaitility:awaitility,11,57,Java,https://github.com/awaitility/awaitility,http://awaitility.org,2025-02-21T12:37:22Z,2994,,4020,2026-04-17T11:01:24.000Z,false,pkg:maven/org.awaitility/awaitility
com.fasterxml.jackson.module:jackson-module-paranamer,11,49,Java,https://github.com/FasterXML/jackson-modules-base,https://github.com/FasterXML/jackson-modules-base,2026-08-17T02:23:34Z,206,,180,2026-08-02T17:05:58.000Z,false,pkg:maven/com.fasterxml.jackson.module/jackson-module-paranamer
org.eclipse.jetty:jetty-security,11,19,Java,https://github.com/jetty/jetty.project,https://jetty.org,2026-08-06T02:29:54Z,808,,4092,2026-09-01T14:20:17.000Z,false,pkg:maven/org.eclipse.jetty/jetty-security
com.sun.jersey:jersey-client,11,23,,"",https://jersey.java.net/,2017-05-24T15:54:55Z,1137,,,,,pkg:maven/com.sun.jersey/jersey-client
io.circe:circe-fs2,11,22,Scala,https://github.com/circe/circe-fs2,https://github.com/circe/circe-fs2,2023-01-30T22:56:13Z,13,,147,2023-02-14T14:19:00.000Z,false,pkg:maven/io.circe/circe-fs2_2.13
org.typelevel:machinist,11,137,Scala,https://github.com/typelevel/machinist,http://github.com/typelevel/machinist,2019-05-24T06:32:40Z,51,,188,2019-12-17T20:05:33.000Z,true,pkg:maven/org.typelevel/machinist_2.11
org.scalacheck:scalacheck_2.12.0-RC2,11,21,Scala,https://github.com/rickynils/scalacheck,http://www.scalacheck.org,2016-10-19T21:12:16Z,31,,1858,2023-03-17T01:15:47.000Z,false,pkg:maven/org.scalacheck/scalacheck_2.12.0-RC2
com.ning:compress-lzf,10,32,Java,https://github.com/ning/compress,https://github.com/ning/compress,2026-08-03T00:10:13Z,254,,257,2026-01-26T18:52:23.000Z,false,pkg:maven/com.ning/compress-lzf
org.scalacheck:scalacheck_sjs0.6_2.13.0-M3,10,12,Scala,https://github.com/rickynils/scalacheck,http://www.scalacheck.org,2018-04-22T20:24:10Z,14,,1858,2023-03-17T01:15:47.000Z,false,pkg:maven/org.scalacheck/scalacheck_sjs0.6_2.13.0-M3
com.github.ghik:silencer-lib_2.13.4,10,29,Scala,https://github.com/ghik/silencer,https://github.com/ghik/silencer,2023-06-12T09:56:51Z,145,,253,2025-12-19T16:38:59.000Z,false,pkg:maven/com.github.ghik/silencer-lib_2.13.4
de.sciss:raphael-icons,10,16,,git@git.iem.at:sciss/RaphaelIcons.git,https://git.iem.at/sciss/RaphaelIcons,2019-04-21T10:09:06Z,6,,,,,pkg:maven/de.sciss/raphael-icons_2.11
com.sksamuel.exts:exts,10,257,Scala,https://github.com/sksamuel/exts,https://github.com/sksamuel/exts,2019-06-15T04:54:21Z,112,,7,2021-12-12T21:58:38.000Z,true,pkg:maven/com.sksamuel.exts/exts_2.13
org.codehaus.jackson:jackson-xc,10,62,,"",http://jackson.codehaus.org,2012-11-06T16:30:17Z,530,,,,,pkg:maven/org.codehaus.jackson/jackson-xc
com.softwaremill.sttp:circe,10,13,,https://github.com/softwaremill/circe,http://softwaremill.com/open-source,2019-10-14T08:27:50Z,13,,,,,pkg:maven/com.softwaremill.sttp/circe_2.12
com.softwaremill.tapir:tapir-core,10,24,,https://github.com/softwaremill/tapir-core,http://softwaremill.com/open-source,2020-04-16T14:37:34Z,10,,,,,pkg:maven/com.softwaremill.tapir/tapir-core_2.12
de.ruedigermoeller:fst,10,25,Java,https://github.com/RuedigerMoeller/fast-serialization,http://ruedigermoeller.github.io/fast-serialization/,2021-06-05T10:04:29Z,309,,1595,2023-06-30T08:15:18.000Z,false,pkg:maven/de.ruedigermoeller/fst
org.ekrich:sconfig,10,40,Scala,https://github.com/ekrich/sconfig,https://github.com/ekrich/sconfig,2026-06-18T14:54:34Z,7,,135,2026-08-26T17:59:14.000Z,false,pkg:maven/org.ekrich/sconfig_2.13
org.scalatest:scalatest_2.12.0-M3,10,38,Scala,https://github.com/scalatest/scalatest,http://www.scalatest.org,2015-11-18T02:12:57Z,46,,1167,2026-08-21T10:07:44.000Z,false,pkg:maven/org.scalatest/scalatest_2.12.0-M3
de.leanovate.play-mockws:play-mockws,10,18,Scala,https://github.com/leanovate/play-mockws,https://github.com/leanovate/play-mockws,2019-07-22T09:59:06Z,9,,141,2026-08-23T14:37:56.000Z,false,pkg:maven/de.leanovate.play-mockws/play-mockws_2.11
net.liftweb:lift-json_2.9.2,10,15,Scala,https://github.com/lift/framework,http://www.liftweb.net,2016-01-31T05:06:00Z,25,,1284,2026-07-26T11:58:58.000Z,false,pkg:maven/net.liftweb/lift-json_2.9.2
io.zipkin.brave:brave,10,22,Java,https://github.com/openzipkin/brave,https://github.com/openzipkin/brave/brave,2026-03-24T22:28:57Z,230,,2406,2026-03-25T19:20:55.000Z,false,pkg:maven/io.zipkin.brave/brave
com.alibaba:druid,10,13,Java,https://github.com/alibaba/druid,https://github.com/alibaba/druid,2026-03-10T03:21:03Z,1329,,28182,2026-08-01T11:32:54.000Z,false,pkg:maven/com.alibaba/druid
org.apache.lucene:lucene-highlighter,10,24,,https://gitbox.apache.org/repos/asf?p=lucene.git,https://lucene.apache.org/,2026-08-13T02:26:32Z,277,,,,,pkg:maven/org.apache.lucene/lucene-highlighter
io.youi:youi-client,10,28,Scala,https://github.com/outr/youi,https://github.com/outr/youi,2021-11-28T22:16:20Z,14,,212,2025-07-27T00:07:18.000Z,false,pkg:maven/io.youi/youi-client_2.12
com.twitter:chill-java,10,48,Scala,https://github.com/twitter/chill,https://github.com/twitter/chill,2021-06-04T22:07:13Z,111,,616,2024-08-19T21:32:21.000Z,false,pkg:maven/com.twitter/chill-java
net.databinder:unfiltered-jetty,10,45,Scala,https://github.com/unfiltered/unfiltered,http://unfiltered.databinder.net/,2015-01-12T00:30:38Z,40,,709,2026-08-31T23:25:32.000Z,false,pkg:maven/net.databinder/unfiltered-jetty_2.10
io.dropwizard.metrics:metrics-jmx,10,34,Java,https://github.com/dropwizard/metrics,https://metrics.dropwizard.io,2026-08-30T01:58:40Z,359,,7845,2026-08-03T15:05:04.000Z,false,pkg:maven/io.dropwizard.metrics/metrics-jmx
com.github.sbt:sbt2-compat_sbt2,10,10,Scala,https://github.com/sbt/sbt2-compat,https://github.com/sbt/sbt2-compat,2026-07-24T01:37:24Z,0,,7,2026-08-15T01:34:44.000Z,false,pkg:maven/com.github.sbt/sbt2-compat_sbt2_3
com.github.ghik:silencer-lib_2.13.6,10,76,Scala,https://github.com/ghik/silencer,https://github.com/ghik/silencer,2023-06-12T09:56:56Z,239,,253,2025-12-19T16:38:59.000Z,false,pkg:maven/com.github.ghik/silencer-lib_2.13.6
com.fasterxml:aalto-xml,10,55,Java,https://github.com/FasterXML/aalto-xml,https://github.com/FasterXML/aalto-xml,2026-05-19T16:58:29Z,192,,306,2026-06-22T10:13:09.000Z,false,pkg:maven/com.fasterxml/aalto-xml
com.fasterxml.jackson.dataformat:jackson-dataformat-smile,10,26,Java,https://github.com/FasterXML/jackson-dataformats-binary,https://github.com/FasterXML/jackson-dataformats-binary,2026-08-17T02:23:13Z,675,,347,2026-08-24T14:33:02.000Z,false,pkg:maven/com.fasterxml.jackson.dataformat/jackson-dataformat-smile
org.scalaz:scalaz-core_2.12.0-M3,10,17,Scala,https://github.com/scalaz/scalaz,http://scalaz.org,2016-05-21T08:19:56Z,17,,4673,2026-08-24T22:08:56.000Z,false,pkg:maven/org.scalaz/scalaz-core_2.12.0-M3
io.kamon:kanela-agent,10,108,Java,https://github.com/kamon-io/kanela,https://github.com/kamon-io/kanela,2025-11-21T00:15:37Z,119,,70,2026-01-21T08:36:54.000Z,false,pkg:maven/io.kamon/kanela-agent
org.hammerlab.genomics:reference,10,11,Scala,https://github.com/hammerlab/genomic-reference,https://github.com/hammerlab/genomic-reference,2018-06-16T22:16:49Z,6,,0,2018-06-16T22:47:48.000Z,false,pkg:maven/org.hammerlab.genomics/reference_2.11
org.apache.xbean:xbean-asm6-shaded,10,26,,http://svn.apache.org/viewvc/geronimo/xbean/tags/xbean-4.10,http://geronimo.apache.org/maven/xbean/4.10,2018-09-26T08:04:29Z,55,,,,,pkg:maven/org.apache.xbean/xbean-asm6-shaded
org.junit.jupiter:junit-jupiter-params,10,25,Java,https://github.com/junit-team/junit-framework,https://junit.org/,2026-08-08T02:31:43Z,4914,,7041,2026-08-26T21:49:43.000Z,false,pkg:maven/org.junit.jupiter/junit-jupiter-params
com.beachape:enumeratum-play-json,10,31,Scala,https://github.com/lloydmeta/enumeratum,https://github.com/lloydmeta/enumeratum,2026-03-28T14:14:15Z,12,,1211,2025-10-01T10:02:34.000Z,false,pkg:maven/com.beachape/enumeratum-play-json_2.12
org.antlr:stringtemplate,10,35,,http://fisheye2.cenqua.com/browse/stringtemplate,http://www.stringtemplate.org,2011-05-19T17:14:50Z,348,,,,,pkg:maven/org.antlr/stringtemplate
com.dimafeng:testcontainers-scala-munit,10,22,Scala,https://github.com/testcontainers/testcontainers-scala,https://github.com/testcontainers/testcontainers-scala,2025-12-23T02:42:37Z,8,,661,2025-11-27T15:31:06.000Z,false,pkg:maven/com.dimafeng/testcontainers-scala-munit_2.13
com.snowplowanalytics:iglu-scala-client,10,22,Scala,https://github.com/snowplow/iglu-scala-client-private,http://snowplowanalytics.com,2026-03-25T13:14:33Z,8,,6,2023-03-21T13:42:56.000Z,false,pkg:maven/com.snowplowanalytics/iglu-scala-client_2.12
org.hammerlab:spark-util,10,17,Scala,https://github.com/hammerlab/spark-util,https://github.com/hammerlab/spark-util,2018-12-29T00:04:58Z,12,,16,2018-12-29T00:18:51.000Z,false,pkg:maven/org.hammerlab/spark-util_2.11
org.roaringbitmap:RoaringBitmap,10,37,Java,https://github.com/RoaringBitmap/RoaringBitmap,https://github.com/RoaringBitmap/RoaringBitmap,2026-08-07T02:23:40Z,178,,3759,2025-10-27T20:47:55.000Z,false,pkg:maven/org.roaringbitmap/RoaringBitmap
org.scala-lang.modules:scala-parser-combinators_2.13.0-RC1,10,13,Scala,https://github.com/scala/scala-parser-combinators,http://www.scala-lang.org/,2019-04-05T21:57:23Z,13,,678,2026-08-21T23:17:48.000Z,false,pkg:maven/org.scala-lang.modules/scala-parser-combinators_2.13.0-RC1
org.junit.vintage:junit-vintage-engine,10,162,Java,https://github.com/junit-team/junit-framework,https://junit.org/,2026-08-08T02:31:51Z,3618,,7041,2026-08-26T21:49:43.000Z,false,pkg:maven/org.junit.vintage/junit-vintage-engine
com.mohiva:play-silhouette,10,32,Scala,https://github.com/mohiva/play-silhouette,http://www.silhouette.rocks/,2020-02-27T16:32:16Z,14,,825,2021-09-12T11:54:29.000Z,true,pkg:maven/com.mohiva/play-silhouette_2.12
org.openjfx:javafx-base,10,35,C++,https://github.com/openjdk/jfx,https://openjdk.java.net/projects/openjfx/,2026-07-22T02:20:51Z,414,,3279,2026-08-19T01:18:48.000Z,false,pkg:maven/org.openjfx/javafx-base
org.slf4j:slf4j-reload4j,10,66,Java,https://github.com/qos-ch/slf4j,http://reload4j.qos.ch,2026-05-12T18:34:08Z,366,,2520,2026-08-25T14:57:33.000Z,false,pkg:maven/org.slf4j/slf4j-reload4j
org.specs2:specs2-core_2.12.0-RC2,10,20,Scala,https://github.com/etorreborre/specs2,http://specs2.org/,2016-10-18T08:29:40Z,22,,734,2026-08-13T17:25:12.000Z,false,pkg:maven/org.specs2/specs2-core_2.12.0-RC2
org.bdgenomics.utils:utils-misc,10,50,Scala,https://github.com/bigdatagenomics/utils,http://bdgenomics.org/,2017-03-21T16:17:10Z,27,,18,2026-03-17T20:17:16.000Z,false,pkg:maven/org.bdgenomics.utils/utils-misc_2.11
com.datastax.cassandra:cassandra-driver-extras,10,20,Java,https://github.com/datastax/java-driver,https://github.com/datastax/java-driver,2023-09-06T16:45:25Z,79,,1375,2025-07-15T04:56:32.000Z,false,pkg:maven/com.datastax.cassandra/cassandra-driver-extras
org.datanucleus:datanucleus-core,10,29,Java,https://github.com/datanucleus/datanucleus-core,http://www.datanucleus.org/#,2025-04-26T13:13:59Z,210,,125,2026-08-13T18:49:23.000Z,false,pkg:maven/org.datanucleus/datanucleus-core
com.typesafe.akka:akka-protobuf-v3,10,31,Scala,https://github.com/akka/akka,https://akka.io/,2024-10-28T08:37:38Z,21,,12644,2023-03-21T16:09:37.000Z,false,pkg:maven/com.typesafe.akka/akka-protobuf-v3_2.13
com.whisk:docker-testkit-impl-docker-java,10,39,Scala,https://github.com/whisklabs/docker-it-scala,https://github.com/whisklabs/docker-it-scala,2019-06-23T16:22:40Z,22,,431,2022-10-17T08:47:14.000Z,false,pkg:maven/com.whisk/docker-testkit-impl-docker-java_2.13
com.googlecode.juniversalchardet:juniversalchardet,10,33,,http://code.google.com/p/juniversalchardet/source/browse/,http://juniversalchardet.googlecode.com/,2011-09-19T17:38:24Z,169,,,,,pkg:maven/com.googlecode.juniversalchardet/juniversalchardet
org.bouncycastle:bcprov-jdk15to18,10,18,Java,https://github.com/bcgit/bc-java,https://www.bouncycastle.org/download/bouncy-castle-java/,2026-08-08T02:12:41Z,187,,2680,2026-08-11T01:24:50.000Z,false,pkg:maven/org.bouncycastle/bcprov-jdk15to18
com.lihaoyi:utest_2.13.0-RC1,10,22,,https://github.com/lihaoyi/utest,https://github.com/lihaoyi/utest,2019-04-08T13:53:13Z,23,,,,,pkg:maven/com.lihaoyi/utest_2.13.0-RC1
org.mongodb:casbah-core,10,30,Scala,https://github.com/mongodb/casbah,http://github.com/mongodb/casbah,2016-03-01T14:34:57Z,15,,513,2022-01-20T16:56:00.000Z,true,pkg:maven/org.mongodb/casbah-core_2.10
com.lightbend.akka:akka-stream-alpakka-cassandra,10,16,Scala,https://github.com/akka/alpakka,https://doc.akka.io/docs/alpakka/current,2023-08-09T09:14:21Z,6,,1249,2023-03-08T17:31:54.000Z,false,pkg:maven/com.lightbend.akka/akka-stream-alpakka-cassandra_2.12
io.opentracing:opentracing-util,10,23,Java,https://github.com/opentracing/opentracing-java,https://github.com/opentracing/opentracing-java,2019-05-06T10:58:50Z,417,,1680,2021-10-11T22:23:48.000Z,true,pkg:maven/io.opentracing/opentracing-util
io.spray:spray-caching,10,18,Scala,https://github.com/spray/spray,http://spray.io,2016-09-30T13:10:06Z,15,,2493,2017-02-21T11:03:37.000Z,true,pkg:maven/io.spray/spray-caching_2.11
com.softwaremill.sttp.client3:async-http-client-backend-cats,10,25,Scala,https://github.com/softwaremill/sttp,http://softwaremill.com/open-source,2025-04-09T16:07:28Z,22,,1503,2026-08-24T00:53:26.000Z,false,pkg:maven/com.softwaremill.sttp.client3/async-http-client-backend-cats_2.13
org.apache.activemq:activemq-broker,10,48,Java,https://github.com/apache/activemq,http://activemq.apache.org,2026-08-11T01:58:33Z,537,,2451,2026-08-21T16:12:06.000Z,false,pkg:maven/org.apache.activemq/activemq-broker
tech.mlsql:common-utils,10,23,Java,https://github.com/allwefantasy/common-utils,https://github.com/allwefantasy/common-utils,2020-09-02T09:21:59Z,18,,5,2023-08-22T02:23:10.000Z,false,pkg:maven/tech.mlsql/common-utils_2.11
com.github.swagger-akka-http:swagger-akka-http,10,18,Scala,https://github.com/swagger-akka-http/swagger-akka-http,https://github.com/swagger-akka-http/swagger-akka-http,2023-06-15T08:53:24Z,13,,278,2023-10-17T08:14:58.000Z,false,pkg:maven/com.github.swagger-akka-http/swagger-akka-http_2.12
com.github.seratch:awscala,10,17,Scala,https://github.com/seratch/awscala,https://github.com/seratch/awscala,2019-11-18T06:36:40Z,9,,733,2023-06-13T10:47:07.000Z,true,pkg:maven/com.github.seratch/awscala_2.11
com.softwaremill.sttp.tapir:tapir-zio,10,37,Scala,https://github.com/softwaremill/tapir,http://softwaremill.com/open-source,2026-08-08T02:36:11Z,9,,1468,2026-08-11T12:26:38.000Z,false,pkg:maven/com.softwaremill.sttp.tapir/tapir-zio_2.12
com.softwaremill.sttp.tapir:tapir-openapi-circe-yaml,10,13,Scala,https://github.com/softwaremill/tapir,http://softwaremill.com/open-source,2022-05-18T07:51:05Z,14,,1468,2026-08-11T12:26:38.000Z,false,pkg:maven/com.softwaremill.sttp.tapir/tapir-openapi-circe-yaml_2.12
org.apache.commons:commons-math,10,32,,http://svn.apache.org/viewvc/commons/proper/math/trunk,http://commons.apache.org/math/,2011-02-26T18:24:44Z,402,,,,,pkg:maven/org.apache.commons/commons-math
com.googlecode.libphonenumber:libphonenumber,10,18,C++,https://github.com/google/libphonenumber,https://github.com/google/libphonenumber/,2026-08-27T00:43:26Z,187,,18224,2026-08-13T10:38:43.000Z,false,pkg:maven/com.googlecode.libphonenumber/libphonenumber
com.typesafe.akka:akka-coordination,10,26,Scala,https://github.com/akka/akka,https://akka.io/,2024-10-28T08:37:41Z,20,,13205,2025-08-18T13:16:57.000Z,false,pkg:maven/com.typesafe.akka/akka-coordination_2.13
org.typelevel:munit-cats-effect-2,10,67,Scala,https://github.com/typelevel/munit-cats-effect,https://github.com/typelevel/munit-cats-effect,2021-12-05T17:44:29Z,57,,159,2026-08-02T05:31:52.000Z,false,pkg:maven/org.typelevel/munit-cats-effect-2_2.13
com.softwaremill.sttp.apispec:openapi-circe-yaml,10,26,Scala,https://github.com/softwaremill/sttp-apispec,http://softwaremill.com/open-source,2025-06-27T19:44:51Z,6,,24,2026-07-31T00:30:11.000Z,false,pkg:maven/com.softwaremill.sttp.apispec/openapi-circe-yaml_2.13
org.scalatest:scalatest_sjs1_3.0.0-RC3,10,10,Scala,https://github.com/scalatest/scalatest,http://www.scalatest.org,2021-04-20T15:14:52Z,11,,1167,2026-08-21T10:07:44.000Z,false,pkg:maven/org.scalatest/scalatest_sjs1_3.0.0-RC3
com.google.api.grpc:proto-google-common-protos,10,51,Java,https://github.com/googleapis/google-cloud-java,https://github.com/googleapis/google-cloud-java/tree/main/sdk-platform-java,2026-08-26T02:23:07Z,1125,,97,2026-05-14T03:08:41.000Z,true,pkg:maven/com.google.api.grpc/proto-google-common-protos
com.busymachines:pureharm-core-sprout,10,67,Scala,https://github.com/busymachines/pureharm-core,https://github.com/busymachines/pureharm-core,2021-07-28T07:47:11Z,30,,0,2021-07-28T07:43:49.000Z,false,pkg:maven/com.busymachines/pureharm-core-sprout_2.13
com.github.ghik:silencer-lib_2.13.5,10,63,Scala,https://github.com/ghik/silencer,https://github.com/ghik/silencer,2023-06-12T09:56:50Z,237,,253,2025-12-19T16:38:59.000Z,false,pkg:maven/com.github.ghik/silencer-lib_2.13.5
org.scalameta:munit_sjs1_3.0.0-RC3,10,15,Scala,https://github.com/scalameta/munit,https://github.com/scalameta/munit,2021-05-13T15:10:00Z,18,,472,2026-08-18T22:48:13.000Z,false,pkg:maven/org.scalameta/munit_sjs1_3.0.0-RC3
org.deeplearning4j:deeplearning4j-core,10,26,Java,https://github.com/eclipse/deeplearning4j,http://deeplearning4j.konduit.ai/,2017-08-12T13:39:27Z,101,,14247,2026-08-28T01:00:09.000Z,false,pkg:maven/org.deeplearning4j/deeplearning4j-core
com.github.japgolly.microlibs:test-util,10,235,Scala,https://github.com/japgolly/microlibs-scala,https://github.com/japgolly/microlibs-scala,2022-09-02T07:27:18Z,37,,26,2024-08-12T21:38:37.000Z,false,pkg:maven/com.github.japgolly.microlibs/test-util_2.13
org.scala-js:scalajs-test-bridge_2.13.0-RC3,10,12,Scala,https://github.com/scala-js/scala-js,https://www.scala-js.org/,2019-05-29T19:27:45Z,12,,4669,2025-10-05T22:14:12.000Z,false,pkg:maven/org.scala-js/scalajs-test-bridge_2.13.0-RC3
org.typelevel:otel4s-semconv,10,62,Scala,https://github.com/typelevel/otel4s,https://typelevel.org/otel4s,2026-08-10T02:05:30Z,0,,214,2026-08-14T07:07:59.000Z,false,pkg:maven/org.typelevel/otel4s-semconv_3
io.github.alexarchambault:data-class,10,70,Scala,https://github.com/alexarchambault/data-class,https://github.com/alexarchambault/data-class,2025-01-20T14:13:03Z,36,,78,2023-01-25T13:24:13.000Z,false,pkg:maven/io.github.alexarchambault/data-class_2.12
org.hamcrest:hamcrest,10,51,Java,https://github.com/hamcrest/JavaHamcrest,http://hamcrest.org/JavaHamcrest/,2024-08-01T09:09:00Z,2364,,2072,2023-10-12T21:00:59.000Z,false,pkg:maven/org.hamcrest/hamcrest
org.json4s:json4s-scalap,10,23,Scala,https://github.com/json4s/json4s,https://github.com/json4s/json4s,2023-12-03T08:33:32Z,17,,1485,2026-08-27T11:12:26.000Z,false,pkg:maven/org.json4s/json4s-scalap_2.12
eu.timepit:refined-pureconfig,10,22,Scala,https://github.com/fthomas/refined,https://github.com/fthomas/refined,2026-06-30T06:37:41Z,10,,1731,2026-08-21T16:23:41.000Z,false,pkg:maven/eu.timepit/refined-pureconfig_2.12
com.chuusai:shapeless_sjs0.6_2.13.0-M5,10,14,Scala,https://github.com/milessabin/shapeless,https://github.com/milessabin/shapeless,2018-09-12T12:16:34Z,16,,3402,2026-08-23T08:01:53.000Z,false,pkg:maven/com.chuusai/shapeless_sjs0.6_2.13.0-M5
io.bullet:borer-core,10,61,Scala,https://github.com/sirthias/borer,https://github.com/sirthias/borer/,2022-07-12T10:04:16Z,8,,189,2023-03-10T19:58:41.000Z,false,pkg:maven/io.bullet/borer-core_2.13
de.sciss:equal,10,24,,git@git.iem.at:sciss/Equal.git,https://git.iem.at/sciss/Equal,2020-10-21T01:07:54Z,8,,,,,pkg:maven/de.sciss/equal_2.13
org.scalaz:scalaz-core_sjs0.6_2.13.0-M5,10,15,Scala,https://github.com/scalaz/scalaz,http://scalaz.org,2018-11-05T15:17:26Z,21,,4673,2026-08-24T22:08:56.000Z,false,pkg:maven/org.scalaz/scalaz-core_sjs0.6_2.13.0-M5
org.typelevel:cats-core_2.13.0-M4,10,14,Scala,https://github.com/typelevel/cats,https://github.com/typelevel/cats,2018-09-12T17:59:31Z,17,,5456,2026-08-21T12:13:32.000Z,false,pkg:maven/org.typelevel/cats-core_2.13.0-M4
org.mongodb:mongodb-driver-core,10,56,Java,https://github.com/mongodb/mongo-java-driver,https://www.mongodb.com/,2026-08-29T02:12:15Z,293,,2659,2026-08-18T22:25:13.000Z,false,pkg:maven/org.mongodb/mongodb-driver-core
edu.stanford.nlp:stanford-corenlp,10,37,,https://nlp.stanford.edu/software/stanford-corenlp-4.5.10.zip,https://nlp.stanford.edu/software/corenlp.html,2025-06-06T21:22:35Z,201,,,,,pkg:maven/edu.stanford.nlp/stanford-corenlp
dev.profunktor:redis4cats-effects,10,24,Scala,https://github.com/profunktor/redis4cats,https://redis4cats.profunktor.dev/,2026-06-21T23:56:07Z,6,,369,2026-08-30T00:21:08.000Z,false,pkg:maven/dev.profunktor/redis4cats-effects_2.13
org.scalaz:scalaz-core_2.12.0-RC1,10,17,Scala,https://github.com/scalaz/scalaz,http://scalaz.org,2016-09-08T02:35:58Z,18,,4673,2026-08-24T22:08:56.000Z,false,pkg:maven/org.scalaz/scalaz-core_2.12.0-RC1
io.zonky.test:embedded-postgres,10,23,Java,https://github.com/zonkyio/embedded-postgres,https://github.com/zonkyio/embedded-postgres,2026-03-01T13:25:58Z,68,,484,2026-03-12T14:38:59.000Z,false,pkg:maven/io.zonky.test/embedded-postgres
com.amazonaws:aws-java-sdk-ssm,10,26,,https://github.com/aws/aws-sdk-java,https://aws.amazon.com/sdkforjava,2025-12-30T02:11:22Z,97,,3917,2023-03-21T20:44:00.000Z,false,pkg:maven/com.amazonaws/aws-java-sdk-ssm
io.getquill:quill-core,10,50,Scala,https://github.com/getquill/quill,http://github.com/getquill/quill,2022-10-06T20:08:42Z,12,,2111,2023-03-16T16:59:44.000Z,false,pkg:maven/io.getquill/quill-core_2.11
org.gnieh:diffson-circe,10,37,Scala,https://github.com/gnieh/diffson,https://github.com/gnieh/diffson,2025-09-25T15:28:46Z,15,,321,2025-09-25T15:16:25.000Z,false,pkg:maven/org.gnieh/diffson-circe_2.12
org.powermock:powermock-api-mockito,10,142,Java,https://github.com/powermock/powermock,http://www.powermock.org,2018-04-12T19:20:55Z,2371,,4171,2024-01-03T18:46:42.000Z,false,pkg:maven/org.powermock/powermock-api-mockito
com.mchange:c3p0,10,18,Java,https://github.com/swaldman/c3p0,https://www.mchange.com/projects/c3p0,2026-06-09T13:15:50Z,537,,1318,2026-08-18T03:15:13.000Z,false,pkg:maven/com.mchange/c3p0
dev.optics:monocle-law,10,44,Scala,https://github.com/optics-dev/Monocle,https://github.com/optics-dev/Monocle,2024-08-09T08:11:20Z,11,,1699,2026-08-15T23:47:17.000Z,false,pkg:maven/dev.optics/monocle-law_3
io.getquill:quill-sql,10,65,Scala,https://github.com/getquill/quill,http://github.com/getquill/quill,2022-10-06T20:08:58Z,21,,2111,2023-03-16T16:59:44.000Z,false,pkg:maven/io.getquill/quill-sql_2.11
org.typelevel:algebra-laws,10,51,Scala,https://github.com/typelevel/cats,https://typelevel.org/cats,2025-01-20T20:29:24Z,13,,5456,2026-08-21T12:13:32.000Z,false,pkg:maven/org.typelevel/algebra-laws_2.12
com.dimafeng:testcontainers-scala-mysql,10,23,,https://gitlab.com/testcontainers/testcontainers-scala,https://gitlab.com/testcontainers/testcontainers-scala,2025-12-23T02:42:38Z,10,,,,,pkg:maven/com.dimafeng/testcontainers-scala-mysql_2.12
com.lightbend.akka.management:akka-management-cluster-bootstrap,10,21,Scala,https://github.com/akka/akka-management,https://akka.io/,2023-05-25T13:43:22Z,124,,250,2023-03-16T09:56:49.000Z,false,pkg:maven/com.lightbend.akka.management/akka-management-cluster-bootstrap_2.12
de.sciss:processor,10,24,,git@git.iem.at:sciss/Processor.git,https://git.iem.at/sciss/Processor,2020-11-09T15:47:54Z,7,,,,,pkg:maven/de.sciss/processor_2.12
org.apache.ignite:ignite-core,10,13,,"",,2025-10-21T14:12:09Z,280,,,,,pkg:maven/org.apache.ignite/ignite-core
org.apache.hbase:hbase-mapreduce,10,31,,https://gitbox.apache.org/repos/asf?p=hbase.git/hbase-build-configuration/hbase-mapreduce,https://hbase.apache.org/hbase-build-configuration/hbase-mapreduce,2026-08-06T02:29:43Z,74,,,,,pkg:maven/org.apache.hbase/hbase-mapreduce
org.fusesource.scalate:scalate-core,10,86,Scala,https://github.com/scalate/scalate,http://scalate.fusesource.org/,2011-11-14T16:30:17Z,66,,609,2026-07-27T22:03:21.000Z,false,pkg:maven/org.fusesource.scalate/scalate-core
org.apache.sshd:sshd-core,10,128,Java,https://github.com/apache/mina-sshd,https://www.apache.org/,2026-06-30T21:54:02Z,460,,1091,2026-08-24T09:07:58.000Z,false,pkg:maven/org.apache.sshd/sshd-core
org.typelevel:cats-laws_sjs0.6_2.13.0-M5,10,16,Scala,https://github.com/typelevel/cats,https://github.com/typelevel/cats,2019-06-03T13:07:58Z,16,,5456,2026-08-21T12:13:32.000Z,false,pkg:maven/org.typelevel/cats-laws_sjs0.6_2.13.0-M5
org.apache.kafka:kafka-streams-test-utils,10,20,,"",https://kafka.apache.org,2026-06-17T18:47:58Z,120,,,,,pkg:maven/org.apache.kafka/kafka-streams-test-utils
com.lihaoyi:cask,10,15,Scala,https://github.com/com-lihaoyi/cask,https://github.com/com-lihaoyi/cask,2025-10-18T13:37:55Z,5,,437,2023-03-16T14:53:39.000Z,false,pkg:maven/com.lihaoyi/cask_2.13
io.bullet:borer-derivation,10,53,Scala,https://github.com/sirthias/borer,https://github.com/sirthias/borer/,2022-07-12T10:04:18Z,6,,189,2023-03-10T19:58:41.000Z,false,pkg:maven/io.bullet/borer-derivation_2.13
tools.jackson.core:jackson-databind,9,27,Java,https://github.com/FasterXML/jackson-databind,https://github.com/FasterXML/jackson,2026-08-16T01:52:37Z,0,,3746,2026-08-16T17:40:52.000Z,false,pkg:maven/tools.jackson.core/jackson-databind
com.fasterxml.jackson.module:jackson-module-jaxb-annotations,9,18,Java,https://github.com/FasterXML/jackson-modules-base,https://github.com/FasterXML/jackson-modules-base,2026-08-17T02:23:27Z,1244,,180,2026-08-02T17:05:58.000Z,false,pkg:maven/com.fasterxml.jackson.module/jackson-module-jaxb-annotations
co.fs2:fs2-core_3.0.0-RC3,9,11,Scala,https://github.com/typelevel/fs2,https://github.com/typelevel/fs2,2021-04-23T13:27:21Z,11,,2451,2026-08-24T18:08:23.000Z,false,pkg:maven/co.fs2/fs2-core_3.0.0-RC3
net.imagej:ij,9,31,Java,https://github.com/imagej/ImageJ,https://imagej.net/ij,2025-02-18T03:56:44Z,78,,781,2026-07-22T16:14:44.000Z,false,pkg:maven/net.imagej/ij
org.scalaz:scalaz-zio,9,56,Scala,https://github.com/scalaz/scalaz-zio,https://scalaz.github.io/scalaz-zio/,2019-02-13T23:43:28Z,38,,3746,2023-03-21T18:03:51.000Z,false,pkg:maven/org.scalaz/scalaz-zio_2.12
org.json4s:json4s-native_2.9.3,9,13,Scala,https://github.com/json4s/json4s,https://github.com/json4s/json4s,2014-10-23T23:39:00Z,14,,1485,2026-08-27T11:12:26.000Z,false,pkg:maven/org.json4s/json4s-native_2.9.3
org.typelevel:cats-effect_sjs1_3.0.0-RC3,9,10,Scala,https://github.com/typelevel/cats-effect,https://github.com/typelevel/cats-effect,2021-04-20T16:56:04Z,11,,2236,2026-08-28T11:28:14.000Z,false,pkg:maven/org.typelevel/cats-effect_sjs1_3.0.0-RC3
software.amazon.awssdk:aws-core,9,16,Java,"",https://aws.amazon.com/sdkforjava,2026-04-27T22:27:00Z,95,,2436,2025-08-14T00:45:14.000Z,false,pkg:maven/software.amazon.awssdk/aws-core
org.codehaus.janino:commons-compiler,9,29,Java,https://github.com/janino-compiler/janino,http://janino-compiler.github.io/janino/,2024-02-06T10:52:04Z,227,,1326,2026-07-04T07:43:33.000Z,true,pkg:maven/org.codehaus.janino/commons-compiler
org.apache.hive:hive-jdbc,9,40,,https://github.com/apache/maven-apache-parent,https://hive.apache.org,2025-11-17T22:51:49Z,232,,47,2026-08-10T20:47:13.000Z,false,pkg:maven/org.apache.hive/hive-jdbc
com.lightbend.akka.discovery:akka-discovery-kubernetes-api,9,27,Scala,https://github.com/akka/akka-management,https://akka.io/,2023-05-25T13:43:21Z,120,,250,2023-03-16T09:56:49.000Z,false,pkg:maven/com.lightbend.akka.discovery/akka-discovery-kubernetes-api_2.12
com.tdunning:t-digest,9,21,Java,https://github.com/tdunning/t-digest,https://github.com/tdunning/t-digest,2014-03-16T21:48:45Z,135,,2166,2025-02-17T07:19:38.000Z,false,pkg:maven/com.tdunning/t-digest
com.typesafe.play:play-mailer,9,14,Scala,https://github.com/playframework/play-mailer,https://github.com/playframework/play-mailer,2020-05-19T18:07:33Z,11,,252,2026-08-22T00:16:45.000Z,false,pkg:maven/com.typesafe.play/play-mailer_2.11
org.webjars.npm:react-dom,9,27,JavaScript,https://github.com/react/react,https://www.webjars.org,2026-07-24T09:16:39Z,97,,247686,2026-08-24T09:29:40.000Z,false,pkg:maven/org.webjars.npm/react-dom
org.spire-math:jawn-ast,9,26,Scala,https://github.com/non/jawn,http://github.com/non/jawn,2018-07-23T16:56:35Z,16,,422,2023-03-17T01:14:15.000Z,false,pkg:maven/org.spire-math/jawn-ast_2.11
ch.epfl.scala:scalafix-interfaces,9,50,Scala,https://github.com/scalacenter/scalafix,https://github.com/scalacenter/scalafix,2026-06-12T23:56:23Z,40,,874,2026-08-26T23:45:32.000Z,false,pkg:maven/ch.epfl.scala/scalafix-interfaces
net.jodah:typetools,9,31,Java,https://github.com/jhalterman/typetools,http://github.com/jhalterman/typetools/,2021-04-09T18:56:28Z,155,,627,2023-04-12T01:45:16.000Z,false,pkg:maven/net.jodah/typetools
net.sourceforge.htmlcleaner:htmlcleaner,9,69,,https://svn.code.sf.net/p/htmlcleaner/code/tags/htmlcleaner-2.29,http://htmlcleaner.sourceforge.net/,2013-09-05T15:10:20Z,144,,,,,pkg:maven/net.sourceforge.htmlcleaner/htmlcleaner
ch.epfl.scala:bsp4j,9,87,Scala,https://github.com/build-server-protocol/build-server-protocol,https://github.com/build-server-protocol/build-server-protocol,2024-01-22T09:11:34Z,76,,546,2026-08-01T01:42:57.000Z,false,pkg:maven/ch.epfl.scala/bsp4j
com.dongxiguo:fastring,9,21,Scala,https://github.com/Atry/fastring,https://github.com/Atry/fastring,2019-09-06T21:08:07Z,11,,124,2023-03-10T13:34:47.000Z,false,pkg:maven/com.dongxiguo/fastring_2.11
com.softwaremill.ox:core,9,18,Scala,https://github.com/softwaremill/ox,http://softwaremill.com/open-source,2026-07-24T02:10:41Z,0,,522,2026-08-16T00:39:52.000Z,false,pkg:maven/com.softwaremill.ox/core_3
org.openurp.base:openurp-base-tag,9,15,FreeMarker,https://github.com/openurp/base,http://openurp.github.io/base/index.html,2026-04-11T19:11:10Z,25,,0,2026-08-11T03:26:44.000Z,false,pkg:maven/org.openurp.base/openurp-base-tag
org.scala-lang.modules.scalajs:scalajs-dom,9,24,,,,,,,,,,
org.webjars.npm:react,9,27,JavaScript,https://github.com/react/react,https://www.webjars.org,2026-07-25T00:18:00Z,145,,247686,2026-08-24T09:29:40.000Z,false,pkg:maven/org.webjars.npm/react
org.apache.xmlgraphics:batik-transcoder,9,15,,scm:svn:https://svn.apache.org/repos/asf/xmlgraphics/batik/trunk/,http://xmlgraphics.apache.org/batik/,2017-07-25T15:04:40Z,162,,,,,pkg:maven/org.apache.xmlgraphics/batik-transcoder
org.specs2:specs2-core_2.13.0-RC3,9,32,Scala,https://github.com/etorreborre/specs2,http://specs2.org/,2019-05-31T05:53:15Z,33,,734,2026-08-30T10:26:13.000Z,false,pkg:maven/org.specs2/specs2-core_2.13.0-RC3
org.scalaz:scalaz-core_2.13.0-M1,9,16,Scala,https://github.com/scalaz/scalaz,http://scalaz.org,2017-08-13T04:17:14Z,16,,4673,2026-08-24T22:08:56.000Z,false,pkg:maven/org.scalaz/scalaz-core_2.13.0-M1
org.typelevel:cats-laws_3.0.0-RC2,9,10,Scala,https://github.com/typelevel/cats,https://github.com/typelevel/cats,2021-04-19T22:32:14Z,10,,5456,2026-08-21T12:13:32.000Z,false,pkg:maven/org.typelevel/cats-laws_3.0.0-RC2
ch.epfl.lamp:dotty-library_0.21,9,16,Scala,https://github.com/lampepfl/dotty,https://github.com/lampepfl/dotty,2020-02-03T14:38:42Z,17,,5257,2023-03-17T15:55:32.000Z,false,pkg:maven/ch.epfl.lamp/dotty-library_0.21
com.lightbend.akka.management:akka-management,9,31,Scala,https://github.com/akka/akka-management,https://akka.io/,2023-05-25T13:43:22Z,128,,250,2023-03-16T09:56:49.000Z,false,pkg:maven/com.lightbend.akka.management/akka-management_2.12
org.clapper:grizzled-scala,9,21,Scala,https://github.com/bmc/grizzled-scala.git,http://software.clapper.org/grizzled-scala/,2018-11-20T01:51:27Z,8,,90,2021-06-28T03:30:13.000Z,false,pkg:maven/org.clapper/grizzled-scala_2.10
de.sciss:scalacolliderswing-plotting,9,21,,git@git.iem.at:sciss/ScalaColliderSwing.git,https://git.iem.at/sciss/ScalaColliderSwing,2019-07-07T22:18:17Z,5,,,,,pkg:maven/de.sciss/scalacolliderswing-plotting_2.11
org.specs2:specs2_2.9.0-1,9,12,Scala,https://github.com/etorreborre/specs2,http://specs2.org/,2012-02-23T00:51:56Z,43,,734,2026-08-30T10:26:13.000Z,false,pkg:maven/org.specs2/specs2_2.9.0-1
org.apache.commons:commons-vfs2,9,29,Java,https://gitbox.apache.org/repos/asf?p=commons-vfs.git,https://commons.apache.org/proper/commons-vfs/,2025-02-02T21:06:21Z,258,,251,2026-08-27T17:42:28.000Z,false,pkg:maven/org.apache.commons/commons-vfs2
de.sciss:fscape-lucre,9,18,"",https://codeberg.org/sciss/FScape-next,https://codeberg.org/sciss/FScape-next,2025-12-07T08:12:56Z,8,,0,,false,pkg:maven/de.sciss/fscape-lucre_2.12
org.scalameta:sbt-scalafmt_2.12_1.0,9,9,Scala,https://github.com/scalameta/sbt-scalafmt,https://github.com/scalameta/sbt-scalafmt,2026-05-10T17:22:45Z,1,,222,2025-10-06T03:22:15.000Z,false,pkg:maven/org.scalameta/sbt-scalafmt_2.12_1.0
de.sciss:scalacolliderugens-plugins,9,16,Scala,https://github.com/Sciss/ScalaColliderUGens,https://github.com/Sciss/ScalaColliderUGens,2022-05-29T21:52:55Z,5,,4,2023-02-05T19:41:26.000Z,false,pkg:maven/de.sciss/scalacolliderugens-plugins_2.12
co.fs2:fs2-core_3.0.0-M3,9,12,Scala,https://github.com/typelevel/fs2,https://github.com/typelevel/fs2,2021-03-29T13:31:42Z,13,,2451,2026-08-24T18:08:23.000Z,false,pkg:maven/co.fs2/fs2-core_3.0.0-M3
org.apache.hadoop:hadoop-yarn-server-tests,9,29,,"",,2026-03-24T17:04:25Z,185,,,,,pkg:maven/org.apache.hadoop/hadoop-yarn-server-tests
org.apache.avro:avro-ipc,9,24,Java,https://github.com/apache/avro,https://avro.apache.org,2026-08-18T02:00:27Z,155,,3299,2026-08-18T07:12:38.000Z,false,pkg:maven/org.apache.avro/avro-ipc
com.github.pureconfig:pureconfig-cats-effect,9,20,Scala,https://github.com/pureconfig/pureconfig,https://github.com/pureconfig/pureconfig,2024-11-20T23:39:11Z,9,,1540,2026-08-30T21:35:02.000Z,false,pkg:maven/com.github.pureconfig/pureconfig-cats-effect_2.12
org.apache.hadoop:hadoop-yarn-server-web-proxy,9,24,,"",,2026-03-24T17:03:05Z,121,,,,,pkg:maven/org.apache.hadoop/hadoop-yarn-server-web-proxy
org.glassfish.jersey.core:jersey-client,9,26,Java,https://github.com/eclipse-ee4j/jersey,https://projects.eclipse.org/projects/ee4j.jersey,2026-01-30T13:37:37Z,1782,,730,2026-07-25T22:44:15.000Z,false,pkg:maven/org.glassfish.jersey.core/jersey-client
xml-apis:xml-apis,9,20,,"",,2007-02-09T00:30:46Z,1566,,,,,pkg:maven/xml-apis/xml-apis
org.scala-sbt:util-logging,9,116,Scala,https://github.com/sbt/sbt,https://github.com/sbt/sbt,2026-08-22T02:08:34Z,39,,4936,2026-08-24T07:38:07.000Z,false,pkg:maven/org.scala-sbt/util-logging_2.12
io.confluent:kafka-schema-registry,9,69,,,,,,,,,,
org.springframework.boot:spring-boot-starter-test,9,14,Java,https://github.com/spring-projects/spring-boot,https://spring.io/projects/spring-boot,2026-08-21T02:16:23Z,9077,,81303,2026-08-14T06:44:24.000Z,false,pkg:maven/org.springframework.boot/spring-boot-starter-test
org.springframework.boot:spring-boot-starter-web,9,20,Java,https://github.com/spring-projects/spring-boot,https://spring.io/projects/spring-boot,2026-08-21T02:16:12Z,8658,,81336,2026-08-21T09:02:01.000Z,false,pkg:maven/org.springframework.boot/spring-boot-starter-web
com.unboundid:unboundid-ldapsdk,9,16,Java,https://github.com/pingidentity/ldapsdk,https://github.com/pingidentity/ldapsdk,2026-06-11T21:43:02Z,623,,374,2026-08-11T16:22:12.000Z,false,pkg:maven/com.unboundid/unboundid-ldapsdk
com.lightbend.lagom:lagom-scaladsl-server,9,57,Scala,https://github.com/lagom/lagom,https://www.lagomframework.com/,2021-12-14T09:32:48Z,37,,2632,2023-08-14T13:43:48.000Z,false,pkg:maven/com.lightbend.lagom/lagom-scaladsl-server_2.13
com.clearspring.analytics:stream,9,29,Java,https://github.com/addthis/stream-lib,https://github.com/addthis/stream-lib,2019-08-27T21:50:03Z,217,,2264,2019-11-28T12:37:37.000Z,true,pkg:maven/com.clearspring.analytics/stream
software.amazon.smithy:smithy-model,9,39,Java,https://github.com/smithy-lang/smithy,https://github.com/smithy-lang/smithy,2026-08-12T02:25:19Z,32,,2343,2026-08-19T10:05:59.000Z,false,pkg:maven/software.amazon.smithy/smithy-model
de.sciss:lucre-confluent,9,16,"",https://codeberg.org/sciss/Lucre,https://codeberg.org/sciss/Lucre,2024-08-17T21:33:42Z,6,,0,,false,pkg:maven/de.sciss/lucre-confluent_2.13
io.github.galliaproject:gallia-core,9,18,Scala,https://github.com/galliaproject/gallia-core,https://github.com/galliaproject/gallia-core,2024-02-10T01:08:33Z,9,,78,2023-10-10T14:25:19.000Z,false,pkg:maven/io.github.galliaproject/gallia-core_2.12
org.apache.commons:commons-dbcp2,9,41,,https://gitbox.apache.org/repos/asf?p=commons-dbcp.git,https://commons.apache.org/proper/commons-dbcp/,2025-12-11T23:13:36Z,948,,,,,pkg:maven/org.apache.commons/commons-dbcp2
org.json4s:json4s-native_2.13.0-M5,9,10,Scala,https://github.com/json4s/json4s,https://github.com/json4s/json4s,2019-02-21T22:58:18Z,10,,1485,2026-08-27T11:12:26.000Z,false,pkg:maven/org.json4s/json4s-native_2.13.0-M5
com.outr:profig,9,61,Scala,https://github.com/outr/profig,https://github.com/outr/profig,2026-08-08T02:21:23Z,18,,32,2026-04-14T13:37:46.000Z,false,pkg:maven/com.outr/profig_2.13
org.scodec:scodec-cats,9,34,Scala,https://github.com/scodec/scodec-cats,https://github.com/scodec/scodec-cats,2026-04-15T00:34:31Z,12,,6,2025-09-06T13:20:37.000Z,false,pkg:maven/org.scodec/scodec-cats_2.13
com.datastax.oss:java-driver-query-builder,9,22,Java,https://github.com/datastax/java-driver,https://github.com/datastax/java-driver,2023-07-12T22:38:23Z,127,,1372,2025-07-15T04:56:32.000Z,false,pkg:maven/com.datastax.oss/java-driver-query-builder
org.scalaz:scalaz-core_2.12.0-M4,9,15,Scala,https://github.com/scalaz/scalaz,http://scalaz.org,2016-06-14T18:59:34Z,15,,4671,2026-07-27T22:05:45.000Z,false,pkg:maven/org.scalaz/scalaz-core_2.12.0-M4
jakarta.xml.bind:jakarta.xml.bind-api,9,17,Java,https://github.com/jakartaee/jaxb-api,https://github.com/jakartaee/jaxb-api,2026-02-06T09:38:20Z,2517,,77,2026-08-28T17:03:53.000Z,false,pkg:maven/jakarta.xml.bind/jakarta.xml.bind-api
com.google.http-client:google-http-client,9,27,Java,https://github.com/googleapis/google-http-java-client,https://github.com/googleapis/google-http-java-client,2026-07-20T17:42:01Z,673,,1441,2026-07-20T17:49:24.000Z,false,pkg:maven/com.google.http-client/google-http-client
org.sangria-graphql:sangria-circe,9,21,Scala,https://github.com/sangria-graphql/sangria-circe,http://sangria-graphql.org,2021-06-01T09:42:58Z,14,,24,2025-08-24T11:04:38.000Z,false,pkg:maven/org.sangria-graphql/sangria-circe_2.12
javax.ws.rs:jsr311-api,9,17,,"",https://jsr311.dev.java.net,2009-11-23T23:41:41Z,1097,,,,,pkg:maven/javax.ws.rs/jsr311-api
org.thymeleaf:thymeleaf,9,20,Java,https://github.com/thymeleaf/thymeleaf,http://www.thymeleaf.org,2014-08-10T09:27:53Z,503,,2977,2026-06-22T22:09:16.000Z,false,pkg:maven/org.thymeleaf/thymeleaf
com.julianpeeters:avrohugger-core,9,18,Scala,https://github.com/julianpeeters/avrohugger,https://github.com/julianpeeters/avrohugger,2017-12-01T11:47:17Z,6,,202,2025-09-30T22:55:52.000Z,false,pkg:maven/com.julianpeeters/avrohugger-core_2.11
com.cronutils:cron-utils,9,28,Java,https://github.com/jmrozanec/cron-utils,http://cron-parser.com/,2023-03-26T16:30:28Z,241,,1208,2025-12-01T05:32:16.000Z,false,pkg:maven/com.cronutils/cron-utils
com.typesafe.akka:akka-http-caching,9,15,Scala,https://github.com/akka/akka-http,https://akka.io,2023-10-16T09:31:04Z,12,,1350,2026-08-24T06:53:27.000Z,false,pkg:maven/com.typesafe.akka/akka-http-caching_2.12
com.softwaremill.macwire:util,9,20,Scala,https://github.com/softwaremill/macwire,http://softwaremill.com/open-source,2025-09-01T14:01:12Z,7,,1314,2026-08-12T00:24:40.000Z,false,pkg:maven/com.softwaremill.macwire/util_2.12
com.softwaremill.sttp.client3:slf4j-backend,9,19,Scala,https://github.com/softwaremill/sttp,http://softwaremill.com/open-source,2025-04-09T16:07:44Z,8,,1503,2026-08-24T00:53:26.000Z,false,pkg:maven/com.softwaremill.sttp.client3/slf4j-backend_2.13
org.seleniumhq.selenium:selenium-chrome-driver,9,26,Java,https://github.com/SeleniumHQ/selenium,https://selenium.dev/,2026-08-29T02:15:13Z,396,,34411,2026-08-28T15:42:33.000Z,false,pkg:maven/org.seleniumhq.selenium/selenium-chrome-driver
org.apache.flink:flink-statebackend-rocksdb,9,60,Java,https://github.com/apache/flink,https://flink.apache.org,2022-09-10T08:04:16Z,57,,26288,2026-08-24T15:52:44.000Z,false,pkg:maven/org.apache.flink/flink-statebackend-rocksdb_2.11
at.yawk.lz4:lz4-java,9,21,Java,https://github.com/yawkat/lz4-java,https://github.com/yawkat/lz4-java,2026-08-07T01:54:50Z,0,,49,2026-08-18T16:49:09.000Z,false,pkg:maven/at.yawk.lz4/lz4-java
io.github.json4s:json4s-native,9,18,Scala,https://github.com/json4s/json4s,https://github.com/json4s/json4s,2026-06-14T00:16:55Z,0,,1485,2026-08-27T11:12:26.000Z,false,pkg:maven/io.github.json4s/json4s-native_2.12
net.java.dev.jets3t:jets3t,9,24,,https://bitbucket.org/jmurty/jets3t,https://bitbucket.org/jmurty/jets3t/overview,2015-08-23T13:44:30Z,202,,,,,pkg:maven/net.java.dev.jets3t/jets3t
org.scala-lang.modules:scala-xml_2.12.0-RC1,9,14,Scala,https://github.com/scala/scala-xml,http://www.scala-lang.org/,2016-09-20T09:27:47Z,19,,278,2023-03-18T19:50:24.000Z,false,pkg:maven/org.scala-lang.modules/scala-xml_2.12.0-RC1
org.beangle.data:beangle-data-jdbc,9,46,Scala,https://github.com/beangle/data,https://github.com/beangle/data,2019-04-30T15:06:33Z,20,,0,2026-08-07T09:00:45.000Z,false,pkg:maven/org.beangle.data/beangle-data-jdbc_2.12
org.apache.spark:spark-hive-thriftserver,9,16,Scala,https://github.com/apache/spark,http://spark.apache.org/,2021-05-09T20:30:47Z,22,,43858,2026-08-22T16:18:18.000Z,false,pkg:maven/org.apache.spark/spark-hive-thriftserver_2.11
org.scanamo:scanamo,9,37,Scala,https://github.com/scanamo/scanamo,https://www.scanamo.org/,2026-04-10T17:49:41Z,12,,319,2026-05-25T16:29:45.000Z,false,pkg:maven/org.scanamo/scanamo_2.12
org.typelevel:weaver-scalacheck,9,176,Scala,https://github.com/typelevel/weaver-test,https://typelevel.org/weaver-test,2026-03-16T15:53:43Z,0,,85,2026-08-07T05:04:51.000Z,false,pkg:maven/org.typelevel/weaver-scalacheck_2.12
org.scala-lang.modules:scala-parser-combinators_2.13.0-M4,9,12,Scala,https://github.com/scala/scala-parser-combinators,http://www.scala-lang.org/,2018-06-09T01:09:42Z,12,,678,2026-08-21T23:17:48.000Z,false,pkg:maven/org.scala-lang.modules/scala-parser-combinators_2.13.0-M4
com.softwaremill.sttp.tapir:tapir-akka-http-server,9,15,Scala,https://github.com/softwaremill/tapir,http://softwaremill.com/open-source,2026-08-08T02:31:06Z,10,,1469,2026-08-23T00:48:32.000Z,false,pkg:maven/com.softwaremill.sttp.tapir/tapir-akka-http-server_2.12
com.oracle.database.jdbc:ojdbc8,9,20,,https://github.com/oracle,https://www.oracle.com/database/technologies/maven-central-guide.html,2026-08-25T02:15:01Z,347,,,,,pkg:maven/com.oracle.database.jdbc/ojdbc8
com.mchange:mlog-scala,9,19,Scala,https://github.com/swaldman/mlog-scala,https://github.com/swaldman/mlog-scala,2026-04-26T15:39:21Z,5,,0,2025-05-19T22:05:33.000Z,false,pkg:maven/com.mchange/mlog-scala_2.10
org.reactivemongo:reactivemongo-bson-api,9,48,Scala,https://github.com/ReactiveMongo/ReactiveMongo-BSON,http://reactivemongo.org,2021-12-18T22:17:47Z,15,,7,2026-08-13T13:45:37.000Z,false,pkg:maven/org.reactivemongo/reactivemongo-bson-api_2.12
org.springframework:spring-aop,9,32,Java,https://github.com/spring-projects/spring-framework,https://github.com/spring-projects/spring-framework,2026-08-21T02:18:58Z,2845,,60212,2026-08-24T16:22:05.000Z,false,pkg:maven/org.springframework/spring-aop
com.lihaoyi:mill-libs-scalalib,9,21,Scala,https://github.com/com-lihaoyi/mill,https://github.com/com-lihaoyi/mill,2026-08-08T02:40:01Z,0,,2781,2026-08-22T17:37:30.000Z,false,pkg:maven/com.lihaoyi/mill-libs-scalalib_3
io.verizon.journal:core,9,23,Scala,https://github.com/verizon/journal,http://verizon.github.io/journal/,2017-11-12T00:49:54Z,11,,83,2017-12-14T22:27:12.000Z,true,pkg:maven/io.verizon.journal/core_2.11
com.google.inject.extensions:guice-testlib,9,21,Java,https://github.com/google/guice,https://github.com/google/guice,2023-05-12T17:42:50Z,40,,12731,2026-08-28T16:49:58.000Z,false,pkg:maven/com.google.inject.extensions/guice-testlib
org.apache.flink:flink-avro,9,37,Java,https://github.com/apache/flink,https://flink.apache.org,2026-06-20T00:11:33Z,82,,26262,2026-08-14T21:08:44.000Z,false,pkg:maven/org.apache.flink/flink-avro
io.shaka:naive-http,9,11,Scala,https://github.com/timt/naive-http,https://github.com/timt/naive-http,2020-01-30T16:15:22Z,5,,19,2023-01-24T15:19:43.000Z,false,pkg:maven/io.shaka/naive-http_2.11
org.apache.hive:hive-metastore,9,51,,https://github.com/apache/maven-apache-parent,https://hive.apache.org,2026-08-25T02:17:51Z,323,,47,2026-08-10T20:47:13.000Z,false,pkg:maven/org.apache.hive/hive-metastore
com.lihaoyi:ammonite_2.12.1,9,18,Scala,https://github.com/com-lihaoyi/Ammonite,https://github.com/com-lihaoyi/Ammonite,2021-11-13T09:52:24Z,56,,2631,2026-06-22T01:22:39.000Z,false,pkg:maven/com.lihaoyi/ammonite_2.12.1
za.co.absa.commons:commons,9,42,Scala,https://github.com/AbsaOSS/commons,https://absaoss.github.io/commons/,2026-05-27T09:20:41Z,23,,9,2026-08-13T13:43:02.000Z,false,pkg:maven/za.co.absa.commons/commons_2.12
io.github.dotty-cps-async:dotty-cps-async,9,37,Scala,https://github.com/rssh/dotty-cps-async,https://github.com/rssh/dotty-cps-async,2026-05-16T19:15:23Z,0,,188,2025-06-07T10:52:04.000Z,false,pkg:maven/io.github.dotty-cps-async/dotty-cps-async_3
org.tpolecat:doobie-postgres-circe,9,18,Scala,https://github.com/typelevel/doobie,https://github.com/typelevel/doobie,2021-05-23T19:09:55Z,8,,2226,2026-08-13T08:36:08.000Z,false,pkg:maven/org.tpolecat/doobie-postgres-circe_2.13
ch.epfl.lamp:dotty-library_sjs1_0.27,9,19,Scala,https://github.com/lampepfl/dotty,https://github.com/lampepfl/dotty,2020-08-28T12:42:32Z,19,,5257,2023-03-17T15:55:32.000Z,false,pkg:maven/ch.epfl.lamp/dotty-library_sjs1_0.27
com.github.ghostdogpr:caliban-client,9,22,Scala,https://github.com/ghostdogpr/caliban,https://github.com/ghostdogpr/caliban,2026-07-08T08:06:33Z,10,,995,2026-08-20T07:13:03.000Z,false,pkg:maven/com.github.ghostdogpr/caliban-client_2.13
org.beangle.jdbc:beangle-jdbc,9,16,Scala,https://github.com/beangle/jdbc,https://beangle.github.io/jdbc/index.html,2026-06-15T05:47:51Z,0,,0,2025-09-11T16:08:54.000Z,false,pkg:maven/org.beangle.jdbc/beangle-jdbc
org.querki:querki-jsext,9,36,Scala,https://github.com/jducoeur/jsext,http://www.querki.net/,2022-06-11T20:20:36Z,13,,28,2022-06-11T20:23:45.000Z,false,pkg:maven/org.querki/querki-jsext_sjs1_2.13
com.github.ghik:silencer-lib_2.12.13,9,22,Scala,https://github.com/ghik/silencer,https://github.com/ghik/silencer,2023-06-12T09:56:52Z,210,,253,2025-12-19T16:38:59.000Z,false,pkg:maven/com.github.ghik/silencer-lib_2.12.13
org.http4s:http4s-argonaut,9,17,Scala,https://github.com/http4s/http4s,https://http4s.org/,2020-04-28T18:08:28Z,10,,2621,2026-07-21T17:23:28.000Z,false,pkg:maven/org.http4s/http4s-argonaut_2.11
ch.epfl.scala:sbt-scalafix_2.12_1.0,9,9,Scala,https://github.com/scalacenter/sbt-scalafix,https://github.com/scalacenter/sbt-scalafix,2026-06-12T23:56:16Z,1,,121,2026-08-27T06:07:14.000Z,false,pkg:maven/ch.epfl.scala/sbt-scalafix_2.12_1.0
com.typesafe.play:play-java-forms,9,16,Scala,https://github.com/playframework/playframework,https://playframework.com,2024-06-03T12:59:48Z,20,,12621,2026-08-24T21:23:35.000Z,false,pkg:maven/com.typesafe.play/play-java-forms_2.12
org.scalacheck:scalacheck_2.13.0-M2,9,13,Scala,https://github.com/rickynils/scalacheck,http://www.scalacheck.org,2017-08-16T07:14:04Z,15,,1858,2023-03-17T01:15:47.000Z,false,pkg:maven/org.scalacheck/scalacheck_2.13.0-M2
org.scalameta:trees,9,83,Scala,https://github.com/scalameta/scalameta,https://github.com/scalameta/scalameta,2026-07-25T00:26:59Z,43,,1155,2026-08-26T03:24:26.000Z,false,pkg:maven/org.scalameta/trees_2.13
com.gilt:gfc-logging,9,22,,https://github.com/gilt/gfc-logging,https://github.com/gilt/gfc-logging,2017-04-19T06:52:38Z,13,,,,,pkg:maven/com.gilt/gfc-logging_2.11
com.softwaremill.sttp.client3:cats,9,41,Scala,https://github.com/softwaremill/sttp,http://softwaremill.com/open-source,2025-04-09T16:07:33Z,9,,1503,2026-08-11T01:14:23.000Z,false,pkg:maven/com.softwaremill.sttp.client3/cats_2.13
org.jmock:jmock,9,20,Java,https://github.com/jmock-developers/jmock-library,http://nexus.sonatype.org/oss-repository-hosting.html,2024-03-16T14:25:51Z,661,,138,2025-09-16T23:09:01.000Z,false,pkg:maven/org.jmock/jmock
io.kevinlee:extras-cats,9,83,Scala,https://github.com/kevin-lee/extras,https://github.com/kevin-lee/extras,2026-06-30T21:22:15Z,23,,15,2025-10-21T00:03:56.000Z,false,pkg:maven/io.kevinlee/extras-cats_2.13
com.android.support:support-v4,9,18,,,,,,,,,,
com.twitter:finagle-stats,9,42,Scala,https://github.com/twitter/finagle,https://github.com/twitter/finagle,2021-02-11T00:09:35Z,23,,8861,2026-07-28T12:10:56.000Z,false,pkg:maven/com.twitter/finagle-stats_2.11
com.oracle.database.jdbc:ojdbc11,9,14,,https://github.com/oracle,https://www.oracle.com/database/technologies/maven-central-guide.html,2026-08-25T02:15:00Z,166,,,,,pkg:maven/com.oracle.database.jdbc/ojdbc11
com.typesafe.akka:akka-actor_2.13.0-M5,9,24,Scala,https://github.com/akka/akka,https://akka.io/,2019-05-21T08:50:28Z,25,,12644,2023-03-21T16:09:37.000Z,false,pkg:maven/com.typesafe.akka/akka-actor_2.13.0-M5
net.databinder:unfiltered-netty-server,9,26,Scala,https://github.com/unfiltered/unfiltered,http://unfiltered.databinder.net/,2015-01-12T00:31:30Z,26,,709,2026-08-31T23:25:32.000Z,false,pkg:maven/net.databinder/unfiltered-netty-server_2.10
io.iteratee:iteratee-core,9,58,Scala,https://github.com/travisbrown/iteratee,https://github.com/travisbrown/iteratee,2019-09-30T10:33:50Z,17,,185,2023-02-26T22:19:52.000Z,false,pkg:maven/io.iteratee/iteratee-core_2.11
io.kamon:kamon-instrumentation-common,9,61,Scala,https://github.com/kamon-io/Kamon,http://kamon.io,2025-04-23T21:24:14Z,29,,1426,2026-01-19T13:16:26.000Z,false,pkg:maven/io.kamon/kamon-instrumentation-common_2.12
com.twitter:twitter-server,9,41,Scala,https://github.com/twitter/twitter-server,https://github.com/twitter/twitter-server,2021-02-11T00:15:21Z,26,,1603,2026-02-13T19:11:48.000Z,false,pkg:maven/com.twitter/twitter-server_2.11
com.spotify:scio-core,9,103,Scala,https://github.com/spotify/scio,https://github.com/spotify/scio,2020-03-30T15:11:19Z,37,,2628,2026-08-11T19:43:46.000Z,false,pkg:maven/com.spotify/scio-core_2.11
org.typelevel:macro-compat_2.13.0-M4,9,15,Scala,https://github.com/milessabin/macro-compat,https://github.com/milessabin/macro-compat,2018-05-26T18:48:11Z,16,,86,2019-06-07T18:03:25.000Z,true,pkg:maven/org.typelevel/macro-compat_2.13.0-M4
com.spotify:scio-test,9,61,Scala,https://github.com/spotify/scio,https://github.com/spotify/scio,2026-07-01T20:35:15Z,33,,2628,2026-08-11T19:43:46.000Z,false,pkg:maven/com.spotify/scio-test_2.12
com.mohiva:play-silhouette-persistence,9,14,Scala,https://github.com/mohiva/play-silhouette,http://www.silhouette.rocks/,2020-02-27T16:32:09Z,8,,825,2021-09-12T11:54:29.000Z,true,pkg:maven/com.mohiva/play-silhouette-persistence_2.12
org.openjfx:javafx-controls,9,33,C++,https://github.com/openjdk/jfx,https://openjdk.java.net/projects/openjfx/,2026-07-22T02:21:01Z,525,,3282,2026-08-26T17:53:26.000Z,false,pkg:maven/org.openjfx/javafx-controls
com.typesafe.akka:akka-http-testkit-experimental,9,16,Scala,https://github.com/akka/akka,http://akka.io/,2016-09-30T08:59:52Z,29,,12788,2023-09-25T06:11:21.000Z,false,pkg:maven/com.typesafe.akka/akka-http-testkit-experimental_2.11
io.dropwizard.metrics:metrics-healthchecks,9,36,Java,https://github.com/dropwizard/metrics,https://metrics.dropwizard.io,2026-08-30T01:58:39Z,465,,7845,2026-08-03T15:05:04.000Z,false,pkg:maven/io.dropwizard.metrics/metrics-healthchecks
org.scalaz:scalaz-core_sjs0.6_2.13.0-M4,9,12,Scala,https://github.com/scalaz/scalaz,http://scalaz.org,2018-08-16T08:42:45Z,12,,4673,2026-08-24T22:08:56.000Z,false,pkg:maven/org.scalaz/scalaz-core_sjs0.6_2.13.0-M4
com.typesafe.akka:akka-parsing,9,26,Scala,https://github.com/akka/akka-http,https://akka.io,2023-10-16T09:31:07Z,122,,1350,2026-08-24T06:53:27.000Z,false,pkg:maven/com.typesafe.akka/akka-parsing_2.12
io.monix:monix-cats,9,40,Scala,https://github.com/monix/monix,https://monix.io,2018-01-22T01:58:05Z,18,,1931,2026-08-23T16:47:13.000Z,false,pkg:maven/io.monix/monix-cats_2.11
org.scalameta:scalafmt-core,9,29,Scala,https://github.com/scalameta/scalafmt,https://github.com/scalameta/scalafmt,2026-07-28T00:18:12Z,9,,1489,2026-08-16T01:28:06.000Z,false,pkg:maven/org.scalameta/scalafmt-core_2.12
org.apache.flink:flink-connector-base,9,19,Java,https://github.com/apache/flink,https://flink.apache.org,2026-06-14T15:10:49Z,54,,26288,2026-08-24T15:52:44.000Z,false,pkg:maven/org.apache.flink/flink-connector-base
org.wartremover:wartremover,9,21,Scala,https://github.com/wartremover/wartremover,https://github.com/wartremover/wartremover,2026-07-01T09:02:01Z,12,,1104,2026-08-19T21:52:09.000Z,false,pkg:maven/org.wartremover/wartremover_2.12
org.scalacheck:scalacheck_0.27,9,16,Scala,https://github.com/typelevel/scalacheck,http://www.scalacheck.org,2020-11-06T08:04:10Z,16,,1966,2026-07-27T18:48:22.000Z,false,pkg:maven/org.scalacheck/scalacheck_0.27
com.sun.jersey:jersey-server,9,57,,"",https://jersey.java.net/,2017-05-24T15:50:19Z,973,,,,,pkg:maven/com.sun.jersey/jersey-server
com.twitter:util-collection,9,15,Scala,https://github.com/twitter/util,https://github.com/twitter/util,2019-01-09T19:12:20Z,16,,2721,2025-10-15T23:12:16.000Z,false,pkg:maven/com.twitter/util-collection_2.11
org.scalamock:scalamock-specs2-support,9,15,Scala,https://github.com/paulbutcher/ScalaMock,http://scalamock.org/,2017-05-06T20:01:30Z,11,,478,2023-03-10T17:55:50.000Z,false,pkg:maven/org.scalamock/scalamock-specs2-support_2.10
org.jooq:jooq,9,28,Java,https://github.com/jOOQ/jOOQ,https://www.jooq.org,2026-08-05T02:20:00Z,586,,6777,2026-08-26T16:23:53.000Z,false,pkg:maven/org.jooq/jooq
org.typelevel:doobie-core,9,12,,,,,,,,,,
org.scalaz:scalaz-core_2.13.0-RC3,9,15,Scala,https://github.com/scalaz/scalaz,http://scalaz.org,2019-05-30T06:09:32Z,15,,4673,2026-08-24T22:08:56.000Z,false,pkg:maven/org.scalaz/scalaz-core_2.13.0-RC3
org.typelevel:cats-core_2.13.0-RC2,9,14,Scala,https://github.com/typelevel/cats,https://github.com/typelevel/cats,2019-05-25T17:53:30Z,14,,5456,2026-08-21T12:13:32.000Z,false,pkg:maven/org.typelevel/cats-core_2.13.0-RC2
com.github.bigwheel:util-backports,9,13,,https://github.com/bigwheel/util-backports,https://github.com/bigwheel/util-backports,2020-01-20T12:05:35Z,11,,,,,pkg:maven/com.github.bigwheel/util-backports_2.12
org.threeten:threeten-extra,9,15,Java,https://github.com/ThreeTen/threeten-extra,https://www.threeten.org/threeten-extra,2026-06-17T00:06:50Z,117,,411,2025-08-19T17:27:25.000Z,false,pkg:maven/org.threeten/threeten-extra
org.typelevel:cats-core_2.13.0-RC1,9,13,Scala,https://github.com/typelevel/cats,https://github.com/typelevel/cats,2019-04-25T04:30:22Z,14,,5456,2026-08-21T12:13:32.000Z,false,pkg:maven/org.typelevel/cats-core_2.13.0-RC1
org.scala-lang.modules:scala-parser-combinators_2.13.0-M3,9,11,Scala,https://github.com/scala/scala-parser-combinators,http://www.scala-lang.org/,2018-02-01T21:10:55Z,13,,678,2026-08-21T23:17:48.000Z,false,pkg:maven/org.scala-lang.modules/scala-parser-combinators_2.13.0-M3
org.julienrf:play-json-derived-codecs,9,17,Scala,https://github.com/julienrf/play-json-derived-codecs,https://github.com/julienrf/play-json-derived-codecs,2024-04-11T07:22:42Z,10,,192,2024-04-11T07:09:17.000Z,false,pkg:maven/org.julienrf/play-json-derived-codecs_2.12
org.virtuslab:scala-yaml,9,31,Scala,https://github.com/VirtusLab/scala-yaml,https://github.com/VirtusLab/scala-yaml,2026-07-22T00:15:04Z,3,,106,2026-08-24T08:36:58.000Z,false,pkg:maven/org.virtuslab/scala-yaml_3
com.chuusai:shapeless_2.13.0-RC2,9,14,Scala,https://github.com/milessabin/shapeless,https://github.com/milessabin/shapeless,2019-05-20T11:09:28Z,16,,3402,2026-08-23T08:01:53.000Z,false,pkg:maven/com.chuusai/shapeless_2.13.0-RC2
org.scorexfoundation:scrypto,9,19,Scala,https://github.com/input-output-hk/scrypto,https://github.com/input-output-hk/scrypto,2025-03-18T11:35:40Z,19,,203,2025-03-18T10:41:33.000Z,false,pkg:maven/org.scorexfoundation/scrypto_2.12
me.shadaj:slinky-web,9,29,Scala,https://github.com/shadaj/slinky,https://github.com/shadaj/slinky,2021-10-23T20:11:12Z,10,,671,2025-03-07T20:09:23.000Z,false,pkg:maven/me.shadaj/slinky-web_sjs0.6_2.12
com.googlecode.json-simple:json-simple,9,31,,http://json-simple.googlecode.com/svn/trunk/,http://code.google.com/p/json-simple/,2012-03-21T05:11:34Z,1462,,,,,pkg:maven/com.googlecode.json-simple/json-simple
com.softwaremill.sttp.client4:fs2,9,24,Scala,https://github.com/softwaremill/sttp,http://softwaremill.com/open-source,2026-07-09T00:12:55Z,0,,1502,2026-08-28T03:28:25.000Z,false,pkg:maven/com.softwaremill.sttp.client4/fs2_3
com.typesafe.play:play-exceptions,9,17,Scala,https://github.com/playframework/playframework,https://github.com/playframework/playframework,2026-05-21T04:58:30Z,20,,12621,2026-08-24T21:23:35.000Z,false,pkg:maven/com.typesafe.play/play-exceptions
net.sf.jtidy:jtidy,9,62,,http://svn.sourceforge.net/viewcvs.cgi/jtidy/trunk/jtidy/,http://jtidy.sourceforge.net,2010-07-20T11:45:12Z,162,,,,,pkg:maven/net.sf.jtidy/jtidy
org.apache.mesos:mesos,9,18,,https://gitbox.apache.org/repos/asf/mesos.git,http://mesos.apache.org,2020-11-17T14:00:32Z,74,,,,,pkg:maven/org.apache.mesos/mesos
com.softwaremill.common:tagging,9,47,Scala,https://github.com/softwaremill/scala-common,http://softwaremill.com/open-source,2024-04-24T13:05:52Z,14,,118,2023-02-24T00:21:44.000Z,false,pkg:maven/com.softwaremill.common/tagging_2.13
org.http4s:http4s-laws,9,50,Scala,https://github.com/http4s/http4s,https://http4s.org/,2026-07-07T00:55:34Z,13,,2626,2026-08-24T01:20:09.000Z,false,pkg:maven/org.http4s/http4s-laws_2.12
org.eclipse.jetty:jetty-plus,9,41,Java,https://github.com/jetty/jetty.project,https://jetty.org,2026-08-03T22:50:51Z,446,,4092,2026-09-01T14:20:17.000Z,false,pkg:maven/org.eclipse.jetty/jetty-plus
org.scalatest:scalatest_sjs0.6_2.12.0-RC2,9,13,Scala,https://github.com/scalatest/scalatest,http://www.scalatest.org,2016-10-18T13:50:53Z,15,,1167,2026-08-21T10:07:44.000Z,false,pkg:maven/org.scalatest/scalatest_sjs0.6_2.12.0-RC2
com.softwaremill.sttp:async-http-client-backend-future,9,20,,https://github.com/softwaremill/async-http-client-backend-future,http://softwaremill.com/open-source,2019-10-14T08:26:56Z,12,,,,,pkg:maven/com.softwaremill.sttp/async-http-client-backend-future_2.12
com.scleradb:sclera-config,9,13,,https://github.com/scleradb/sclera,https://github.com/scleradb/sclera/tree/master/modules/config,2020-05-03T10:51:06Z,13,,,,,pkg:maven/com.scleradb/sclera-config_2.13
org.bouncycastle:bcpg-jdk18on,9,28,Java,https://github.com/bcgit/bc-java,https://www.bouncycastle.org/download/bouncy-castle-java/,2026-05-15T08:01:24Z,85,,2683,2026-08-26T13:04:51.000Z,false,pkg:maven/org.bouncycastle/bcpg-jdk18on
eu.timepit:singleton-ops,9,51,Scala,https://github.com/fthomas/singleton-ops,https://github.com/fthomas/singleton-ops,2020-10-21T16:02:10Z,29,,163,2024-08-12T20:56:33.000Z,true,pkg:maven/eu.timepit/singleton-ops_2.13
org.eclipse.jetty:jetty-websocket,9,44,Java,https://github.com/eclipse/jetty.project,http://www.eclipse.org/jetty,2016-09-22T13:47:24Z,195,,3956,2025-07-02T17:35:46.000Z,false,pkg:maven/org.eclipse.jetty/jetty-websocket
com.lihaoyi:utest_sjs0.6_2.13.0-M5,9,14,,https://github.com/lihaoyi/utest,https://github.com/lihaoyi/utest,2018-09-27T09:27:44Z,17,,,,,pkg:maven/com.lihaoyi/utest_sjs0.6_2.13.0-M5
com.twitter:bijection-avro,9,27,Scala,https://github.com/twitter/bijection,https://github.com/twitter/bijection,2024-11-22T18:19:36Z,17,,658,2024-11-22T02:00:47.000Z,false,pkg:maven/com.twitter/bijection-avro_2.11
c3p0:c3p0,8,14,,"",,2005-11-08T21:58:00Z,340,,,,,pkg:maven/c3p0/c3p0
com.eed3si9n:treehugger,8,27,Scala,https://github.com/eed3si9n/treehugger,http://eed3si9n.com/treehugger,2019-09-10T06:02:56Z,10,,133,2020-12-03T05:06:42.000Z,false,pkg:maven/com.eed3si9n/treehugger_2.10
org.apache.pekko:pekko-http-spray-json,8,45,Scala,https://github.com/apache/pekko-http,,2026-07-25T00:44:01Z,0,,165,2025-03-02T00:43:56.000Z,false,pkg:maven/org.apache.pekko/pekko-http-spray-json_2.13
de.sciss:pdflitz,8,12,Scala,https://github.com/Sciss/PDFlitz,https://github.com/Sciss/PDFlitz,2016-12-29T15:51:17Z,5,,0,2021-05-15T09:45:58.000Z,false,pkg:maven/de.sciss/pdflitz_2.10
org.scalaz:scalaz-core_sjs0.6_2.12.0-RC2,8,11,Scala,https://github.com/scalaz/scalaz,http://scalaz.org,2016-10-27T01:23:14Z,17,,4671,2026-07-27T22:05:45.000Z,false,pkg:maven/org.scalaz/scalaz-core_sjs0.6_2.12.0-RC2
software.amazon.awssdk:ec2,8,20,Java,https://github.com/aws/aws-sdk-java-v2,https://aws.amazon.com/sdkforjava,2026-08-30T02:04:59Z,49,,2610,2026-08-20T21:56:09.000Z,false,pkg:maven/software.amazon.awssdk/ec2
org.apache.httpcomponents:httpasyncclient,8,24,,https://svn.apache.org/repos/asf/httpcomponents/httpasyncclient/branches/4.1.x,http://hc.apache.org/httpcomponents-asyncclient,2021-12-08T21:21:56Z,876,,,,,pkg:maven/org.apache.httpcomponents/httpasyncclient
com.github.sbt.junit:jupiter-interface,8,48,Java,https://github.com/sbt/sbt-jupiter-interface,https://github.com/sbt/sbt-jupiter-interface,2026-03-19T21:18:08Z,0,,35,2025-10-18T00:15:35.000Z,false,pkg:maven/com.github.sbt.junit/jupiter-interface
com.typesafe.play:play-json_2.13.0-M3,8,8,Scala,https://github.com/playframework/play-json,https://github.com/playframework/play-json,2019-10-16T20:54:29Z,8,,375,2026-08-22T00:16:11.000Z,false,pkg:maven/com.typesafe.play/play-json_2.13.0-M3
org.openjfx:javafx-graphics,8,32,C++,https://github.com/openjdk/jfx,https://openjdk.java.net/projects/openjfx/,2026-07-22T02:21:07Z,397,,3279,2026-08-19T01:18:48.000Z,false,pkg:maven/org.openjfx/javafx-graphics
org.scalameta:munit-scalacheck_3.0.0-RC3,8,14,Scala,https://github.com/scalameta/munit,https://github.com/scalameta/munit,2021-05-13T15:10:00Z,14,,472,2026-08-18T22:48:13.000Z,false,pkg:maven/org.scalameta/munit-scalacheck_3.0.0-RC3
com.47deg:github4s,8,18,Scala,https://github.com/47degrees/github4s,https://github.com/47degrees/github4s,2024-03-01T19:17:00Z,6,,231,2025-04-23T11:53:55.000Z,false,pkg:maven/com.47deg/github4s_2.12
com.github.mrpowers:spark-daria,8,13,Scala,https://github.com/MrPowers/spark-daria,https://github.com/MrPowers/spark-daria,2022-02-09T19:08:45Z,11,,710,2022-02-09T19:23:25.000Z,false,pkg:maven/com.github.mrpowers/spark-daria_2.12
io.kamon:kamon-executors,8,45,Scala,https://github.com/kamon-io/Kamon,http://kamon.io,2025-04-23T21:24:13Z,16,,1426,2026-01-19T13:16:26.000Z,false,pkg:maven/io.kamon/kamon-executors_2.11
org.typelevel:macro-compat_2.12.0-RC2,8,15,Scala,https://github.com/milessabin/macro-compat,https://github.com/milessabin/macro-compat,2016-10-19T08:35:14Z,24,,86,2019-06-07T18:03:25.000Z,true,pkg:maven/org.typelevel/macro-compat_2.12.0-RC2
cascading:cascading-hadoop,8,34,,,,,,,,,,
org.atnos:eff,8,52,Scala,https://github.com/atnos-org/eff,https://github.com/atnos-org/eff,2025-03-16T10:53:20Z,21,,587,2026-08-17T21:50:34.000Z,false,pkg:maven/org.atnos/eff_2.12
org.webjars:webjars-locator-core,8,14,Java,https://github.com/webjars/webjars-locator-core,http://webjars.org,2024-06-08T00:12:10Z,142,,22,2026-02-02T01:32:59.000Z,false,pkg:maven/org.webjars/webjars-locator-core
com.storm-enroute:scalameter-core,8,19,Scala,https://github.com/scalameter/scalameter,http://scalameter.github.io/,2016-11-10T17:04:40Z,9,,502,2022-08-22T09:03:55.000Z,false,pkg:maven/com.storm-enroute/scalameter-core_2.11
org.scala-js:scalajs-dom_sjs1.0-RC2,8,17,Scala,https://github.com/scala-js/scala-js-dom,http://scala-js.org/,2019-12-12T09:59:02Z,10,,282,2023-03-11T20:50:43.000Z,false,pkg:maven/org.scala-js/scalajs-dom_sjs1.0-RC2_2.13
io.swagger:swagger-parser,8,15,,http://svn.sonatype.org/spice/tags/oss-parent-5,http://nexus.sonatype.org/oss-repository-hosting.html,2026-04-14T12:01:30Z,152,,,,,pkg:maven/io.swagger/swagger-parser
com.github.alexarchambault:argonaut-shapeless_6.2,8,20,Scala,https://github.com/alexarchambault/argonaut-shapeless,https://github.com/alexarchambault/argonaut-shapeless,2020-05-28T16:00:27Z,15,,100,2024-08-21T12:54:45.000Z,false,pkg:maven/com.github.alexarchambault/argonaut-shapeless_6.2_2.11
me.shadaj:slinky-native,8,8,Scala,https://github.com/shadaj/slinky,https://github.com/shadaj/slinky,2025-03-05T22:32:25Z,8,,671,2025-03-07T20:09:23.000Z,false,pkg:maven/me.shadaj/slinky-native_sjs1_2.13
io.swagger:swagger-jaxrs,8,12,Java,https://github.com/swagger-api/swagger-core,https://github.com/swagger-api/swagger-core,2025-05-15T10:18:19Z,382,,7531,2026-08-27T10:48:42.000Z,false,pkg:maven/io.swagger/swagger-jaxrs
ws.unfiltered:unfiltered-jetty,8,44,Scala,https://github.com/unfiltered/unfiltered,https://unfiltered.ws,2025-01-12T06:13:59Z,13,,709,2026-08-31T23:25:32.000Z,false,pkg:maven/ws.unfiltered/unfiltered-jetty_2.12
org.typelevel:otel4s-semconv-experimental,8,27,Scala,https://github.com/typelevel/otel4s,https://typelevel.org/otel4s,2026-08-10T02:05:38Z,0,,214,2026-08-14T07:07:59.000Z,false,pkg:maven/org.typelevel/otel4s-semconv-experimental_2.13
io.reactivex:rxjava,8,24,Java,https://github.com/ReactiveX/RxJava,https://github.com/ReactiveX/RxJava,2018-03-31T15:36:57Z,1096,,48207,2026-08-27T05:03:09.000Z,false,pkg:maven/io.reactivex/rxjava
com.propensive:mercator,8,37,Scala,https://github.com/propensive/mercator,http://propensive.com/,2019-12-04T16:18:50Z,23,,2,2025-02-05T19:46:28.000Z,false,pkg:maven/com.propensive/mercator_2.12
com.aerospike:aerospike-client,8,26,Java,https://github.com/aerospike/aerospike-client-java,https://github.com/aerospike/aerospike-client-java,2024-01-05T18:54:12Z,83,,248,2026-08-13T08:59:57.000Z,false,pkg:maven/com.aerospike/aerospike-client
org.hammerlab:types,8,29,Scala,https://github.com/hammerlab/math-utils,https://github.com/hammerlab/math-utils,2018-10-06T21:13:07Z,9,,7,2019-02-11T15:31:37.000Z,false,pkg:maven/org.hammerlab/types_2.11
com.github.lolgab:scalacheck,8,15,,https://github.com/rickynils/scalacheck,http://www.scalacheck.org,2019-02-26T22:44:03Z,15,,,,,pkg:maven/com.github.lolgab/scalacheck_native0.3_2.11
org.scalatest:scalatest-core_3.0.0-M2,8,18,Scala,https://github.com/scalatest/scalatest,http://www.scalatest.org,2020-11-26T13:13:10Z,19,,1167,2026-08-21T10:07:44.000Z,false,pkg:maven/org.scalatest/scalatest-core_3.0.0-M2
org.tpolecat:doobie-specs2,8,29,Scala,https://github.com/typelevel/doobie,https://github.com/typelevel/doobie,2021-05-23T19:09:54Z,15,,2225,2026-08-28T03:12:28.000Z,false,pkg:maven/org.tpolecat/doobie-specs2_2.12
org.scalatest:scalatest-matchers-core,8,98,Scala,https://github.com/scalatest/scalatest,http://www.scalatest.org,2026-03-25T13:53:44Z,21,,1167,2026-08-21T10:07:44.000Z,false,pkg:maven/org.scalatest/scalatest-matchers-core_2.13
io.swagger.core.v3:swagger-annotations,8,18,Java,https://github.com/swagger-api/swagger-core,https://github.com/swagger-api/swagger-core,2026-09-01T02:04:55Z,1101,,7531,2026-08-27T10:48:42.000Z,false,pkg:maven/io.swagger.core.v3/swagger-annotations
org.typelevel:cats-core_sjs0.6_2.13.0-RC1,8,12,Scala,https://github.com/typelevel/cats,https://github.com/typelevel/cats,2019-04-25T04:20:07Z,14,,5450,2026-08-09T18:15:00.000Z,false,pkg:maven/org.typelevel/cats-core_sjs0.6_2.13.0-RC1
com.github.music-of-the-ainur:almaren-framework,8,19,Scala,https://github.com/music-of-the-ainur/almaren-framework,https://github.com/music-of-the-ainur/almaren-framework,2020-03-25T02:52:04Z,8,,29,2022-11-21T05:44:30.000Z,false,pkg:maven/com.github.music-of-the-ainur/almaren-framework_2.11
com.goyeau:kubernetes-client,8,14,Scala,https://github.com/joan38/kubernetes-client,https://github.com/joan38/kubernetes-client,2025-07-09T20:44:25Z,12,,132,2026-07-08T17:45:46.000Z,false,pkg:maven/com.goyeau/kubernetes-client_2.12
net.databinder:dispatch-http_2.9.1,8,31,Scala,https://github.com/dispatch/reboot,http://dispatch-classic.databinder.net/,2013-06-29T03:09:16Z,55,,430,2023-02-02T15:22:17.000Z,false,pkg:maven/net.databinder/dispatch-http_2.9.1
org.scoverage:scalac-scoverage-reporter,8,44,Scala,https://github.com/scoverage/scalac-scoverage-plugin,http://scoverage.org/,2025-12-16T11:11:02Z,16,,439,2026-08-25T12:20:44.000Z,false,pkg:maven/org.scoverage/scalac-scoverage-reporter_2.13
org.scalatest:scalatest-core_3.0.0-RC1,8,19,Scala,https://github.com/scalatest/scalatest,http://www.scalatest.org,2021-03-06T15:40:58Z,19,,1167,2026-08-21T10:07:44.000Z,false,pkg:maven/org.scalatest/scalatest-core_3.0.0-RC1
java3d:vecmath,8,36,,"",http://java.sun.com/products/java-media/3D/,2005-11-08T22:32:01Z,216,,,,,pkg:maven/java3d/vecmath
javax.mail:javax.mail-api,8,13,Java,https://github.com/javaee/javamail,http://javaee.github.io/javamail,2018-08-29T22:31:11Z,453,,583,2025-08-20T15:28:28.000Z,true,pkg:maven/javax.mail/javax.mail-api
org.ow2.asm:asm-tree,8,24,,https://gitlab.ow2.org/asm/asm/,http://asm.ow2.io/,2026-05-23T13:17:33Z,755,,47,,,pkg:maven/org.ow2.asm/asm-tree
net.bytebuddy:byte-buddy-agent,8,79,Java,https://github.com/raphw/byte-buddy,https://bytebuddy.net,2026-08-18T01:52:50Z,651,,6881,2026-08-20T00:56:55.000Z,false,pkg:maven/net.bytebuddy/byte-buddy-agent
net.spy:spymemcached,8,33,Java,https://github.com/couchbase/spymemcached,http://www.couchbase.org/code/couchbase/java,2017-05-01T08:50:35Z,226,,192,2021-04-30T21:58:47.000Z,false,pkg:maven/net.spy/spymemcached
org.ow2.asm:asm-commons,8,34,,https://gitlab.ow2.org/asm/asm/,http://asm.ow2.io/,2026-05-23T13:17:27Z,1051,,47,,,pkg:maven/org.ow2.asm/asm-commons
org.apache.maven:maven-compat,8,12,Java,https://github.com/apache/maven,https://maven.apache.org/ref/4.0.0-rc-6/,2026-05-13T21:38:54Z,1282,,5319,2026-08-22T11:06:43.000Z,false,pkg:maven/org.apache.maven/maven-compat
com.twitter:finagle-thriftmux,8,40,Scala,https://github.com/twitter/finagle,https://github.com/twitter/finagle,2021-02-11T00:09:26Z,27,,8864,2026-08-13T18:10:51.000Z,false,pkg:maven/com.twitter/finagle-thriftmux_2.11
org.playframework:play-specs2,8,38,Scala,https://github.com/playframework/playframework,https://github.com/playframework/playframework,2026-05-21T04:58:34Z,0,,12621,2026-08-24T21:23:35.000Z,false,pkg:maven/org.playframework/play-specs2_2.13
com.twitter:scrooge-serializer,8,33,Scala,https://github.com/twitter/scrooge,https://github.com/twitter/scrooge,2021-02-10T23:51:10Z,15,,771,2023-02-22T17:21:49.000Z,false,pkg:maven/com.twitter/scrooge-serializer_2.11
org.typelevel:log4cats-testing,8,38,Scala,https://github.com/typelevel/log4cats,https://typelevel.org/log4cats,2026-03-11T12:37:56Z,3,,416,2026-08-07T08:39:09.000Z,false,pkg:maven/org.typelevel/log4cats-testing_2.12
com.google.caliper:caliper,8,32,Java,https://github.com/google/caliper,https://github.com/google/caliper,2021-07-13T16:27:00Z,115,,818,2026-08-18T14:54:51.000Z,false,pkg:maven/com.google.caliper/caliper
io.micrometer:micrometer-registry-prometheus,8,16,Java,https://github.com/micrometer-metrics/micrometer-commercial,https://github.com/micrometer-metrics/micrometer-commercial,2026-08-21T02:01:25Z,888,,4877,2026-08-07T21:22:36.000Z,false,pkg:maven/io.micrometer/micrometer-registry-prometheus
org.apache.flink:flink-table-api-java,8,94,Java,https://github.com/apache/flink,https://flink.apache.org,2026-06-14T14:56:43Z,135,,26288,2026-08-24T15:52:44.000Z,false,pkg:maven/org.apache.flink/flink-table-api-java
com.github.alonsodomin.cron4s:cron4s-core,8,48,Scala,https://github.com/alonsodomin/cron4s,https://github.com/alonsodomin/cron4s,2025-02-04T07:51:11Z,12,,124,2025-09-11T15:05:53.000Z,false,pkg:maven/com.github.alonsodomin.cron4s/cron4s-core_2.12
io.othree:a-ok,8,14,Scala,https://github.com/othree-oss/a-ok,https://github.com/othree-oss/a-ok,2018-05-31T22:59:31Z,14,,0,2018-06-05T14:41:59.000Z,false,pkg:maven/io.othree/a-ok_2.12
ws.unfiltered:unfiltered-filter,8,73,Scala,https://github.com/unfiltered/unfiltered,http://unfiltered.ws,2017-04-05T11:26:56Z,16,,709,2026-08-31T23:25:32.000Z,false,pkg:maven/ws.unfiltered/unfiltered-filter_2.10
org.scalatest:scalatest_sjs0.6_2.13.0-M2,8,12,Scala,https://github.com/scalatest/scalatest,http://www.scalatest.org,2018-01-29T13:33:16Z,15,,1167,2026-08-21T10:07:44.000Z,false,pkg:maven/org.scalatest/scalatest_sjs0.6_2.13.0-M2
org.neo4j:neo4j,8,12,Java,https://github.com/neo4j/neo4j,http://components.neo4j.org/parent/2026.07.1,2026-01-16T08:52:51Z,224,,17115,2026-08-07T16:25:48.000Z,false,pkg:maven/org.neo4j/neo4j
org.webjars:webjars-play,8,10,Scala,https://github.com/webjars/webjars-play,https://github.com/webjars/webjars-play,2019-06-20T12:58:04Z,7,,81,2026-04-07T22:10:04.000Z,false,pkg:maven/org.webjars/webjars-play_2.11
com.thoughtworks.sde:core,8,44,Scala,https://github.com/ThoughtWorksInc/sde,https://github.com/ThoughtWorksInc/sde,2020-04-19T03:49:11Z,8,,3,2023-03-10T20:37:21.000Z,false,pkg:maven/com.thoughtworks.sde/core_2.11
com.typesafe.play:play-jdbc-api,8,24,Scala,https://github.com/playframework/playframework,https://github.com/playframework/playframework,2026-05-21T04:58:30Z,9,,12621,2026-08-24T21:23:35.000Z,false,pkg:maven/com.typesafe.play/play-jdbc-api_2.13
io.grpc:grpc-all,8,13,Java,https://github.com/grpc/grpc-java,https://github.com/grpc/grpc-java,2026-09-02T02:09:05Z,251,,10430,2023-03-22T01:35:47.000Z,false,pkg:maven/io.grpc/grpc-all
org.flywaydb:flyway-database-postgresql,8,12,Java,https://github.com/flyway/flyway,https://flywaydb.org,2026-08-27T00:35:14Z,0,,10018,2026-08-13T10:11:04.000Z,false,pkg:maven/org.flywaydb/flyway-database-postgresql
com.github.romix.akka:akka-kryo-serialization,8,23,,https://github.com/romix/akka-kryo-serialization,https://github.com/romix/akka-kryo-serialization,2016-10-29T18:03:49Z,25,,,,,pkg:maven/com.github.romix.akka/akka-kryo-serialization_2.11
org.openjfx:javafx-media,8,33,C++,https://github.com/openjdk/jfx,https://openjdk.java.net/projects/openjfx/,2026-07-21T16:10:49Z,145,,3282,2026-08-26T17:53:26.000Z,false,pkg:maven/org.openjfx/javafx-media
org.openurp.std:openurp-std-api,8,13,Scala,https://github.com/openurp/api,http://openurp.github.io/api/index.html,2026-08-12T02:25:00Z,16,,4,2026-08-21T06:15:25.000Z,false,pkg:maven/org.openurp.std/openurp-std-api
org.junit.platform:junit-platform-launcher,8,31,Java,https://github.com/junit-team/junit-framework,https://junit.org/,2026-08-08T02:31:39Z,2364,,7041,2026-08-26T21:49:43.000Z,false,pkg:maven/org.junit.platform/junit-platform-launcher
net.jcazevedo:moultingyaml,8,17,Scala,https://github.com/jcazevedo/moultingyaml,https://github.com/jcazevedo/moultingyaml,2020-03-30T12:01:57Z,10,,100,2022-09-13T21:31:10.000Z,false,pkg:maven/net.jcazevedo/moultingyaml_2.12
org.apache.maven:maven-model,8,8,Java,https://github.com/apache/maven,https://maven.apache.org/ref/4.0.0-rc-6/,2026-05-18T00:13:31Z,1731,,5319,2026-08-22T11:06:43.000Z,false,pkg:maven/org.apache.maven/maven-model
org.lmdbjava:lmdbjava,8,21,Java,https://github.com/lmdbjava/lmdbjava,https://github.com/lmdbjava/lmdbjava,2026-02-06T03:16:19Z,39,,873,2026-08-14T11:36:25.000Z,false,pkg:maven/org.lmdbjava/lmdbjava
org.bdgenomics.adam:adam-cli-spark2,8,25,Scala,https://github.com/bigdatagenomics/adam,http://bdgenomics.org/,2020-12-16T20:02:36Z,13,,1056,2026-03-17T20:10:53.000Z,false,pkg:maven/org.bdgenomics.adam/adam-cli-spark2_2.11
org.openjdk.jmh:jmh-generator-asm,8,29,Java,https://github.com/openjdk/jmh,http://openjdk.java.net/projects/code-tools/jmh/,2020-09-02T15:32:50Z,44,,2667,2026-07-14T14:46:24.000Z,false,pkg:maven/org.openjdk.jmh/jmh-generator-asm
org.codehaus.jettison:jettison,8,14,Java,https://github.com/jettison-json/jettison,https://github.com/jettison-json/jettison,2026-07-24T07:41:43Z,786,,50,2026-07-24T07:40:50.000Z,false,pkg:maven/org.codehaus.jettison/jettison
org.duckdb:duckdb_jdbc,8,16,,"",,2025-03-10T10:59:35Z,6,,,,,pkg:maven/org.duckdb/duckdb_jdbc
com.codecommit:cats-effect-testing-scalatest,8,17,Scala,https://github.com/djspiewak/cats-effect-testing,https://github.com/djspiewak/cats-effect-testing,2021-05-23T23:12:19Z,19,,156,2023-03-17T08:58:56.000Z,false,pkg:maven/com.codecommit/cats-effect-testing-scalatest_2.12
com.47deg:fetch,8,35,Scala,https://github.com/47degrees/fetch,https://47degrees.github.io/fetch/,2020-03-10T23:42:14Z,7,,490,2023-02-24T05:09:23.000Z,false,pkg:maven/com.47deg/fetch_2.11
com.databricks:dbutils-api,8,13,,"",https://www.databricks.com,2020-11-13T03:54:26Z,10,,,,,pkg:maven/com.databricks/dbutils-api_2.11
com.typesafe.akka:akka-persistence-query-experimental,8,12,Scala,https://github.com/akka/akka,http://akka.io/,2017-08-10T16:48:53Z,74,,13223,2025-10-18T05:06:10.000Z,false,pkg:maven/com.typesafe.akka/akka-persistence-query-experimental_2.11
org.wiremock:wiremock,8,31,Java,https://github.com/wiremock/wiremock,https://wiremock.org,2025-11-14T12:39:55Z,0,,7332,2026-08-11T13:49:52.000Z,false,pkg:maven/org.wiremock/wiremock
net.minidev:json-smart,8,11,Java,https://github.com/netplex/json-smart-v2,https://urielch.github.io/,2025-08-02T21:31:21Z,606,,172,2025-11-01T00:01:33.000Z,false,pkg:maven/net.minidev/json-smart
org.apache.thrift:libfb303,8,33,,https://git-wip-us.apache.org/repos/asf?p=thrift.git,http://thrift.apache.org,2015-10-12T02:07:39Z,106,,,,,pkg:maven/org.apache.thrift/libfb303
io.chrisdavenport:mules,8,29,Scala,https://github.com/davenverse/mules,https://github.com/davenverse/mules,2023-04-12T20:48:44Z,8,,59,2023-02-23T10:11:38.000Z,false,pkg:maven/io.chrisdavenport/mules_2.12
com.github.simplyscala:scalatest-embedmongo,8,12,Scala,https://github.com/SimplyScala/scalatest-embedmongo,https://github.com/SimplyScala/scalatest-embedmongo,2017-03-21T16:23:34Z,19,,42,2019-10-20T21:47:17.000Z,false,pkg:maven/com.github.simplyscala/scalatest-embedmongo_2.11
org.typelevel:cats-core_sjs1_3.0.0-M1,8,15,Scala,https://github.com/typelevel/cats,https://github.com/typelevel/cats,2020-11-26T03:36:05Z,15,,5456,2026-08-21T12:13:32.000Z,false,pkg:maven/org.typelevel/cats-core_sjs1_3.0.0-M1
org.scalatest:scalatest_sjs0.6_2.13.0-M3,8,10,Scala,https://github.com/scalatest/scalatest,http://www.scalatest.org,2018-02-13T03:17:14Z,11,,1167,2026-08-21T10:07:44.000Z,false,pkg:maven/org.scalatest/scalatest_sjs0.6_2.13.0-M3
org.apache.maven.plugin-testing:maven-plugin-testing-harness,8,8,,https://github.com/apache/maven-plugin-testing,https://maven.apache.org/plugin-testing/maven-plugin-testing-harness/,2026-02-04T22:34:28Z,1074,,18,2026-08-10T01:20:29.000Z,false,pkg:maven/org.apache.maven.plugin-testing/maven-plugin-testing-harness
com.github.javaparser:javaparser-core,8,106,Java,https://github.com/javaparser/javaparser,https://github.com/javaparser,2026-05-31T13:33:17Z,482,,6141,2026-08-23T21:38:58.000Z,false,pkg:maven/com.github.javaparser/javaparser-core
com.github.xenoby:javalib_native0.3.6-20-g0afae98f36,8,14,Scala,https://github.com/scala-native/scala-native,http://www.scala-native.org,2018-02-06T03:42:12Z,14,,4673,2026-07-27T03:35:08.000Z,false,pkg:maven/com.github.xenoby/javalib_native0.3.6-20-g0afae98f36_2.11
com.github.xenoby:nativelib_native0.3.6-20-g0afae98f36,8,16,Scala,https://github.com/scala-native/scala-native,http://www.scala-native.org,2018-02-06T03:41:52Z,16,,4673,2026-07-27T03:35:08.000Z,false,pkg:maven/com.github.xenoby/nativelib_native0.3.6-20-g0afae98f36_2.11
com.typesafe.akka:akka-stream-testkit_2.13.0-M5,8,44,Scala,https://github.com/akka/akka,https://akka.io/,2019-05-21T08:58:12Z,47,,12644,2023-03-21T16:09:37.000Z,false,pkg:maven/com.typesafe.akka/akka-stream-testkit_2.13.0-M5
io.janstenpickle:trace4cats-kernel,8,55,Scala,https://github.com/trace4cats/trace4cats,https://github.com/trace4cats/trace4cats,2024-02-11T13:44:36Z,42,,188,2026-07-28T22:43:14.000Z,false,pkg:maven/io.janstenpickle/trace4cats-kernel_2.12
com.github.xenoby:scalalib_native0.3.6-20-g0afae98f36,8,13,Scala,https://github.com/scala-native/scala-native,http://www.scala-native.org,2018-02-06T03:42:32Z,13,,4673,2026-07-27T03:35:08.000Z,false,pkg:maven/com.github.xenoby/scalalib_native0.3.6-20-g0afae98f36_2.11
de.sciss:audiowidgets-app,8,13,,git@git.iem.at:sciss/AudioWidgets.git,https://git.iem.at/sciss/AudioWidgets,2019-06-08T23:56:18Z,4,,,,,pkg:maven/de.sciss/audiowidgets-app_2.11
org.beangle.commons:beangle-commons-web,8,50,Scala,https://github.com/beangle/commons,https://github.com/beangle/commons,2019-04-10T10:22:03Z,30,,2,2025-08-23T16:09:52.000Z,false,pkg:maven/org.beangle.commons/beangle-commons-web_2.12
org.scalatest:scalatest-propspec,8,53,Scala,https://github.com/scalatest/scalatest,http://www.scalatest.org,2026-03-25T13:53:44Z,7,,1167,2026-08-21T10:07:44.000Z,false,pkg:maven/org.scalatest/scalatest-propspec_2.13
org.easytesting:fest-assert,8,100,Java,https://github.com/alexruiz/fest-assert-1.x,http://fest.easytesting.org/assert,2011-02-22T07:45:59Z,1211,,14,2017-08-09T19:24:28.000Z,false,pkg:maven/org.easytesting/fest-assert
org.scalacheck:scalacheck_sjs1_3.0.0-M2,8,10,Scala,https://github.com/typelevel/scalacheck,http://www.scalacheck.org,2020-12-17T12:35:11Z,11,,1966,2026-07-27T18:48:22.000Z,false,pkg:maven/org.scalacheck/scalacheck_sjs1_3.0.0-M2
org.bitbucket.b_c:jose4j,8,19,java,https://bitbucket.org/b_c/jose4j,https://bitbucket.org/b_c/jose4j/,2024-03-06T18:49:03Z,326,,,,,pkg:maven/org.bitbucket.b_c/jose4j
com.twitter:finagle-mysql,8,21,Scala,https://github.com/twitter/finagle,https://github.com/twitter/finagle,2016-04-27T18:45:44Z,6,,8864,2026-08-13T18:10:51.000Z,false,pkg:maven/com.twitter/finagle-mysql_2.10
com.amazonaws:amazon-kinesis-producer,8,19,C++,https://github.com/awslabs/amazon-kinesis-producer,https://aws.amazon.com/kinesis,2024-10-19T05:56:10Z,43,,416,2026-07-24T11:15:18.000Z,false,pkg:maven/com.amazonaws/amazon-kinesis-producer
org.scalacheck:scalacheck_sjs0.6_2.12.0-RC2,8,13,Scala,https://github.com/rickynils/scalacheck,http://www.scalacheck.org,2016-10-19T21:20:20Z,15,,1858,2023-03-17T01:15:47.000Z,false,pkg:maven/org.scalacheck/scalacheck_sjs0.6_2.12.0-RC2
org.apache.lucene:lucene-facet,8,15,,https://gitbox.apache.org/repos/asf?p=lucene.git,https://lucene.apache.org/,2026-08-13T02:26:34Z,91,,,,,pkg:maven/org.apache.lucene/lucene-facet
org.typelevel:discipline-core_3.0.0-RC2,8,11,Scala,https://github.com/typelevel/discipline,https://github.com/typelevel/discipline,2021-03-29T16:08:06Z,11,,336,2026-07-27T16:49:06.000Z,false,pkg:maven/org.typelevel/discipline-core_3.0.0-RC2
org.scalatest:scalatest_sjs1_3.0.0-RC2,8,8,Scala,https://github.com/scalatest/scalatest,http://www.scalatest.org,2021-04-01T05:36:54Z,9,,1167,2026-08-21T10:07:44.000Z,false,pkg:maven/org.scalatest/scalatest_sjs1_3.0.0-RC2
com.github.mauricio:postgresql-async,8,17,,https://github.com/mauricio/postgresql-netty,https://github.com/mauricio/postgresql-async,2017-01-09T17:30:22Z,11,,,,,pkg:maven/com.github.mauricio/postgresql-async_2.11
io.prometheus:prometheus-metrics-core,8,15,Java,https://github.com/prometheus/client_java,http://github.com/prometheus/client_java,2026-06-12T00:03:14Z,0,,2286,2026-08-27T17:06:03.000Z,false,pkg:maven/io.prometheus/prometheus-metrics-core
org.scala-graph:graph-dot,8,18,Scala,https://github.com/scala-graph/scala-graph,http://scala-graph.org,2017-04-21T07:23:32Z,10,,575,2025-08-06T10:24:01.000Z,false,pkg:maven/org.scala-graph/graph-dot_2.11
com.typesafe:mima-core,8,18,Scala,https://github.com/lightbend-labs/mima,http://github.com/lightbend-labs/mima,2026-06-15T12:50:20Z,9,,477,2025-09-15T11:02:06.000Z,false,pkg:maven/com.typesafe/mima-core_2.13
com.twitter:util-eval,8,39,Scala,https://github.com/twitter/util,https://github.com/twitter/util,2017-04-21T18:59:55Z,36,,2721,2025-10-15T23:12:16.000Z,false,pkg:maven/com.twitter/util-eval_2.11
org.clulab:processors-main,8,20,Java,https://github.com/clulab/processors,https://github.com/clulab/processors,2024-01-11T15:26:14Z,11,,424,2026-05-04T16:23:28.000Z,false,pkg:maven/org.clulab/processors-main_2.11
com.lihaoyi:mill-main-api,8,53,Scala,https://github.com/com-lihaoyi/mill,https://github.com/com-lihaoyi/mill,2025-12-17T10:14:50Z,40,,2781,2026-08-22T17:37:30.000Z,false,pkg:maven/com.lihaoyi/mill-main-api_2.13
com.tethys-json:tethys-core,8,54,Scala,https://github.com/tethys-json/tethys,https://github.com/tethys-json/tethys,2025-11-11T15:20:45Z,17,,121,2026-07-13T23:42:18.000Z,false,pkg:maven/com.tethys-json/tethys-core_2.12
dev.zio:zio-test_3.0.0-RC3,8,13,Scala,https://github.com/zio/zio,https://zio.dev,2021-04-23T04:25:07Z,15,,4407,2026-08-22T01:12:38.000Z,false,pkg:maven/dev.zio/zio-test_3.0.0-RC3
org.scala-js:scalajs-sbt-test-adapter,8,24,Scala,https://github.com/scala-js/scala-js,https://www.scala-js.org/,2026-06-21T00:11:01Z,15,,4710,2026-08-15T18:05:40.000Z,false,pkg:maven/org.scala-js/scalajs-sbt-test-adapter_2.12
org.scala-sbt:librarymanagement-ivy,8,26,Scala,https://github.com/sbt/librarymanagement,https://github.com/sbt/librarymanagement,2026-07-17T00:07:23Z,16,,54,2026-09-01T07:34:45.000Z,false,pkg:maven/org.scala-sbt/librarymanagement-ivy_2.12
com.jcraft:jzlib,8,35,Java,https://github.com/ymnk/jzlib,http://www.jcraft.com/jzlib/,2013-10-04T07:54:57Z,393,,199,2023-05-25T18:04:44.000Z,false,pkg:maven/com.jcraft/jzlib
io.scalajs:nodejs,8,80,,https://github.com/scalajs-io/scalajs-io,https://github.com/scalajs-io/scalajs-io,2017-10-14T21:07:31Z,83,,,,,pkg:maven/io.scalajs/nodejs_sjs0.6_2.12
edu.gemini:lucuma-core,8,35,Scala,https://github.com/gemini-hlsw/lucuma-core,https://github.com/gemini-hlsw/lucuma-core,2026-09-02T01:52:13Z,11,,8,2023-03-21T21:04:56.000Z,false,pkg:maven/edu.gemini/lucuma-core_3
org.scala-tools.testing:specs_2.9.0-1,8,43,,http://specs.googlecode.com/svn/trunk,http://code.google.com/p/specs/,2011-05-31T07:37:44Z,148,,,,,pkg:maven/org.scala-tools.testing/specs_2.9.0-1
com.typesafe.play:play-jdbc-evolutions,8,31,Scala,https://github.com/playframework/playframework,https://playframework.com,2020-12-14T10:30:53Z,11,,12621,2026-08-24T21:23:35.000Z,false,pkg:maven/com.typesafe.play/play-jdbc-evolutions_2.11
com.github.finagle:finch-core,8,76,Scala,https://github.com/finagle/finch,https://github.com/finagle/finch,2019-09-09T22:38:58Z,30,,1589,2023-03-10T19:37:57.000Z,false,pkg:maven/com.github.finagle/finch-core_2.11
org.scalameta:contrib,8,18,Scala,https://github.com/scalameta/scalameta,https://github.com/scalameta/scalameta,2019-04-10T21:23:08Z,18,,1155,2026-07-27T01:52:11.000Z,false,pkg:maven/org.scalameta/contrib_2.12
org.scala-lang.modules:scala-java8-compat_2.13.0-M5,8,11,Scala,https://github.com/scala/scala-java8-compat,http://www.scala-lang.org/,2018-09-20T23:19:00Z,11,,437,2023-02-13T20:25:25.000Z,false,pkg:maven/org.scala-lang.modules/scala-java8-compat_2.13.0-M5
io.circe:circe-scalajs,8,20,Scala,https://github.com/circe/circe,https://github.com/circe/circe,2026-06-25T00:01:53Z,5,,2541,2026-07-23T08:36:23.000Z,false,pkg:maven/io.circe/circe-scalajs_sjs1_2.13
com.softwaremill.sttp.tapir:tapir-zio-http-server,8,12,Scala,https://github.com/softwaremill/tapir,http://softwaremill.com/open-source,2026-08-08T02:35:48Z,2,,1469,2026-08-30T08:03:16.000Z,false,pkg:maven/com.softwaremill.sttp.tapir/tapir-zio-http-server_2.12
io.netty:netty-resolver,8,14,Java,https://github.com/netty/netty,http://netty.io/,2026-08-07T02:08:51Z,738,,35042,2026-09-01T17:28:18.000Z,false,pkg:maven/io.netty/netty-resolver
org.scalatest:scalatest_2.8.0,8,8,,"",http://www.artima.com/scalatest/,2011-05-12T01:33:29Z,8,,,,,pkg:maven/org.scalatest/scalatest_2.8.0
org.apache.spark:spark-core_${scala.binary.version},8,13,,,,,,,,,,
io.get-coursier:coursier-core,8,27,Scala,https://github.com/coursier/coursier,https://github.com/coursier/coursier,2025-01-09T21:19:18Z,7,,2135,2026-08-21T13:13:32.000Z,false,pkg:maven/io.get-coursier/coursier-core_2.12
org.apache.pekko:pekko-persistence,8,47,,,,,,,,,,
com.eed3si9n:sjson-new-core,8,60,Scala,https://github.com/eed3si9n/sjson-new,https://github.com/eed3si9n/sjson-new,2024-07-06T17:40:24Z,19,,36,2025-08-28T02:00:33.000Z,false,pkg:maven/com.eed3si9n/sjson-new-core_2.12
org.agrona:agrona,8,18,Java,https://github.com/aeron-io/agrona,https://github.com/aeron-io/agrona,2026-08-21T01:52:12Z,183,,3085,2025-10-06T10:21:51.000Z,false,pkg:maven/org.agrona/agrona
io.altoo:akka-kryo-serialization,8,17,Scala,https://github.com/altoo-ag/akka-kryo-serialization,https://github.com/altoo-ag/akka-kryo-serialization,2023-11-09T15:14:47Z,8,,238,2023-01-16T13:41:23.000Z,false,pkg:maven/io.altoo/akka-kryo-serialization_2.13
org.scala-tools.testing:specs_2.9.2,8,27,Scala,https://github.com/etorreborre/specs,http://code.google.com/p/specs/,2012-06-01T22:59:30Z,49,,0,2015-03-12T22:57:25.000Z,false,pkg:maven/org.scala-tools.testing/specs_2.9.2
org.scalatestplus:mockito-5-12,8,42,,,,,,,,,,
org.bdgenomics.utils:utils-misc-spark2,8,58,Scala,https://github.com/bigdatagenomics/utils,http://bdgenomics.org/,2020-06-21T21:41:22Z,26,,18,2025-05-06T16:47:48.000Z,false,pkg:maven/org.bdgenomics.utils/utils-misc-spark2_2.11
org.apache.spark:spark-sql_${scala.binary.version},8,13,,,,,,,,,,
org.typelevel:otel4s-core-trace,8,30,Scala,https://github.com/typelevel/otel4s,https://typelevel.org/otel4s,2026-03-07T09:54:03Z,0,,214,2026-08-14T07:07:59.000Z,false,pkg:maven/org.typelevel/otel4s-core-trace_native0.4_2.13
com.github.ghostdogpr:caliban,8,54,Scala,https://github.com/ghostdogpr/caliban,https://github.com/ghostdogpr/caliban,2026-07-09T00:08:36Z,20,,995,2026-08-20T07:13:03.000Z,false,pkg:maven/com.github.ghostdogpr/caliban_2.12
dev.zio:zio-blocks-schema,8,37,Scala,https://github.com/zio/zio-blocks,https://zio.dev,2026-08-01T02:19:42Z,0,,139,2026-08-18T02:48:15.000Z,false,pkg:maven/dev.zio/zio-blocks-schema_2.13
org.json4s:json4s-native_2.9.2,8,13,Scala,https://github.com/json4s/json4s,https://github.com/json4s/json4s,2014-10-23T23:37:25Z,14,,1485,2026-08-20T05:32:53.000Z,false,pkg:maven/org.json4s/json4s-native_2.9.2
org.scalameta:munit-scalacheck_3.0.0-M3,8,9,Scala,https://github.com/scalameta/munit,https://github.com/scalameta/munit,2021-02-16T21:36:49Z,10,,472,2026-08-18T22:48:13.000Z,false,pkg:maven/org.scalameta/munit-scalacheck_3.0.0-M3
com.github.xenoby:auxlib_native0.3.6-20-g0afae98f36,8,14,Scala,https://github.com/scala-native/scala-native,http://www.scala-native.org,2018-02-06T03:41:57Z,14,,4673,2026-07-27T03:35:08.000Z,false,pkg:maven/com.github.xenoby/auxlib_native0.3.6-20-g0afae98f36_2.11
com.softwaremill.sttp.client3:okhttp-backend,8,18,Scala,https://github.com/softwaremill/sttp,http://softwaremill.com/open-source,2025-04-09T16:08:25Z,7,,1503,2026-08-24T00:53:26.000Z,false,pkg:maven/com.softwaremill.sttp.client3/okhttp-backend_2.13
org.glassfish.jaxb:jaxb-runtime,8,15,Java,https://github.com/eclipse-ee4j/jaxb-ri,https://eclipse-ee4j.github.io/jaxb-ri/,2026-05-28T05:20:19Z,2235,,222,2026-08-31T07:58:48.000Z,false,pkg:maven/org.glassfish.jaxb/jaxb-runtime
eu.timepit:refined_3.0.0-RC3,8,8,Scala,https://github.com/fthomas/refined,https://github.com/fthomas/refined,2021-04-21T10:04:19Z,8,,1731,2026-08-21T16:23:41.000Z,false,pkg:maven/eu.timepit/refined_3.0.0-RC3
org.scalatest:scalatest-core_3.0.0-M3,8,19,Scala,https://github.com/scalatest/scalatest,http://www.scalatest.org,2020-12-19T12:03:39Z,19,,1167,2026-08-21T10:07:44.000Z,false,pkg:maven/org.scalatest/scalatest-core_3.0.0-M3
com.github.ghik:silencer-lib_2.13.2,8,22,Scala,https://github.com/ghik/silencer,https://github.com/ghik/silencer,2023-06-12T09:56:53Z,247,,253,2025-12-19T16:38:59.000Z,false,pkg:maven/com.github.ghik/silencer-lib_2.13.2
io.circe:circe-core_3.0.0-RC2,8,14,Scala,https://github.com/circe/circe,https://github.com/circe/circe,2021-04-06T14:17:04Z,14,,2541,2026-07-23T08:36:23.000Z,false,pkg:maven/io.circe/circe-core_3.0.0-RC2
io.jsonwebtoken:jjwt-impl,8,13,Java,https://github.com/jwtk/jjwt,https://github.com/jwtk/jjwt,2026-09-02T14:09:34Z,708,,11116,2026-07-24T12:52:30.000Z,false,pkg:maven/io.jsonwebtoken/jjwt-impl
org.eclipse.jetty:jetty-continuation,8,24,Java,https://github.com/jetty/jetty.project,https://jetty.org/,2025-08-14T02:32:19Z,584,,4092,2026-09-01T14:20:17.000Z,false,pkg:maven/org.eclipse.jetty/jetty-continuation
org.mock-server:mockserver-netty,8,22,Java,https://github.com/jamesdbloom/mockservice,https://www.mock-server.com,2023-01-11T22:58:59Z,388,,4769,2025-07-20T08:34:35.000Z,false,pkg:maven/org.mock-server/mockserver-netty
org.apache.pulsar:pulsar-client,8,24,Java,https://github.com/apache/pulsar,https://pulsar.apache.org,2026-07-26T20:49:57Z,257,,15321,2026-08-31T15:23:40.000Z,false,pkg:maven/org.apache.pulsar/pulsar-client
tools.jackson.module:jackson-module-scala,8,27,Scala,https://github.com/FasterXML/jackson-module-scala,https://github.com/FasterXML/jackson-module-scala,2026-08-16T01:53:02Z,0,,506,2026-08-23T22:39:06.000Z,false,pkg:maven/tools.jackson.module/jackson-module-scala_2.12
org.jblas:jblas,8,23,Java,https://github.com/jblas-project/jblas,http://jblas.org/,2020-08-23T14:17:04Z,61,,604,2023-07-07T12:15:23.000Z,false,pkg:maven/org.jblas/jblas
org.scalaz:scalaz-core_2.13.0-M2,8,15,Scala,https://github.com/scalaz/scalaz,http://scalaz.org,2018-02-01T23:51:25Z,15,,4671,2026-07-27T22:05:45.000Z,false,pkg:maven/org.scalaz/scalaz-core_2.13.0-M2
org.specs2:specs2_2.8.1,8,16,,"",,2011-03-07T20:41:05Z,24,,,,,pkg:maven/org.specs2/specs2_2.8.1
com.typesafe.akka:akka-osgi,8,72,Scala,https://github.com/akka/akka,http://akka.io/,2016-10-28T16:34:40Z,58,,13223,2025-10-18T05:06:10.000Z,false,pkg:maven/com.typesafe.akka/akka-osgi_2.10
org.bdgenomics.utils:utils-metrics,8,27,Scala,https://github.com/bigdatagenomics/utils,http://bdgenomics.org/,2017-03-21T16:19:42Z,15,,18,2025-05-06T16:47:48.000Z,false,pkg:maven/org.bdgenomics.utils/utils-metrics_2.11
com.typesafe.akka:akka-pki,8,12,Scala,https://github.com/akka/akka,https://akka.io/,2024-10-28T08:37:42Z,9,,12644,2023-03-21T16:09:37.000Z,false,pkg:maven/com.typesafe.akka/akka-pki_2.13
org.bdgenomics.utils:utils-cli,8,22,Scala,https://github.com/bigdatagenomics/utils,http://bdgenomics.org/,2017-03-21T16:10:42Z,12,,18,2026-03-17T20:17:16.000Z,false,pkg:maven/org.bdgenomics.utils/utils-cli_2.10
com.softwaremill.sttp.client:circe,8,25,Scala,https://github.com/softwaremill/sttp,http://softwaremill.com/open-source,2022-01-13T12:05:03Z,25,,1503,2026-08-24T00:53:26.000Z,false,pkg:maven/com.softwaremill.sttp.client/circe_2.13
io.getquill:quill-cassandra,8,26,Scala,https://github.com/zio/zio-quill,https://zio.dev/zio-quill,2024-11-24T07:35:11Z,10,,2166,2026-07-22T00:30:53.000Z,false,pkg:maven/io.getquill/quill-cassandra_2.13
com.auth0:jwks-rsa,8,12,Java,https://github.com/auth0/jwks-rsa-java,https://github.com/auth0/jwks-rsa-java,2026-05-15T09:15:04Z,76,,206,2026-07-20T21:53:40.000Z,false,pkg:maven/com.auth0/jwks-rsa
org.scalacheck:scalacheck_2.12.0-M3,8,15,Scala,https://github.com/rickynils/scalacheck,http://www.scalacheck.org,2016-02-03T22:23:59Z,17,,1858,2023-03-17T01:15:47.000Z,false,pkg:maven/org.scalacheck/scalacheck_2.12.0-M3
org.hammerlab:io,8,31,Scala,https://github.com/hammerlab/io-utils,https://github.com/hammerlab/io-utils,2018-10-07T16:48:26Z,13,,2,2018-10-17T05:31:52.000Z,false,pkg:maven/org.hammerlab/io_2.11
org.apache.hbase:hbase-protocol,8,33,,https://gitbox.apache.org/repos/asf?p=hbase.git/hbase-build-configuration/hbase-protocol,https://hbase.apache.org/hbase-build-configuration/hbase-protocol,2026-06-10T02:16:04Z,227,,,,,pkg:maven/org.apache.hbase/hbase-protocol
org.apache.spark:spark-streaming-kafka-0-8,8,18,Scala,https://github.com/apache/spark,http://spark.apache.org/,2021-05-09T21:04:27Z,35,,43858,2026-08-22T16:18:18.000Z,false,pkg:maven/org.apache.spark/spark-streaming-kafka-0-8_2.11
com.netflix.servo:servo-core,8,22,Java,https://github.com/Netflix/servo,https://github.com/Netflix/servo,2021-03-03T16:57:04Z,209,,1432,2025-12-17T00:37:02.000Z,false,pkg:maven/com.netflix.servo/servo-core
com.twitter:util-codec,8,84,Scala,https://github.com/twitter/util,https://github.com/twitter/util,2021-02-10T23:36:03Z,45,,2721,2025-10-15T23:12:16.000Z,false,pkg:maven/com.twitter/util-codec_2.11
org.osgi:org.osgi.compendium,8,73,,private,http://www.osgi.org,2013-09-24T20:12:21Z,3070,,,,,pkg:maven/org.osgi/org.osgi.compendium
org.ow2.asm:asm-all,8,81,,http://svn.forge.objectweb.org/cgi-bin/viewcvs.cgi/asm/trunk/,http://asm.objectweb.org/,2015-05-15T15:05:42Z,403,,,,,pkg:maven/org.ow2.asm/asm-all
io.circe:circe-core_2.13.0-M5,8,19,Scala,https://github.com/circe/circe,https://github.com/circe/circe,2019-11-15T12:56:04Z,19,,2541,2026-07-23T08:36:23.000Z,false,pkg:maven/io.circe/circe-core_2.13.0-M5
net.sourceforge.owlapi:owlapi-distribution,8,30,Java,https://github.com/owlcs/owlapi,http://owlcs.github.io/owlapi/,2024-09-07T21:46:31Z,117,,888,2026-03-02T00:05:40.000Z,false,pkg:maven/net.sourceforge.owlapi/owlapi-distribution
io.get-coursier:coursier-jvm,8,20,Scala,https://github.com/coursier/coursier,https://github.com/coursier/coursier,2025-01-09T21:20:05Z,8,,2135,2026-08-21T13:13:32.000Z,false,pkg:maven/io.get-coursier/coursier-jvm_2.13
org.clapper:classutil,8,13,Scala,https://github.com/bmc/classutil.git,http://software.clapper.org/classutil/,2019-06-11T16:58:05Z,6,,93,2021-07-03T15:36:11.000Z,false,pkg:maven/org.clapper/classutil_2.11
org.glassfish.jersey.containers:jersey-container-servlet,8,22,Java,https://github.com/eclipse-ee4j/jersey,https://projects.eclipse.org/projects/ee4j.jersey,2026-01-30T13:37:37Z,872,,730,2026-07-25T22:44:15.000Z,false,pkg:maven/org.glassfish.jersey.containers/jersey-container-servlet
org.apache.tika:tika-parsers,8,18,Java,https://github.com/apache/tika,https://tika.apache.org/,2026-08-23T02:24:37Z,310,,3997,2026-08-22T20:05:26.000Z,false,pkg:maven/org.apache.tika/tika-parsers
org.apache.flink:flink-runtime-web,8,11,Java,https://github.com/apache/flink,https://flink.apache.org,2022-09-10T08:07:28Z,10,,26288,2026-08-24T15:52:44.000Z,false,pkg:maven/org.apache.flink/flink-runtime-web_2.11
org.scalaz:scalaz-core_2.12.0-M5,8,14,Scala,https://github.com/scalaz/scalaz,http://scalaz.org,2016-09-08T02:49:03Z,15,,4673,2026-08-24T22:08:56.000Z,false,pkg:maven/org.scalaz/scalaz-core_2.12.0-M5
org.everit.json:org.everit.json.schema,8,22,Java,https://github.com/everit-org/json-schema,https://github.com/everit-org/json-schema,2017-03-27T19:01:27Z,88,,803,2023-03-09T21:32:39.000Z,false,pkg:maven/org.everit.json/org.everit.json.schema
com.malliina:util,8,15,Scala,https://github.com/malliina/util,https://github.com/malliina/util,2017-08-20T18:15:42Z,10,,1,2019-03-22T22:10:17.000Z,false,pkg:maven/com.malliina/util_2.11
com.lihaoyi:utest_sjs0.6_2.13.0-RC1,8,14,Scala,https://github.com/lihaoyi/utest,https://github.com/lihaoyi/utest,2019-04-08T13:52:38Z,14,,466,2023-01-25T14:57:11.000Z,false,pkg:maven/com.lihaoyi/utest_sjs0.6_2.13.0-RC1
de.heikoseeberger:akka-http-play-json,8,15,Scala,https://github.com/hseeberger/akka-http-json,https://github.com/hseeberger/akka-http-json,2021-12-23T10:37:39Z,10,,586,2024-07-30T07:52:35.000Z,true,pkg:maven/de.heikoseeberger/akka-http-play-json_2.12
org.typelevel:munit-cats-effect-3_3.0.0-RC2,8,20,Scala,https://github.com/typelevel/munit-cats-effect,https://github.com/typelevel/munit-cats-effect,2021-04-22T12:10:44Z,21,,159,2026-08-02T05:31:52.000Z,false,pkg:maven/org.typelevel/munit-cats-effect-3_3.0.0-RC2
ai.x:play-json-extensions,8,26,Scala,https://github.com/xdotai/play-json-extensions,https://github.com/xdotai/play-json-extensions,2020-02-05T16:42:39Z,22,,192,2022-11-07T15:29:46.000Z,false,pkg:maven/ai.x/play-json-extensions_2.13
io.jsonwebtoken:jjwt-jackson,8,13,Java,https://github.com/jwtk/jjwt,https://github.com/jwtk/jjwt,2025-08-20T23:31:52Z,559,,11121,2026-07-24T12:52:30.000Z,false,pkg:maven/io.jsonwebtoken/jjwt-jackson
ch.epfl.scala:bloop-config,8,24,Scala,https://github.com/scalacenter/bloop,https://github.com/scalacenter/bloop,2025-10-01T12:10:29Z,13,,942,2026-08-12T10:50:53.000Z,false,pkg:maven/ch.epfl.scala/bloop-config_2.12
org.typelevel:cats-testkit_2.13.0-M5,8,10,Scala,https://github.com/typelevel/cats,https://github.com/typelevel/cats,2019-06-03T13:09:53Z,10,,5450,2026-08-09T18:15:00.000Z,false,pkg:maven/org.typelevel/cats-testkit_2.13.0-M5
com.thoughtworks.example:example,8,68,,https://github.com/ThoughtWorksInc/example.scala,https://github.com/ThoughtWorksInc/example.scala,2017-06-09T13:37:35Z,68,,,,,pkg:maven/com.thoughtworks.example/example_2.11
org.glassfish.jersey.containers:jersey-container-servlet-core,8,24,Java,https://github.com/eclipse-ee4j/jersey,https://projects.eclipse.org/projects/ee4j.jersey,2026-06-11T12:55:06Z,741,,730,2026-07-25T22:44:15.000Z,false,pkg:maven/org.glassfish.jersey.containers/jersey-container-servlet-core
org.scala-lang.modules:scala-parser-combinators_2.12.0-RC2,8,12,Scala,https://github.com/scala/scala-parser-combinators,http://www.scala-lang.org/,2016-10-14T19:55:34Z,16,,678,2026-08-21T23:17:48.000Z,false,pkg:maven/org.scala-lang.modules/scala-parser-combinators_2.12.0-RC2
org.typelevel:cats-effect_sjs1_3.0.0-M3,8,10,Scala,https://github.com/typelevel/cats-effect,https://github.com/typelevel/cats-effect,2021-03-29T05:56:15Z,11,,2236,2026-08-28T11:28:14.000Z,false,pkg:maven/org.typelevel/cats-effect_sjs1_3.0.0-M3
io.jsonwebtoken:jjwt-api,8,13,Java,https://github.com/jwtk/jjwt,https://github.com/jwtk/jjwt,2025-08-20T23:31:52Z,683,,11121,2026-07-24T12:52:30.000Z,false,pkg:maven/io.jsonwebtoken/jjwt-api
org.gnieh:fs2-data-xml,8,44,Scala,https://github.com/gnieh/fs2-data,https://gnieh.github.io/fs2-data,2026-04-01T16:01:32Z,6,,159,2025-10-20T13:59:27.000Z,false,pkg:maven/org.gnieh/fs2-data-xml_3
net.liftweb:lift-mongodb-record,7,40,Scala,https://github.com/lift/framework,http://www.liftweb.net,2021-10-08T15:03:53Z,23,,1284,2026-07-26T11:58:58.000Z,false,pkg:maven/net.liftweb/lift-mongodb-record_2.11
org.scalatest:scalatest-core_0.24,7,18,Scala,https://github.com/scalatest/scalatest,http://www.scalatest.org,2020-06-15T14:37:57Z,18,,1167,2026-08-21T10:07:44.000Z,false,pkg:maven/org.scalatest/scalatest-core_0.24
org.apache.flink:flink-csv,7,19,Java,https://github.com/apache/flink,https://flink.apache.org,2026-06-20T00:11:48Z,57,,26288,2026-08-24T15:52:44.000Z,false,pkg:maven/org.apache.flink/flink-csv
com.outr:rapid-core,7,21,Scala,https://github.com/outr/rapid,https://github.com/outr/rapid,2026-02-16T00:47:10Z,0,,21,2025-10-24T17:18:31.000Z,false,pkg:maven/com.outr/rapid-core_2.13
org.specs2:specs2-core_2.12.0-RC1,7,15,Scala,https://github.com/etorreborre/specs2,http://specs2.org/,2016-09-09T22:37:38Z,15,,734,2026-08-13T17:25:12.000Z,false,pkg:maven/org.specs2/specs2-core_2.12.0-RC1
de.sciss:optional,7,18,,git@git.iem.at:sciss/Optional.git,https://git.iem.at/sciss/Optional,2020-09-11T21:56:51Z,4,,,,,pkg:maven/de.sciss/optional_2.12
org.tpolecat:skunk-circe,7,18,Scala,https://github.com/typelevel/skunk,https://typelevel.org/skunk,2026-04-15T01:12:09Z,3,,1664,2026-07-27T16:55:04.000Z,false,pkg:maven/org.tpolecat/skunk-circe_3
co.fs2:fs2-io_3.0.0-RC2,7,8,Scala,https://github.com/typelevel/fs2,https://github.com/typelevel/fs2,2021-04-23T13:27:21Z,8,,2451,2026-08-24T18:08:23.000Z,false,pkg:maven/co.fs2/fs2-io_3.0.0-RC2
com.github.jupyter:jvm-repr,7,70,,,,,,,,,,
com.datastax.cassandra:cassandra-driver-mapping,7,20,Java,https://github.com/datastax/java-driver,https://github.com/datastax/java-driver,2023-09-06T16:44:50Z,156,,1375,2025-07-15T04:56:32.000Z,false,pkg:maven/com.datastax.cassandra/cassandra-driver-mapping
org.locationtech.geomesa:geomesa-spark-jts,7,11,Scala,https://github.com/locationtech/geomesa,https://www.geomesa.org/,2023-04-03T17:29:40Z,6,,1489,2026-08-11T14:18:39.000Z,false,pkg:maven/org.locationtech.geomesa/geomesa-spark-jts_2.11
io.vavr:vavr,7,21,Java,https://github.com/vavr-io/vavr,https://vavr.io,2026-03-01T05:46:06Z,681,,6163,2026-08-21T02:03:26.000Z,false,pkg:maven/io.vavr/vavr
com.thesamet.scalapb.common-protos:proto-google-common-protos-scalapb_0.11,7,15,Scala,https://github.com/scalapb/common-protos,https://github.com/scalapb/common-protos,2022-10-13T04:45:21Z,4,,4,2023-02-28T19:02:17.000Z,false,pkg:maven/com.thesamet.scalapb.common-protos/proto-google-common-protos-scalapb_0.11_2.13
org.typelevel:vault,7,38,Scala,https://github.com/typelevel/vault,https://typelevel.org/vault,2026-03-11T12:07:45Z,7,,84,2026-06-29T05:56:03.000Z,false,pkg:maven/org.typelevel/vault_2.13
org.querki:jquery-facade,7,15,Scala,https://github.com/jducoeur/jquery-facade,http://www.querki.net/,2017-10-10T20:55:37Z,7,,55,2022-06-11T20:47:30.000Z,false,pkg:maven/org.querki/jquery-facade_sjs0.6_2.11
com.beachape:enumeratum-scalacheck,7,26,Scala,https://github.com/lloydmeta/enumeratum,https://github.com/lloydmeta/enumeratum,2026-03-07T09:42:00Z,12,,1145,2023-03-01T13:18:25.000Z,false,pkg:maven/com.beachape/enumeratum-scalacheck_2.13
com.chuusai:shapeless_sjs0.6_2.13.0-M4,7,8,Scala,https://github.com/milessabin/shapeless,https://github.com/milessabin/shapeless,2018-06-01T18:29:46Z,8,,3401,2025-10-06T04:38:52.000Z,false,pkg:maven/com.chuusai/shapeless_sjs0.6_2.13.0-M4
dev.zio:zio-opentelemetry,7,29,Scala,https://github.com/zio/zio-telemetry,https://zio.dev/zio-telemetry/,2026-03-09T19:44:35Z,4,,124,2026-07-22T08:47:38.000Z,false,pkg:maven/dev.zio/zio-opentelemetry_2.12
sh.almond:jupyter-api,7,54,Scala,https://github.com/almond-sh/almond,https://github.com/almond-sh/almond,2026-02-03T14:08:19Z,18,,1625,2026-08-20T01:27:09.000Z,false,pkg:maven/sh.almond/jupyter-api_2.12
org.apache.flink:flink-hadoop-compatibility,7,36,Java,https://github.com/apache/flink,https://flink.apache.org,2022-09-10T08:09:28Z,46,,26262,2026-08-14T21:08:44.000Z,false,pkg:maven/org.apache.flink/flink-hadoop-compatibility_2.11
io.netty:netty-resolver-dns,7,18,Java,https://github.com/netty/netty,http://netty.io/,2026-08-07T02:08:51Z,323,,35033,2026-08-25T17:14:11.000Z,false,pkg:maven/io.netty/netty-resolver-dns
org.typelevel:otel4s-sdk-testkit,7,52,Scala,https://github.com/typelevel/otel4s-sdk,https://typelevel.org/otel4s-sdk,2026-03-07T17:11:58Z,0,,6,2026-08-09T17:05:03.000Z,false,pkg:maven/org.typelevel/otel4s-sdk-testkit_2.13
io.getkyo:kyo-core,7,29,Scala,https://github.com/getkyo/kyo,https://getkyo.io,2025-05-12T06:38:33Z,0,,807,2026-08-21T16:53:14.000Z,false,pkg:maven/io.getkyo/kyo-core_native0.5_3
org.apache.hadoop:hadoop-annotations,7,20,,"",,2026-03-24T16:54:15Z,519,,,,,pkg:maven/org.apache.hadoop/hadoop-annotations
com.nimbusds:oauth2-oidc-sdk,7,12,java,https://bitbucket.org/connect2id/oauth-2.0-sdk-with-openid-connect-extensions,https://bitbucket.org/connect2id/oauth-2.0-sdk-with-openid-connect-extensions,2026-07-22T00:12:03Z,293,,,,,pkg:maven/com.nimbusds/oauth2-oidc-sdk
org.apache.pekko:pekko-cluster-sharding-typed,7,17,,,,,,,,,,
org.tensorflow:proto,7,14,C++,https://github.com/tensorflow/tensorflow,https://www.tensorflow.org,2019-10-23T00:22:03Z,111,,197314,2026-08-22T12:23:08.000Z,false,pkg:maven/org.tensorflow/proto
ml.dmlc:xgboost4j-spark,7,11,C++,https://github.com/dmlc/xgboost,https://github.com/dmlc/xgboost/tree/master/jvm-packages,2020-11-24T23:51:12Z,16,,28686,2026-08-21T15:04:38.000Z,false,pkg:maven/ml.dmlc/xgboost4j-spark_2.11
com.github.sanskrit-coders:indic-transliteration,7,9,Java,https://github.com/sanskrit-coders/indic-transliteration,https://github.com/sanskrit-coders/indic-transliteration,2017-11-17T22:26:21Z,6,,7,2024-07-31T05:38:32.000Z,false,pkg:maven/com.github.sanskrit-coders/indic-transliteration
com.softwaremill.sttp:async-http-client-backend,7,19,,https://github.com/softwaremill/async-http-client-backend,http://softwaremill.com/open-source,2019-10-14T08:27:42Z,7,,,,,pkg:maven/com.softwaremill.sttp/async-http-client-backend_2.11
io.youi:youi-core,7,70,Scala,https://github.com/outr/youi,https://github.com/outr/youi,2021-11-28T22:16:24Z,15,,212,2025-07-27T00:07:18.000Z,false,pkg:maven/io.youi/youi-core_2.12
org.checkerframework:checker-qual,7,13,Java,https://github.com/typetools/checker-framework,https://checkerframework.org/,2026-09-02T02:13:22Z,1685,,1146,2026-08-21T21:56:29.000Z,false,pkg:maven/org.checkerframework/checker-qual
com.outr:testy_3.0.0-RC1,7,16,Scala,https://github.com/outr/testy,https://github.com/outr/testy,2021-04-20T03:29:22Z,16,,0,2022-09-15T14:11:04.000Z,false,pkg:maven/com.outr/testy_3.0.0-RC1
com.softwaremill.sttp.client:async-http-client-backend-future,7,9,Scala,https://github.com/softwaremill/sttp,http://softwaremill.com/open-source,2022-01-13T12:05:33Z,16,,1503,2026-08-24T00:53:26.000Z,false,pkg:maven/com.softwaremill.sttp.client/async-http-client-backend-future_2.12
org.ekrich:sjavatime,7,33,Scala,https://github.com/ekrich/sjavatime,https://github.com/ekrich/sjavatime,2022-01-25T20:09:40Z,10,,16,2026-06-22T01:12:51.000Z,false,pkg:maven/org.ekrich/sjavatime_native0.4_2.13
org.scalacheck:scalacheck_2.12.0-M5,7,12,Scala,https://github.com/rickynils/scalacheck,http://www.scalacheck.org,2016-07-11T11:18:36Z,15,,1858,2023-03-17T01:15:47.000Z,false,pkg:maven/org.scalacheck/scalacheck_2.12.0-M5
org.bdgenomics.utils:utils-metrics-spark2,7,17,Scala,https://github.com/bigdatagenomics/utils,http://bdgenomics.org/,2020-02-17T21:12:03Z,15,,18,2026-03-17T20:17:16.000Z,false,pkg:maven/org.bdgenomics.utils/utils-metrics-spark2_2.11
org.http4s:http4s-scala-xml,7,10,Scala,https://github.com/http4s/http4s,https://http4s.org/,2026-06-25T02:14:50Z,6,,2626,2026-08-24T01:20:09.000Z,false,pkg:maven/org.http4s/http4s-scala-xml_2.12
org.apache.parquet:parquet-scala,7,17,Java,https://github.com/apache/parquet-mr,https://parquet.apache.org,2019-01-28T21:51:16Z,19,,2871,2025-06-29T02:29:09.000Z,false,pkg:maven/org.apache.parquet/parquet-scala_2.10
at.favre.lib:bcrypt,7,9,Java,https://github.com/patrickfav/bcrypt,https://github.com/patrickfav/bcrypt,2023-02-12T20:30:42Z,36,,536,2025-03-30T08:03:45.000Z,false,pkg:maven/at.favre.lib/bcrypt
com.lihaoyi:ammonite-repl_2.11.8,7,23,Scala,https://github.com/lihaoyi/ammonite,https://github.com/lihaoyi/Ammonite,2019-05-18T23:29:33Z,47,,2558,2023-03-12T09:38:51.000Z,false,pkg:maven/com.lihaoyi/ammonite-repl_2.11.8
org.jpmml:pmml-model,7,14,Java,https://github.com/jpmml/jpmml-model,https://www.jpmml.org,2026-01-31T13:31:40Z,78,,157,2026-06-05T17:21:58.000Z,false,pkg:maven/org.jpmml/pmml-model
de.sciss:syntaxpane,7,10,"",https://codeberg.org/sciss/SyntaxPane,https://codeberg.org/sciss/SyntaxPane,2023-01-15T21:39:19Z,26,,0,,false,pkg:maven/de.sciss/syntaxpane
com.snowplowanalytics:iglu-core,7,18,,https://github.com/snowplow-incubator/iglu-scala-core,http://snowplowanalytics.com,2019-05-09T15:18:27Z,6,,,,,pkg:maven/com.snowplowanalytics/iglu-core_2.11
org.scala-js:scalajs-test-interface_2.12.0-M4,7,8,Scala,https://github.com/scala-js/scala-js,http://scala-js.org/,2016-06-15T16:43:49Z,8,,4710,2026-08-15T18:05:40.000Z,false,pkg:maven/org.scala-js/scalajs-test-interface_2.12.0-M4
com.lightbend.akka:akka-projection-eventsourced,7,17,Scala,https://github.com/akka/akka-projection,https://akka.io,2023-05-30T14:18:55Z,11,,103,2025-10-10T13:17:47.000Z,false,pkg:maven/com.lightbend.akka/akka-projection-eventsourced_2.13
com.snowplowanalytics:iglu-core-circe,7,14,Scala,https://github.com/snowplow-incubator/iglu-scala-core,http://snowplowanalytics.com,2019-05-09T15:48:39Z,5,,1,2023-01-17T18:54:47.000Z,false,pkg:maven/com.snowplowanalytics/iglu-core-circe_2.11
org.scala-lang.modules:scala-collection-compat_3.0.0-RC2,7,21,Scala,https://github.com/scala/scala-collection-compat,http://www.scala-lang.org/,2021-03-29T22:12:27Z,21,,188,2023-03-18T19:48:50.000Z,false,pkg:maven/org.scala-lang.modules/scala-collection-compat_3.0.0-RC2
de.sciss:scalainterpreterpane,7,10,Scala,https://github.com/Sciss/ScalaInterpreterPane,https://github.com/Sciss/ScalaInterpreterPane,2017-05-24T23:35:29Z,4,,23,2022-12-15T08:36:29.000Z,false,pkg:maven/de.sciss/scalainterpreterpane_2.10
org.apache.xmlgraphics:fop,7,17,,scm:svn:https://svn.apache.org/repos/asf/xmlgraphics/fop/trunk/,http://xmlgraphics.apache.org/fop/,2025-05-06T07:26:27Z,172,,,,,pkg:maven/org.apache.xmlgraphics/fop
org.apache.kudu:kudu-client,7,15,,"",property 'url',2025-12-08T23:24:16Z,55,,,,,pkg:maven/org.apache.kudu/kudu-client
com.twitter:util-jvm,7,26,Scala,https://github.com/twitter/util,https://github.com/twitter/util,2024-05-02T20:06:59Z,8,,2721,2025-10-15T23:12:16.000Z,false,pkg:maven/com.twitter/util-jvm_2.12
org.apache.hbase:hbase-testing-util,7,36,,https://gitbox.apache.org/repos/asf?p=hbase.git/hbase-build-configuration/hbase-testing-util,https://hbase.apache.org/hbase-build-configuration/hbase-testing-util,2026-08-06T02:29:16Z,255,,,,,pkg:maven/org.apache.hbase/hbase-testing-util
com.github.biopet:common-utils,7,12,Scala,https://github.com/biopet/common-utils,https://github.com/biopet/common-utils,2018-03-05T14:10:25Z,9,,0,2018-09-18T11:46:06.000Z,false,pkg:maven/com.github.biopet/common-utils_2.11
com.typesafe.play:play-ws-standalone,7,45,Scala,https://github.com/playframework/play-ws,https://github.com/playframework/play-ws,2023-07-17T21:49:53Z,16,,224,2026-08-16T05:51:22.000Z,false,pkg:maven/com.typesafe.play/play-ws-standalone_2.12
org.scalatest:scalatest-core_3.0.0-RC3,7,18,Scala,https://github.com/scalatest/scalatest,http://www.scalatest.org,2021-04-20T15:13:06Z,18,,1167,2026-08-21T10:07:44.000Z,false,pkg:maven/org.scalatest/scalatest-core_3.0.0-RC3
org.seasar.util:s2util,7,32,,,,,,,,,,
ml.dmlc:xgboost4j,7,16,C++,https://github.com/dmlc/xgboost,https://github.com/dmlc/xgboost/tree/master/jvm-packages,2020-11-24T23:50:51Z,21,,28706,2026-08-27T12:48:25.000Z,false,pkg:maven/ml.dmlc/xgboost4j_2.11
org.scalatest:scalatest-core_3.0.0-M1,7,17,Scala,https://github.com/scalatest/scalatest,http://www.scalatest.org,2020-11-07T10:26:54Z,17,,1167,2026-08-21T10:07:44.000Z,false,pkg:maven/org.scalatest/scalatest-core_3.0.0-M1
org.apache.httpcomponents.client5:httpclient5,7,13,Java,https://github.com/apache/httpcomponents-client,https://hc.apache.org/httpcomponents-client-5.7.x/5.7-alpha1/,2026-08-10T02:13:41Z,1024,,1534,2026-08-22T12:47:00.000Z,false,pkg:maven/org.apache.httpcomponents.client5/httpclient5
com.ubirch.util:config,7,12,Scala,https://github.com/ubirch/ubirch-scala-utils,http://ubirch.com,2018-08-06T12:40:01Z,13,,2,2020-10-21T06:31:07.000Z,false,pkg:maven/com.ubirch.util/config_2.11
org.scoverage:scalac-scoverage-serializer,7,44,Scala,https://github.com/scoverage/scalac-scoverage-plugin,http://scoverage.org/,2025-12-16T11:11:02Z,17,,439,2026-08-10T08:52:16.000Z,false,pkg:maven/org.scoverage/scalac-scoverage-serializer_2.13
net.sf.json-lib:json-lib,7,12,,http://json-lib.cvs.sourceforge.net/json-lib,http://json-lib.sourceforge.net,2008-06-08T01:00:58Z,604,,,,,pkg:maven/net.sf.json-lib/json-lib
org.scalaz:scalaz-iteratee,7,27,Scala,https://github.com/scalaz/scalaz,http://scalaz.org,2019-12-17T02:43:28Z,8,,4673,2026-08-24T22:08:56.000Z,false,pkg:maven/org.scalaz/scalaz-iteratee_2.10
com.sksamuel.elastic4s:elastic4s-http-streams,7,11,Scala,https://github.com/sksamuel/elastic4s,https://github.com/sksamuel/elastic4s,2023-12-18T14:59:29Z,11,,1617,2023-03-10T19:59:22.000Z,false,pkg:maven/com.sksamuel.elastic4s/elastic4s-http-streams_2.12
org.scalatest:scalatest-core_3.0.0-RC2,7,18,Scala,https://github.com/scalatest/scalatest,http://www.scalatest.org,2021-04-01T03:28:54Z,18,,1167,2026-08-21T10:07:44.000Z,false,pkg:maven/org.scalatest/scalatest-core_3.0.0-RC2
org.jvnet.mock-javamail:mock-javamail,7,136,,https://mock-javamail.dev.java.net/source/browse/mock-javamail/tags/mock-javamail-1.9,https://mock-javamail.dev.java.net/,2011-08-03T14:44:07Z,178,,,,,pkg:maven/org.jvnet.mock-javamail/mock-javamail
io.github.edadma:char_reader,7,19,,https://github.com/edadma/char_reader,https://github.com/edadma/char_reader,2026-06-15T00:14:39Z,0,,,,,pkg:maven/io.github.edadma/char_reader_3
com.kjetland:mbknor-jackson-jsonschema,7,8,Scala,https://github.com/mbknor/mbknor-jackson-jsonSchema,https://github.com/mbknor/mbknor-jackson-jsonSchema,2020-04-13T18:07:16Z,25,,206,2023-03-06T22:30:43.000Z,false,pkg:maven/com.kjetland/mbknor-jackson-jsonschema_2.12
org.scala-lang.plugins:scala-continuations-library,7,11,Scala,https://github.com/scala/scala-continuations,http://www.scala-lang.org/,2017-04-21T10:55:49Z,25,,87,2020-06-22T22:38:28.000Z,true,pkg:maven/org.scala-lang.plugins/scala-continuations-library_2.11
net.databinder:dispatch-http_2.9.2,7,26,Scala,https://github.com/dispatch/reboot,http://dispatch-classic.databinder.net/,2013-06-29T03:11:17Z,29,,430,2023-02-02T15:22:17.000Z,false,pkg:maven/net.databinder/dispatch-http_2.9.2
org.specs2:specs2_2.9.0,7,17,Scala,https://github.com/etorreborre/specs2,http://specs2.org/,2013-04-30T22:59:54Z,24,,734,2026-08-13T17:25:12.000Z,false,pkg:maven/org.specs2/specs2_2.9.0
com.assembla.scala-incubator:graph-core,7,16,,http://subversion.assembla.com/svn/scala-graph/trunk,http://subversion.assembla.com/svn/scala-graph/trunk,2016-04-16T18:46:13Z,21,,,,,pkg:maven/com.assembla.scala-incubator/graph-core_2.11
de.sciss:lucre-adjunct,7,19,"",https://codeberg.org/sciss/Lucre,https://codeberg.org/sciss/Lucre,2024-08-17T21:34:57Z,6,,0,,false,pkg:maven/de.sciss/lucre-adjunct_2.12
org.apache.activemq:activemq-client,7,39,Java,https://github.com/apache/activemq,http://activemq.apache.org,2026-08-11T01:58:35Z,410,,2451,2026-08-21T16:12:06.000Z,false,pkg:maven/org.apache.activemq/activemq-client
io.grpc:grpc-testing,7,11,Java,https://github.com/grpc/grpc-java,https://github.com/grpc/grpc-java,2026-09-02T02:09:08Z,250,,10427,2023-03-21T22:30:32.000Z,false,pkg:maven/io.grpc/grpc-testing
org.imgscalr:imgscalr-lib,7,34,,https://github.com/thebuzzmedia/imgscalr,http://www.thebuzzmedia.com/software/imgscalr-java-image-scaling-library/,2012-01-11T19:59:30Z,196,,0,2025-08-11T14:06:00.000Z,false,pkg:maven/org.imgscalr/imgscalr-lib
com.github.japgolly.fork.scalaz:scalaz-core,7,51,Scala,https://github.com/scalaz/scalaz,http://scalaz.org,2015-12-05T10:34:38Z,22,,4673,2026-08-24T22:08:56.000Z,false,pkg:maven/com.github.japgolly.fork.scalaz/scalaz-core_sjs0.6_2.11
org.typelevel:fabric-io,7,19,Scala,https://github.com/typelevel/fabric,https://github.com/typelevel/fabric,2026-05-05T23:20:38Z,6,,132,2026-06-13T17:26:18.000Z,false,pkg:maven/org.typelevel/fabric-io_2.13
org.scala-lang.modules:scala-xml_2.13.0-M1,7,9,Scala,https://github.com/scala/scala-xml,http://www.scala-lang.org/,2017-04-14T06:19:53Z,12,,278,2023-03-18T19:50:24.000Z,false,pkg:maven/org.scala-lang.modules/scala-xml_2.13.0-M1
software.amazon.awssdk:apache-client,7,9,Java,"",,2026-06-04T21:27:13Z,119,,2473,2025-10-24T16:35:18.000Z,false,pkg:maven/software.amazon.awssdk/apache-client
org.scala-js:scalajs-env-jsdom-nodejs,7,11,Scala,https://github.com/scala-js/scala-js-env-jsdom-nodejs,https://www.scala-js.org/,2025-10-09T14:39:38Z,6,,9,2025-09-25T11:38:01.000Z,false,pkg:maven/org.scala-js/scalajs-env-jsdom-nodejs_2.13
org.springframework:spring-context-support,7,12,Java,https://github.com/spring-projects/spring-framework,https://github.com/spring-projects/spring-framework,2026-08-21T02:18:59Z,2981,,60212,2026-08-24T16:22:05.000Z,false,pkg:maven/org.springframework/spring-context-support
com.typesafe.akka:akka-http_2.13.0-M5,7,20,Scala,https://github.com/akka/akka-http,https://akka.io,2019-03-25T09:21:46Z,20,,1350,2026-08-12T14:57:14.000Z,false,pkg:maven/com.typesafe.akka/akka-http_2.13.0-M5
com.github.ghik:silencer-lib_2.12.17,7,32,Scala,https://github.com/ghik/silencer,https://github.com/ghik/silencer,2023-06-12T09:56:50Z,151,,253,2025-12-19T16:38:59.000Z,false,pkg:maven/com.github.ghik/silencer-lib_2.12.17
io.prometheus:simpleclient_httpserver,7,15,Java,https://github.com/prometheus/client_java,http://github.com/prometheus/client_java,2022-06-15T21:19:57Z,254,,2285,2026-08-20T03:56:23.000Z,false,pkg:maven/io.prometheus/simpleclient_httpserver
org.typelevel:scalaz-scalatest,7,16,Scala,https://github.com/typelevel/scalaz-scalatest,http://github.com/typelevel/scalaz-scalatest,2017-02-19T01:45:40Z,9,,23,2017-02-19T02:09:09.000Z,true,pkg:maven/org.typelevel/scalaz-scalatest_2.11
org.apache.flink:flink-json,7,40,Java,https://github.com/apache/flink,https://flink.apache.org,2026-06-20T00:11:55Z,98,,26310,2026-08-31T21:44:37.000Z,false,pkg:maven/org.apache.flink/flink-json
com.twitter:finagle-http_2.9.2,7,14,Scala,https://github.com/twitter/finagle,https://github.com/twitter/finagle,2014-08-06T12:51:52Z,14,,8864,2026-08-13T18:10:51.000Z,false,pkg:maven/com.twitter/finagle-http_2.9.2
com.hazelcast:hazelcast,7,14,Java,https://github.com/hazelcast/hazelcast,http://www.hazelcast.com/hazelcast/,2026-05-12T11:28:18Z,612,,6591,2026-07-23T16:25:47.000Z,false,pkg:maven/com.hazelcast/hazelcast
org.scala-lang:scala-xml,7,7,Scala,https://github.com/scala/scala,http://www.scala-lang.org/,2013-07-11T08:23:58Z,19,,14570,2026-08-24T20:51:23.000Z,false,pkg:maven/org.scala-lang/scala-xml
org.apache.storm:storm-core,7,21,Java,https://github.com/apache/storm,https://storm.apache.org,2026-07-19T12:41:21Z,190,,6698,2026-08-19T07:02:21.000Z,false,pkg:maven/org.apache.storm/storm-core
org.typelevel:cats-laws_2.13.0-RC2,7,10,Scala,https://github.com/typelevel/cats,https://github.com/typelevel/cats,2019-05-25T17:53:20Z,10,,5456,2026-08-21T12:13:32.000Z,false,pkg:maven/org.typelevel/cats-laws_2.13.0-RC2
io.github.argonaut-io:argonaut,7,21,,,,,,,,,,
com.thoughtworks.extractor:extractor,7,45,Scala,https://github.com/ThoughtWorksInc/Extractor.scala,https://github.com/ThoughtWorksInc/Extractor.scala,2020-04-25T21:33:39Z,12,,22,2023-03-10T20:34:29.000Z,false,pkg:maven/com.thoughtworks.extractor/extractor_2.11
io.opentelemetry:opentelemetry-context,7,47,Java,https://github.com/open-telemetry/opentelemetry-java,https://github.com/open-telemetry/opentelemetry-java,2026-08-08T02:09:47Z,272,,2445,2026-08-21T00:37:10.000Z,false,pkg:maven/io.opentelemetry/opentelemetry-context
com.orientechnologies:orientdb-graphdb,7,14,Java,https://github.com/orientechnologies/orientdb,http://orientdb.dev,2026-07-21T00:17:26Z,64,,4982,2026-08-24T14:30:34.000Z,false,pkg:maven/com.orientechnologies/orientdb-graphdb
org.reactivemongo:reactivemongo-bson,7,19,Scala,https://github.com/ReactiveMongo/ReactiveMongo,http://reactivemongo.org,2020-11-01T15:43:02Z,10,,857,2026-08-12T18:50:22.000Z,false,pkg:maven/org.reactivemongo/reactivemongo-bson_2.11
com.eatthepath:fast-uuid,7,11,Java,https://github.com/jchambers/fast-uuid,https://github.com/jchambers/fast-uuid,2021-08-08T16:30:11Z,18,,173,2023-01-14T23:35:47.000Z,false,pkg:maven/com.eatthepath/fast-uuid
org.openjfx:javafx-web,7,31,C++,https://github.com/openjdk/jfx,https://openjdk.java.net/projects/openjfx/,2026-07-22T02:21:10Z,181,,3279,2026-08-19T01:18:48.000Z,false,pkg:maven/org.openjfx/javafx-web
org.apache.pekko:pekko-http-core,7,12,Scala,https://github.com/apache/pekko-http,,2026-07-25T00:44:02Z,0,,165,2025-03-02T00:43:56.000Z,false,pkg:maven/org.apache.pekko/pekko-http-core_2.13
org.scalameta:parsers,7,40,Scala,https://github.com/scalameta/scalameta,https://github.com/scalameta/scalameta,2026-05-09T15:00:56Z,5,,1155,2026-07-27T01:52:11.000Z,false,pkg:maven/org.scalameta/parsers_2.11
org.typelevel:cats-effect_3.0.0-M1,7,8,Scala,https://github.com/typelevel/cats-effect,https://github.com/typelevel/cats-effect,2020-11-27T20:41:49Z,9,,2236,2026-08-28T11:28:14.000Z,false,pkg:maven/org.typelevel/cats-effect_3.0.0-M1
software.amazon.awssdk:ssm,7,23,Java,"",https://aws.amazon.com/sdkforjava,2026-08-15T02:20:17Z,54,,2609,2026-08-13T22:34:48.000Z,false,pkg:maven/software.amazon.awssdk/ssm
com.gu:content-api-models-scala,7,21,Scala,https://github.com/guardian/content-api-models,https://github.com/guardian/content-api-models,2026-08-27T00:34:50Z,8,,4,2026-09-01T23:00:29.000Z,false,pkg:maven/com.gu/content-api-models-scala_2.12
io.prometheus:simpleclient_dropwizard,7,19,Java,https://github.com/prometheus/client_java,http://github.com/prometheus/client_java,2022-06-15T21:18:51Z,239,,2285,2026-08-20T03:56:23.000Z,false,pkg:maven/io.prometheus/simpleclient_dropwizard
eu.timepit:refined_3.0.0-RC1,7,7,Scala,https://github.com/fthomas/refined,https://github.com/fthomas/refined,2021-04-04T09:01:25Z,7,,1731,2026-08-21T16:23:41.000Z,false,pkg:maven/eu.timepit/refined_3.0.0-RC1
org.skyscreamer:jsonassert,7,38,Java,https://github.com/skyscreamer/JSONassert,https://github.com/skyscreamer/JSONassert,2024-06-28T13:03:19Z,1607,,1056,2024-07-28T18:03:56.000Z,false,pkg:maven/org.skyscreamer/jsonassert
com.github.fd4s:vulcan,7,20,Scala,https://github.com/fd4s/vulcan,https://fd4s.github.io/vulcan,2026-04-06T08:09:33Z,7,,102,2025-10-06T13:26:37.000Z,false,pkg:maven/com.github.fd4s/vulcan_2.13
net.jcip:jcip-annotations,7,32,,"",http://jcip.net/,2008-08-14T06:48:05Z,0,,,,,pkg:maven/net.jcip/jcip-annotations
com.thesamet.scalapb:protoc-bridge,7,23,Scala,https://github.com/scalapb/protoc-bridge,https://github.com/scalapb/protoc-bridge,2025-06-06T12:42:29Z,7,,20,2025-09-07T20:45:33.000Z,false,pkg:maven/com.thesamet.scalapb/protoc-bridge_2.12
com.typesafe.akka:akka-testkit_2.13.0-M5,7,21,Scala,https://github.com/akka/akka,https://akka.io/,2019-05-21T08:51:59Z,22,,12643,2023-03-21T16:09:37.000Z,false,pkg:maven/com.typesafe.akka/akka-testkit_2.13.0-M5
dev.zio:zio_3.0.0-RC1,7,13,Scala,https://github.com/zio/zio,https://zio.dev,2021-03-09T15:03:51Z,15,,4407,2026-08-22T01:12:38.000Z,false,pkg:maven/dev.zio/zio_3.0.0-RC1
io.github.kitlangton:neotype,7,41,Scala,https://github.com/kitlangton/neotype,https://github.com/kitlangton/neotype,2026-07-29T00:27:47Z,0,,259,2026-07-28T14:26:52.000Z,false,pkg:maven/io.github.kitlangton/neotype_3
org.apache.pekko:pekko-stream-typed,7,12,,,,,,,,,,
org.jetbrains:annotations,7,9,Kotlin,https://github.com/JetBrains/java-annotations,https://github.com/JetBrains/java-annotations,2026-02-18T14:21:48Z,3683,,464,2026-08-03T09:11:23.000Z,false,pkg:maven/org.jetbrains/annotations
io.argonaut:argonaut-scalaz,7,26,Scala,https://github.com/argonaut-io/argonaut,http://argonaut.io,2022-01-24T22:13:28Z,10,,544,2026-08-17T03:31:38.000Z,false,pkg:maven/io.argonaut/argonaut-scalaz_2.11
dev.zio:zio-test-sbt_3.0.0-RC3,7,12,Scala,https://github.com/zio/zio,https://zio.dev,2021-04-23T04:25:07Z,12,,4407,2026-08-22T01:12:38.000Z,false,pkg:maven/dev.zio/zio-test-sbt_3.0.0-RC3
io.circe:circe-core_3.0.0-RC3,7,13,Scala,https://github.com/circe/circe,https://github.com/circe/circe,2021-04-25T15:18:48Z,13,,2541,2026-07-23T08:36:23.000Z,false,pkg:maven/io.circe/circe-core_3.0.0-RC3
io.gatling:gatling-app,7,14,Scala,https://github.com/gatling/gatling,https://gatling.io,2026-05-25T23:56:49Z,33,,6953,2026-08-25T11:51:30.000Z,false,pkg:maven/io.gatling/gatling-app
org.scala-tools.sbt:launcher-interface_2.9.1,7,7,,,,,,,,,,
com.thesamet.scalapb.zio-grpc:zio-grpc-core,7,12,Scala,https://github.com/scalapb/zio-grpc,https://github.com/scalapb/zio-grpc,2024-10-30T01:41:56Z,3,,273,2026-05-07T17:22:54.000Z,false,pkg:maven/com.thesamet.scalapb.zio-grpc/zio-grpc-core_2.13
io.kevinlee:effectie-cats-effect3,7,15,Scala,https://github.com/kevin-lee/effectie,https://github.com/kevin-lee/effectie,2025-12-14T02:44:09Z,3,,10,2025-09-09T12:12:17.000Z,false,pkg:maven/io.kevinlee/effectie-cats-effect3_2.12
org.scalatest:scalatest-core_0.27,7,21,Scala,https://github.com/scalatest/scalatest,http://www.scalatest.org,2020-09-08T13:54:47Z,21,,1167,2026-08-21T10:07:44.000Z,false,pkg:maven/org.scalatest/scalatest-core_0.27
org.apache.orc:orc-mapreduce,7,18,,https://github.com/apache/maven-apache-parent,https://orc.apache.org,2026-07-17T02:34:59Z,53,,47,2026-08-10T20:47:13.000Z,false,pkg:maven/org.apache.orc/orc-mapreduce
com.github.jnr:jnr-ffi,7,27,Java,https://github.com/jnr/jnr-ffi,http://github.com/jnr/jnr-ffi,2026-08-21T02:22:28Z,214,,1323,2026-08-20T19:06:23.000Z,false,pkg:maven/com.github.jnr/jnr-ffi
com.lihaoyi:mill-scalajslib,7,22,Scala,https://github.com/com-lihaoyi/mill,https://github.com/com-lihaoyi/mill,2025-12-17T10:15:23Z,16,,2781,2026-08-22T17:37:30.000Z,false,pkg:maven/com.lihaoyi/mill-scalajslib_2.13
commons-daemon:commons-daemon,7,14,,https://gitbox.apache.org/repos/asf?p=commons-daemon.git,https://commons.apache.org/proper/commons-daemon/,2026-05-31T11:13:56Z,215,,,,,pkg:maven/commons-daemon/commons-daemon
org.elasticsearch.client:transport,7,28,Java,https://github.com/elastic/elasticsearch,https://github.com/elastic/elasticsearch,2025-06-24T09:17:53Z,511,,77876,2026-08-29T15:59:02.000Z,false,pkg:maven/org.elasticsearch.client/transport
org.twitter4j:twitter4j-stream,7,16,Java,https://github.com/yusuke/twitter4j,http://twitter4j.org/,2018-08-16T09:47:41Z,78,,2802,2024-08-17T18:04:54.000Z,false,pkg:maven/org.twitter4j/twitter4j-stream
org.scalacheck:scalacheck_sjs1_3.0.0-M1,7,8,Scala,https://github.com/typelevel/scalacheck,http://www.scalacheck.org,2020-11-06T18:47:18Z,8,,1966,2026-07-27T18:48:22.000Z,false,pkg:maven/org.scalacheck/scalacheck_sjs1_3.0.0-M1
org.testcontainers:cassandra,7,12,Java,https://github.com/testcontainers/testcontainers-java,https://java.testcontainers.org,2025-12-15T23:59:37Z,79,,8714,2026-08-15T18:31:13.000Z,false,pkg:maven/org.testcontainers/cassandra
org.apache.kafka:connect-api,7,9,,"",https://kafka.apache.org,2026-06-24T02:12:11Z,807,,,,,pkg:maven/org.apache.kafka/connect-api
com.typesafe.akka:akka-stream-testkit-experimental,7,14,Scala,https://github.com/akka/akka,http://akka.io/,2016-09-30T08:58:45Z,18,,12788,2023-09-25T06:11:21.000Z,false,pkg:maven/com.typesafe.akka/akka-stream-testkit-experimental_2.11
net.liftweb:lift-json-ext,7,12,Scala,https://github.com/lift/framework,http://www.liftweb.net,2021-10-08T15:03:24Z,10,,1284,2026-07-26T11:58:58.000Z,false,pkg:maven/net.liftweb/lift-json-ext_2.11
com.softwaremill.sttp.client3:akka-http-backend,7,15,Scala,https://github.com/softwaremill/sttp,http://softwaremill.com/open-source,2025-04-09T16:07:29Z,19,,1503,2026-08-24T00:53:26.000Z,false,pkg:maven/com.softwaremill.sttp.client3/akka-http-backend_2.13
com.lihaoyi:unroll-annotation,7,124,,,,,,,,,,
net.snowflake:snowflake-jdbc,7,15,Java,https://github.com/snowflakedb/snowflake-jdbc,https://www.snowflake.net/,2026-08-19T01:58:00Z,63,,203,2026-08-25T11:53:43.000Z,false,pkg:maven/net.snowflake/snowflake-jdbc
net.sourceforge.f2j:arpack_combined_all,7,21,,http://f2j.cvs.sourceforge.net/viewvc/f2j/,http://f2j.sourceforge.net,2013-07-09T04:27:40Z,59,,,,,pkg:maven/net.sourceforge.f2j/arpack_combined_all
org.apache.spark:spark-mllib-local,7,44,Scala,https://github.com/apache/spark,http://spark.apache.org/,2021-05-09T20:40:13Z,27,,43901,2026-08-29T17:53:00.000Z,false,pkg:maven/org.apache.spark/spark-mllib-local_2.11
org.akka-js:akkajsactor,7,36,Scala,https://github.com/akka-js/akka.js,https://github.com/unicredit/akka.js,2020-03-16T09:08:22Z,11,,478,2022-02-20T15:44:38.000Z,false,pkg:maven/org.akka-js/akkajsactor_sjs0.6_2.12
com.sun.jersey:jersey-servlet,7,22,,https://github.com/sonatype/jvnet-parent,https://jersey.java.net/,2017-05-24T16:00:04Z,393,,,,,pkg:maven/com.sun.jersey/jersey-servlet
com.weiglewilczek.slf4s:slf4s_2.9.1,7,14,,"",,2011-08-31T16:47:21Z,21,,,,,pkg:maven/com.weiglewilczek.slf4s/slf4s_2.9.1
org.scalatestplus:testng-6-7,7,21,Scala,https://github.com/scalatest/scalatestplus-selenium,https://github.com/scalatest/scalatestplus-testng,2021-09-17T07:54:17Z,12,,6,2025-08-16T07:46:53.000Z,false,pkg:maven/org.scalatestplus/testng-6-7_2.13
com.twitter:finagle-httpx,7,37,Scala,https://github.com/twitter/finagle,https://github.com/twitter/finagle,2015-09-28T18:35:46Z,56,,8864,2026-08-13T18:10:51.000Z,false,pkg:maven/com.twitter/finagle-httpx_2.11
io.get-coursier:coursier-sbt-maven-repository,7,12,Scala,https://github.com/coursier/coursier,https://github.com/coursier/coursier,2025-01-09T21:20:17Z,0,,2135,2026-08-21T13:13:32.000Z,false,pkg:maven/io.get-coursier/coursier-sbt-maven-repository_2.12
com.twitter:scalding-args,7,22,Scala,https://github.com/twitter/scalding,https://github.com/twitter/scalding,2016-05-03T20:12:00Z,20,,3522,2023-05-28T19:18:59.000Z,false,pkg:maven/com.twitter/scalding-args_2.10
com.github.japgolly.nyaya:nyaya-gen,7,107,Scala,https://github.com/japgolly/nyaya,https://github.com/japgolly/nyaya,2022-09-06T05:18:56Z,20,,188,2024-08-12T21:38:55.000Z,false,pkg:maven/com.github.japgolly.nyaya/nyaya-gen_sjs1_2.13
org.powermock:powermock-api-mockito2,7,279,Java,https://github.com/powermock/powermock,http://www.powermock.org,2020-11-01T20:40:53Z,1869,,4171,2024-01-03T18:46:42.000Z,false,pkg:maven/org.powermock/powermock-api-mockito2
com.twitter:finagle-ostrich4,7,49,Scala,https://github.com/twitter/finagle,https://github.com/twitter/finagle,2017-04-21T20:06:09Z,41,,8864,2026-08-13T18:10:51.000Z,false,pkg:maven/com.twitter/finagle-ostrich4_2.11
com.lightbend.lagom:lagom-scaladsl-api,7,39,Scala,https://github.com/lagom/lagom,https://www.lagomframework.com/,2021-12-14T09:31:40Z,23,,2632,2023-08-14T13:43:48.000Z,false,pkg:maven/com.lightbend.lagom/lagom-scaladsl-api_2.13
org.scala-lang:scala3-compiler_3.0.0-RC1,7,14,Scala,https://github.com/lampepfl/dotty,https://github.com/lampepfl/dotty,2021-02-03T04:19:55Z,18,,5257,2023-03-21T13:25:51.000Z,false,pkg:maven/org.scala-lang/scala3-compiler_3.0.0-RC1
com.github.xenoby:test-interface_native0.3.6-20-g0afae98f36,7,10,Scala,https://github.com/scala-native/scala-native,http://www.scala-native.org,2018-02-06T03:42:14Z,10,,4673,2026-07-27T03:35:08.000Z,false,pkg:maven/com.github.xenoby/test-interface_native0.3.6-20-g0afae98f36_2.11
com.chuusai:shapeless_2.12.0-RC2,7,8,Scala,https://github.com/milessabin/shapeless,https://github.com/milessabin/shapeless,2016-10-19T21:33:59Z,13,,3402,2026-08-23T08:01:53.000Z,false,pkg:maven/com.chuusai/shapeless_2.12.0-RC2
com.github.sbt:sbt-native-packager_2.12_1.0,7,8,Scala,https://github.com/sbt/sbt-native-packager,https://github.com/sbt/sbt-native-packager,2026-01-13T08:27:08Z,1,,1603,2025-09-30T16:15:56.000Z,false,pkg:maven/com.github.sbt/sbt-native-packager_2.12_1.0
com.github.krasserm:akka-persistence-testkit,7,12,,,,,,,,,,
de.sciss:mellite-core,7,14,"",https://codeberg.org/sciss/Mellite,https://sciss.de/mellite,2025-12-30T20:04:09Z,5,,2,,false,pkg:maven/de.sciss/mellite-core_2.12
dev.zio:zio-managed,7,58,Scala,https://github.com/zio/zio,https://zio.dev,2026-05-06T11:08:00Z,16,,4407,2026-08-22T01:12:38.000Z,false,pkg:maven/dev.zio/zio-managed_2.12
com.softwaremill.sttp.client:async-http-client-backend-zio,7,19,Scala,https://github.com/softwaremill/sttp,http://softwaremill.com/open-source,2022-01-13T12:05:23Z,18,,1503,2026-08-24T00:53:26.000Z,false,pkg:maven/com.softwaremill.sttp.client/async-http-client-backend-zio_2.12
org.seleniumhq.selenium:selenium-firefox-driver,7,22,Java,https://github.com/SeleniumHQ/selenium,https://selenium.dev/,2026-08-29T02:15:24Z,348,,34383,2026-08-21T00:26:47.000Z,false,pkg:maven/org.seleniumhq.selenium/selenium-firefox-driver
com.crealytics:spark-excel,7,19,Scala,https://github.com/crealytics/spark-excel,https://github.com/crealytics/spark-excel,2021-02-22T08:50:50Z,15,,351,2023-03-18T14:55:44.000Z,false,pkg:maven/com.crealytics/spark-excel_2.11
org.graalvm.js:js,7,12,C++,https://github.com/graalvm/graaljs,https://www.graalvm.org/javascript,2026-04-21T13:07:33Z,196,,1934,2025-09-15T09:27:35.000Z,false,pkg:maven/org.graalvm.js/js
com.github.mauricio:mysql-async,7,16,,https://github.com/mauricio/postgresql-netty,https://github.com/mauricio/postgresql-async,2017-01-09T17:31:07Z,12,,,,,pkg:maven/com.github.mauricio/mysql-async_2.11
com.softwaremill.sttp.apispec:openapi-circe,7,18,Scala,https://github.com/softwaremill/sttp-apispec,http://softwaremill.com/open-source,2025-06-27T19:44:51Z,2,,24,2026-07-31T00:30:11.000Z,false,pkg:maven/com.softwaremill.sttp.apispec/openapi-circe_2.12
dev.zio:zio_3.0.0-RC2,7,10,Scala,https://github.com/zio/zio,https://zio.dev,2021-04-12T02:38:49Z,12,,4407,2026-08-22T01:12:38.000Z,false,pkg:maven/dev.zio/zio_3.0.0-RC2
com.netflix.rxjava:rxjava-scala,7,13,Java,https://github.com/Netflix/RxJava,https://github.com/Netflix/RxJava,2014-11-11T23:53:47Z,20,,46870,2023-03-21T19:36:03.000Z,false,pkg:maven/com.netflix.rxjava/rxjava-scala
com.linecorp.armeria:armeria,7,34,Java,https://github.com/line/armeria,https://armeria.dev/,2026-09-02T02:22:26Z,160,,5133,2026-08-18T02:16:51.000Z,false,pkg:maven/com.linecorp.armeria/armeria
com.ubirch.util:json,7,22,Scala,https://github.com/ubirch/ubirch-scala-utils,http://ubirch.com,2018-08-08T12:28:38Z,22,,2,2020-10-21T06:31:07.000Z,false,pkg:maven/com.ubirch.util/json_2.11
org.redisson:redisson,7,12,Java,https://github.com/redisson/redisson,https://redisson.pro,2026-08-05T02:45:16Z,626,,24378,2026-08-24T11:31:15.000Z,false,pkg:maven/org.redisson/redisson
net.razorvine:pyrolite,7,16,Java,https://github.com/irmen/Pyrolite,https://github.com/irmen/Pyrolite,2021-05-17T23:30:40Z,35,,184,2025-04-25T10:59:38.000Z,false,pkg:maven/net.razorvine/pyrolite
tf.tofu:derevo-core,7,43,Scala,https://github.com/tofu-tf/derevo,https://manatki.org/docs/derevo,2025-03-04T22:06:45Z,23,,184,2025-03-04T22:07:22.000Z,false,pkg:maven/tf.tofu/derevo-core_2.13
org.scala-js:scalajs-js-envs-test-kit,7,23,Scala,https://github.com/scala-js/scala-js-js-envs,https://github.com/scala-js/scala-js-js-envs,2025-10-13T10:46:03Z,6,,0,2025-09-13T07:54:45.000Z,false,pkg:maven/org.scala-js/scalajs-js-envs-test-kit_2.11
org.scalacheck:scalacheck_sjs1.0-RC2,7,30,Scala,https://github.com/typelevel/scalacheck,http://www.scalacheck.org,2019-12-13T15:43:45Z,13,,1966,2026-07-27T18:48:22.000Z,false,pkg:maven/org.scalacheck/scalacheck_sjs1.0-RC2_2.12
com.github.japgolly.nyaya:nyaya-test,7,94,Scala,https://github.com/japgolly/nyaya,https://github.com/japgolly/nyaya,2022-09-06T05:18:56Z,18,,188,2024-08-12T21:38:55.000Z,false,pkg:maven/com.github.japgolly.nyaya/nyaya-test_2.13
org.beangle.template:beangle-template,7,11,Scala,https://github.com/beangle/template,http://beangle.github.io/template/index.html,2026-06-17T06:09:49Z,0,,0,2025-07-27T15:07:39.000Z,false,pkg:maven/org.beangle.template/beangle-template
com.softwaremill.sttp.tapir:tapir-cats,7,36,Scala,https://github.com/softwaremill/tapir,http://softwaremill.com/open-source,2026-08-08T02:31:52Z,10,,1469,2026-08-30T08:03:16.000Z,false,pkg:maven/com.softwaremill.sttp.tapir/tapir-cats_2.13
com.madgag.spongycastle:core,7,9,Java,https://github.com/rtyley/spongycastle,http://rtyley.github.io/spongycastle/,2017-08-30T11:09:14Z,132,,697,2022-09-14T09:54:01.000Z,false,pkg:maven/com.madgag.spongycastle/core
org.scalatestplus:scalacheck-1-15_3.0.0-RC2,7,12,Scala,https://github.com/scalatest/scalatestplus-scalacheck,https://github.com/scalatest/scalatestplus-scalacheck,2021-04-01T04:10:50Z,12,,59,2026-03-26T13:56:11.000Z,false,pkg:maven/org.scalatestplus/scalacheck-1-15_3.0.0-RC2
de.sciss:sonogramoverview,7,11,,git@git.iem.at:sciss/SonogramOverview.git,https://git.iem.at/sciss/SonogramOverview,2019-06-09T19:08:42Z,4,,,,,pkg:maven/de.sciss/sonogramoverview_2.11
org.scalameta:munit_sjs1_3.0.0-M3,7,14,Scala,https://github.com/scalameta/munit,https://github.com/scalameta/munit,2021-02-16T21:36:49Z,14,,472,2026-08-18T22:48:13.000Z,false,pkg:maven/org.scalameta/munit_sjs1_3.0.0-M3
org.beangle.commons:beangle-commons-text,7,43,Scala,https://github.com/beangle/commons,https://github.com/beangle/commons,2019-04-10T10:21:24Z,22,,2,2025-08-23T16:09:52.000Z,false,pkg:maven/org.beangle.commons/beangle-commons-text_2.12
com.github.ben-manes.caffeine:jcache,7,31,Java,https://github.com/ben-manes/caffeine,https://github.com/ben-manes/caffeine,2026-05-03T00:53:11Z,102,,17817,2026-08-11T06:49:09.000Z,false,pkg:maven/com.github.ben-manes.caffeine/jcache
net.liftweb:lift-testkit,7,285,Scala,https://github.com/lift/framework,http://www.liftweb.net,2021-10-08T15:03:32Z,126,,1284,2026-07-26T11:58:58.000Z,false,pkg:maven/net.liftweb/lift-testkit_2.11
com.github.sbt:sbt-pgp_2.12_1.0,7,13,,,,,,,,,,
org.geotools:gt-main,7,93,,,,,,,,,,
org.geotools:gt-epsg-hsql,7,33,,,,,,,,,,
net.i2p.crypto:eddsa,7,13,Java,https://github.com/str4d/ed25519-java,https://github.com/str4d/ed25519-java,2018-05-05T21:26:38Z,216,,233,2023-08-12T17:39:42.000Z,false,pkg:maven/net.i2p.crypto/eddsa
org.scalacheck:scalacheck_2.13.0-M1,7,10,Scala,https://github.com/rickynils/scalacheck,http://www.scalacheck.org,2017-04-19T20:34:05Z,12,,1858,2023-03-17T01:15:47.000Z,false,pkg:maven/org.scalacheck/scalacheck_2.13.0-M1
com.pauldijou:jwt-circe,7,9,,https://github.com/pauldijou/jwt-scala,http://pauldijou.fr/jwt-scala/,2021-01-20T12:05:13Z,7,,,,,pkg:maven/com.pauldijou/jwt-circe_2.12
com.martiansoftware:nailgun-server,7,53,Java,https://github.com/martylamb/nailgun,http://martiansoftware.com/nailgun,2012-12-03T01:08:51Z,59,,734,2024-02-15T04:01:05.000Z,true,pkg:maven/com.martiansoftware/nailgun-server
org.scalatest:scalatest_sjs0.6_2.13.0-RC3,7,11,Scala,https://github.com/scalatest/scalatest,http://www.scalatest.org,2019-05-31T08:04:58Z,11,,1167,2026-08-21T10:07:44.000Z,false,pkg:maven/org.scalatest/scalatest_sjs0.6_2.13.0-RC3
org.typelevel:discipline-core_sjs1_3.0.0-RC2,7,10,Scala,https://github.com/typelevel/discipline,https://github.com/typelevel/discipline,2021-03-29T16:07:21Z,10,,336,2026-07-27T16:49:06.000Z,false,pkg:maven/org.typelevel/discipline-core_sjs1_3.0.0-RC2
org.typelevel:cats-laws_sjs1_3.0.0-RC2,7,8,Scala,https://github.com/typelevel/cats,https://github.com/typelevel/cats,2021-04-19T22:32:25Z,8,,5456,2026-08-21T12:13:32.000Z,false,pkg:maven/org.typelevel/cats-laws_sjs1_3.0.0-RC2
org.jline:jline-terminal-jna,7,117,Java,https://github.com/jline/jline3,https://github.com/jline/jline3/jline-terminal-jna,2026-07-22T02:20:13Z,160,,1797,2026-08-27T20:25:36.000Z,false,pkg:maven/org.jline/jline-terminal-jna
org.scala-sbt:compiler-interface,7,107,Scala,https://github.com/sbt/zinc,https://github.com/sbt/zinc,2026-06-29T02:03:46Z,102,,351,2026-08-10T19:31:23.000Z,false,pkg:maven/org.scala-sbt/compiler-interface
io.d11:zhttp,7,29,Scala,https://github.com/dream11/zio-http,https://github.com/dream11/zio-http,2022-06-02T14:36:51Z,21,,614,2023-03-13T19:18:50.000Z,false,pkg:maven/io.d11/zhttp_2.13
com.typesafe.play:play_2.13.0-M5,7,19,Scala,https://github.com/playframework/playframework,https://playframework.com,2019-04-25T21:29:48Z,20,,12621,2026-08-24T21:23:35.000Z,false,pkg:maven/com.typesafe.play/play_2.13.0-M5
eu.timepit:refined_2.13.0-M5,7,10,Scala,https://github.com/fthomas/refined,https://github.com/fthomas/refined,2019-01-18T19:03:53Z,11,,1731,2026-08-21T16:23:41.000Z,false,pkg:maven/eu.timepit/refined_2.13.0-M5
org.portable-scala:sbt-platform-deps_2.12_1.0,7,7,,,,,,,,,,
